stroke_sequence,character,encoding
111125111212511,請,4oTj-g
111125111212521,請,4oTj-g
111125111213511,請,4oTj-g
11112511121353134,謸,4oT+-2pax
111125111213534,諘,4oTj-/w
11112511121533134,謸,4oT+-2pax
1111251112154,試,4oT-vi--
11112511122125121,講,4oT-h-nt
1111251112251,話,4oT/+o
11112511132,訮,4oT-h
11112511132534,誡,4oT-x\h
11112511132543,誡,4oT-x\h
1111251113534251,諮,4oTii9ao
1111251121,訌,4oT--
1111251121121,詿,4oTtt
1111251121124,詩,4oTt-\
111125112121,証,4oT-f2
1111251121211212112,譁,4oTh-lhii
11112511212121341213541154,讛,4oTht8t/9\iid
11112511212121341215341154,讛,4oTht8t/9\iid
11112511212121351213541154,讛,4oTht8t/9\iid
11112511212121351215341154,讛,4oTht8t/9\iid
111125112122511134,謨,4oThbq
1111251121225125132411121,讙,4oThooa2f-
111125112123241112154,護,4oTha2f-4
1111251121251,詰,4oT+-o
1111251121252212511134,讀,4oT+-nhe8
11112511212522125111341111251,讟,4oT+-nhe84o
1111251121253512511134,讀,4oT+-nhe8
11112511212535125111341111251,讟,4oT+-nhe84o
111125112132511,諸,4oT/tb
1111251121325114,諸,4oT/tb
111125112141353134,謸,4oT+-2pax
111125112141533134,謸,4oT+-2pax
11112511214544,誌,4oT+-/v\\
111125112151211251124,譸,4oT+-v---o-\
1111251122111234,謀,4oTh--m
111125112211134,諆,4oTh-8--
111125112211154,諏,4oTr3l4
11112511221122112,譁,4oTh-lhii
1111251122121341213541154,讛,4oTht8t/9\iid
1111251122121341215341154,讛,4oTht8t/9\iid
1111251122121351213541154,讛,4oTht8t/9\iid
1111251122121351215341154,讛,4oTht8t/9\iid
111125112212511121,謹,4oTh-oj-
11112511221251211154444,讌,4oTh-2l7o/\\\
11112511221251211354444,讌,4oTh-2l7o/\\\
11112511221251211534444,讌,4oTh-2l7o/\\\
1111251122125125132411121,讙,4oThooa2f-
111125112213241112154,護,4oTha2f-4
11112511222511134,謨,4oThbq
111125112225125132411121,讙,4oThooa2f-
11112511223241112154,護,4oTha2f-4
1111251122511123511,謿,4oT+b+g
1111251122511123544,謿,4oT+b+g
11112511225125112512511,讍,4oTj-oooo
111125112344,訹,4oTm\
111125112354,訹,4oTm\
1111251124,討,4oT-\
11112511245521,誖,4oT+nz-
1111251125112144544,譓,4oT-bl-\/v\\
11112511251251,語,4oT5o
11112511251251122512511,讍,4oTj-oooo
11112511331234312342121,讈,4oTr/m/mf2
1111251134115,誇,4oTq--v
111125113412,評,4oT-+8
1111251134334,詼,4oTxOq
111125113533434,諑,4oT-e\
1111251135534,誠,4oTrx\v
1111251135543,誠,4oTrx\v
111125114312,評,4oT-+8
1111251151532511,諧,4oT77/b
11112511521251,語,4oT5o
11112511523,訝,4oTv-l/
1111251152511,詣,4oT7b
111125115341534,諓,4oT-x\-x\
1111251153532511,諧,4oT77/b
111125115431543,諓,4oT-x\-x\
1111251155332511,諧,4oT77/b
1111251211212112112,譁,4oTh-lhii
11112512112121341213541154,讛,4oTht8t/9\iid
11112512112121341215341154,讛,4oTht8t/9\iid
11112512112121351213541154,讛,4oTht8t/9\iid
11112512112121351215341154,讛,4oTht8t/9\iid
111125121122511134,謨,4oThbq
1111251211225125132411121,讙,4oThooa2f-
111125121123241112154,護,4oTha2f-4
111125121531512512535121344,讞,4oTfr7-onhlq\
111125121531512512543121344,讞,4oTfr7-onhlq\
111125121531522431,譃,4oTfr7h-
1111251215315225211,譃,4oTfr7h-
111125124,訃,4oTf
111125124345251254311214444,讜,4oTwno4t4
1111251251,訊,4oTv+
111125125111234,課,4oTbm
11112512511134,誤,4oTo-q
1111251251113533,諹,4oTb-9O//
111125125112511125431234,讕,4oTinTmo8
111125125112512531,謱,4oTo-oly
1111251251212511,謂,4oTo+g
11112512512125111344454,讉,4oT\zol-e8
1111251251212511134454,讉,4oT\zol-e8
11112512512125111344554,讉,4oT\zol-e8
1111251251213511,謂,4oTo+g
1111251251213541,謂,4oTo+g
1111251251251,詷,4oTn-o
111125125125113121221113134,讝,4oToo𠪚
11112512512511351221113134,讝,4oToo𠪚
11112512512512511234,譟,4oTooom
11112512515134,誤,4oTo-q
1111251252,訕,4oTlu
11112512522112143112,譯,4oTnht8-+
11112512522112513234,譞,4oTnh--o/w
11112512522112513534,譞,4oTnh--o/w
111125125251,詗,4oTno
111125125342511,誻,4oTl3b
11112513112,許,4oTa+
11112513112251,誥,4oT163o
111125131211,詐,4oTalii
1111251312121211,諈,4oT/+--h
111125131212211,諈,4oT/+--h
11112513121251,誥,4oT163o
1111251312135,詵,4oT163a
11112513121353121352511134,讚,4oT163a163ae8
1111251312211211,諈,4oT/+--h
1111251312251,話,4oT/+o
11112513123453,誘,4oT/mv/
111125131234531,諉,4oT/my
1111251312511121,諥,4oT/+o+t
1111251314314341251,譗,4oTalala-o
11112513211511254,謏,4oTalalh-oiiaa2f-oll3
1111251321151134,諛,4oTr-ca
11112513212154,誕,4oTz\/fv
111125132121554,誕,4oTz\/fv
11112513215,訛,4oTav/
1111251321511254,謏,4oTalalh-oiiaa2f-oll3
111125132151134,諛,4oTr-ca
111125132151135,誽,4oTr-ca
1111251321554,誕,4oTz\/fv
11112513215554,誕,4oTz\/fv
1111251322,訓,4oT/ll
11112513235,訛,4oTav/
111125132411121,誰,4oTa2f-
1111251325111,詯,4oT/e
11112513251113124,謝,4oT/e/-\
11112513253,訛,4oTav/
111125132533414544,謥,4oT/oO/v\/v\\
111125132535414544,謥,4oT/oO/v\/v\\
111125133124,訴,4oTrr\
1111251331251,詬,4oTr-o
11112513344321511,謟,4oT/\\/r-c
1111251334435554444,譌,4oT/\\//vvv/\\\
1111251341121,詮,4oTaj-
1111251341251,詥,4oTa-o
111125134125122,論,4oTa-nh
11112513413425221,謚,4oTh8nh
11112513413533344454,譢,4oT\z8-e
1111251341353334454,譢,4oT\z8-e
11112513413533344554,譢,4oT\z8-e
111125134152,詅,4oTaid
1111251341525221,諡,4oT8-vnh
111125134154,詅,4oTaid
11112513425135,說,4oT8oa
1111251342524312511,譄,4oT8247
111125134333,診,4oTa///
11112513443311252,謡,4oT/\\/a+u
11112513443321511,謟,4oT/\\/r-c
1111251344335554444,譌,4oT/\\//vvv/\\\
11112513445,訡,4oTaiv
111125134454,詅,4oTaid
11112513453,訜,4oT8vi
1111251345325,詤,4oTva-
11112513454,訟,4oT8d
111125135112251,調,4oTnto
111125135121251,調,4oTnto
11112513513341111251,譫,4oT9r84o
11112513513351111251,譫,4oT9r84o
1111251351355,詭,4oT9rvv
111125135254,詖,4oTrlx
111125135321511,諂,4oT9r-c
1111251353452,詾,4oT9Oux
1111251353532511,諧,4oT77/b
11112513541311252,謠,4oT9i\a+u
11112513544311252,謠,4oT9i\a+u
111125141121,註,4oT\j-
111125141251234,諒,4oTiiow
111125141251251112213534,讓,4oTiioo-h-/w
111125141251521,諄,4oTiioz-
1111251413413333,諺,4oTii8r///
1111251413434,詨,4oTii8x
111125141345225214,謧,4oTiiuxnd
11112514134522554,謧,4oTiiuxnd
11112514135,訪,4oT2p
1111251413534251,諮,4oTii9ao
1111251414312511534,識,4oTiihb-x\
1111251414312511543,識,4oTiihb-x\
1111251414313333,諺,4oTii8r///
1111251414345252,諦,4oTii8nnl
11112514153,訪,4oT2p
1111251415325,詤,4oTva-
1111251415334,該,4oTiiv/a
1111251431112,詳,4oTh128
11112514311213121534,議,4oTht/fx\
11112514311213121543,議,4oTht/fx\
1111251431224312511,譜,4oTh4-b
11112514312252112511,譜,4oTh4-b
1111251431234,詸,4oT8m
11112514313425221,謚,4oTh8nh
11112514313533344454,譢,4oT\z8-e
1111251431353334454,譢,4oT\z8-e
11112514313533344554,譢,4oT\z8-e
1111251432524312511,譄,4oT8247
111125143344334,談,4oTqq
11112514334433454,燮,q4oq4
1111251435554444,譌,4oT/\\//vvv/\\\
111125144511234,誴,4oT\n2w
111125144512,詝,4oT\n-l
1111251445125111,諠,4oT\n-b-
1111251445315,詫,4oTin/7
11112514454,這,\z4o
1111251454,這,\z4o
111125145534,詠,4oT\vv\/
11112514554,這,\z4o
1111251511534,詪,4oTc-w
1111251512,訊,4oTv+
111125151251,詞,4oTv-o
111125151325252,誳,4oTc/ulu
111125151352252,誳,4oTc/ulu
1111251515,記,4oTv-v
1111251515515122134,譔,4oTvcvch-8
111125152,訆,4oTvl
1111251521251152,諱,4oTco+v
1111251521342511,諝,4oTvfag
1111251521343511,諝,4oTvfag
1111251521343541,諝,4oTvfag
1111251525,訑,4oTvvl
1111251532511,詣,4oT7b
111125153254,詖,4oTrlx
111125153353334333,謬,4oTcca///
111125153421215342121,譅,4oTvi\vi\f2f2
1111251534215534215,譅,4oTvi\vi\f2f2
11112515344544,認,4oTvi\/v\\
111125153453421212121,譅,4oTvi\vi\f2f2
1111251534534215215,譅,4oTvi\vi\f2f2
1111251535332511,諧,4oT77/b
111125154154134333,謬,4oTcca///
111125154251,詒,4oTdo
1111251543341251431,證,4oTv\//\-oh
1111251544331251431,證,4oTv\//\-oh
111125155122511134,謴,4oTvv+e8
111125155212511134,謴,4oTvv+e8
1111251554234554234251214,蠻,vd3T4oT⿽vdwod
11112515542345542343134,變,vd3T4oT⿽vdwax
111125155423455423434112431,鑾,vd3T4oT⿽vdwajh
1111251554444554444251214,蠻,vd3T4oT⿽vdwod
11112515544445544443134,變,vd3T4oT⿽vdwax
111125155444455444434112431,鑾,vd3T4oT⿽vdwajh
1112,丰,iiil
11121112511,彗,iiiliiil⿼c-
111211125114544,慧,iiiliiil⿼c-/v\\
111213251,砉,iiilro
111215,匡,cOj-
11121552,邼,cOj-zl
111215552,邼,cOj-zl
1112341122125121,耩,2m-h-nt
1112341132,耕,2m-h
1112341154,耘,2miid
1112341224553,耢,2mhnv/
1112341311534124,耨,2mr2w-\
111234132511454544354,耰,2mrgn/v\\9\
11123423425251,耥,2mwno
1112342343,耖,2ml8 or /l\/
11123424325251,耥,2mwno
1112342511153,耡,2mg-v/
111234251125214,耦,2mbnd
11123425112554,耦,2mbnd
11123425151,耜,2mlcc
1112343115,耗,2m/-7
1112344131234123413251,耱,2m\rmmro
1112344131235123513251,耱,2m\rmmro
1112344143454135,耪,2mii8n2p
1112344143454153,耪,2mii8n2p
111234431234531,耧,2m8my
111234433443344553,耮,2mqqnv/
11123451251,耜,2mlcc
1112345215,耙,2mvcl
1112355215,艳,iiil9v2v
111253134,契,iiilviq
111253212134341343452,齧,iiilvif2auT
111253454,贰,-viiie8
1112534544,恝,iiilvi/v\\
111253554234,絜,iiilvi⿽vdw
1113124,寿,iii/-\
11131244444,焘,iii/-\/\\\
11132515215,邫,iiilov2v
11134112,奉,iii/\128
111341134,奏,iii/\-q
1113424134,泰,iii/\l3
111342511,春,iii/\b
111342511251214251214,蠢,iii/\bodod
1113431234,秦,iii/\/m
111343134,奏,iii/\-q
11134321511,舂,iii/\r-c
111352,邦,iiilzl
111352252,帮,iiilzlnl
1113552,邦,iiilzl
1113552252,帮,iiilzlnl
112111211515,琵,j-j-77
112111211535,琵,j-j-77
112111211553,琵,j-j-77
112111213415,琴,j-j-aiv
112111213445,琴,j-j-aiv
112111213535,琵,j-j-77
112111214,珏,j--t\
1121112145443,瑟,j-j-/v\\/
112111215215,琶,j-j-vcl
112111215353,琵,j-j-77
11211135,玩,j---a
11211152,玮,j-iivl
1121121225134,瑛,j-hnq
1121122111,珥,j-r3l
112112211134,琪,j-h-8--
1121122112512134,璜,j-h-nt8
112112212511121,瑾,j-h-oj-
112112212512134,璜,j-h-nt8
1121122134,珙,j-h-8
112112225134,瑛,j-hnq
1121122513511,瑚,j-+og
1121122513541,瑚,j-+og
112112341234,琳,j-mm
11211241344,球,j--l3\
11211241352211515,麉,-+-+\r477
11211241352211535,麉,-+-+\r477
11211241352211553,麉,-+-+\r477
11211241352213535,麉,-+-+\r477
11211241352215353,麉,-+-+\r477
112112512,珂,j--lo
1121132,弄,j-h
11211324,环,j-rl\
1121132511134,頊,j-re8
1121132534,顼,j-re8
112113412512,琦,j-q-lo
112113533434,琢,j--e\
112113534,珑,j-k2
11211512454,琏,j-\z-v+
1121152352,琊,j-v-l/zl
11211523552,琊,j-v-l/zl
1121154325,琉,j-ii228
1121211225134,瑛,j-hnq
112121251,玷,j-fo
11212132515,匿,-vhxOo
112121325154544,慝,-vhxOo/v\\
11212135454431234,璨,j--9i48m
11212153151353334,璩,j-fr7-e
112121531535,琥,j-fr7a
1121215435451,鹉,⿽-vi-f2niv-
1121224314311134,璞,j-4-hiia
11212432534,琐,j-we8
11212511,青,j-g
112125111515,琨,j-b77
1121251115154,瑕,j-lc--c4
112125111535,琨,j-b77
112125111553,琨,j-b77
1121251125111,瑁,j-be
112125112535,靓,j-gna
1121251132511154444,鶄,j-gniv-T
1121251133445112,靜,j-g/\\/c-
1121251134435112,靜,j-g/\\/c-
112125113535,琨,j-b77
1121251135451,䴖,j-gniv-
11212511355112,静,j-g9c-l
1121251144512134,靛,j-g\n-fa
112125115353,琨,j-b77
11212512121354251,璐,j-of29\o
1121251215354251,璐,j-of29\o
112125122,珊,j-nn-
1121252132511154444,鶄,j-gniv-T
1121252132522,瑞,j-lurnll
1121252133445112,靜,j-g/\\/c-
1121252134435112,靜,j-g/\\/c-
1121252144512134,靛,j-g\n-fa
112125221,珊,j-nn-
112125232411121,璀,j-lua2f-
11212534,责,j-e8
112125342534531,璎,j-e8e8y
11212535,现,j-na
1121311234,珠,j-/im
11213121353121352534,瓒,j-163a163ae8
11213134,玫,j-ax
112132154,玳,j-a-vi
112132511,珀,j-/b
11213251113251,碧,j-/bro
112132511154444,鳿,j-niv-T
1121325113554,瑰,j-/o+ad
11213251213554,瑰,j-/o+ad
112132533414544,璁,j-/oO/v\/v\\
112132534,顸,-+re8
112132535414544,璁,j-/oO/v\/v\\
1121332112,珩,j-/a--l
1121334411354,瑗,j-/\\/-xO4
1121341251122,瑜,j-a-gll
1121341251155,瑜,j-a-gll
1121341254455,瑜,j-a-gll
1121341351122,瑜,j-a-gll
1121341351155,瑜,j-a-gll
1121341354455,瑜,j-a-gll
112134152,玲,j-aid
1121341534,珧,j-a88
112134154,玲,j-aid
112134333,珍,j-a///
1121344311354,瑗,j-/\\/-xO4
11213443311252,瑶,j-/\\/a+u
11213443451354,瑷,j-/\\/nxO4
112134454,玲,j-aid
11213453,玢,j-8vi
112135,玑,j-/v
112135112535,靓,j-gna
1121351132511154444,鶄,j-gniv-T
1121351133445112,靜,j-g/\\/c-
1121351134435112,靜,j-g/\\/c-
1121351135451,䴖,j-gniv-
11213511355112,静,j-g9c-l
1121351144512134,靛,j-g\n-fa
112135254,玻,j-rlx
1121353134,敖,+-2pax
11213531341211254444,驁,+-2paxvv-T
1121353134122111,聱,+-2paxr3l
11213531341344,獒,+-2paxq\
11213531342111254444,驁,+-2paxvv-T
11213531342511134,贅,+-2paxe8
11213531342511251211511,鼇,+-2paxorvT
11213531342511521211511,鼇,+-2paxorvT
1121353134251214,螯,+-2paxod
11213531342534,赘,+-2paxe8
112135313434112431,鏊,+-2paxajh
112135313435251211,鳌,+-2pax9u-
112135313435251214444,鰲,+-2pax9u-T
11213531344444,熬,+-2pax/\\\
11213531344454,遨,\z+-2pax
1121353134454,遨,\z+-2pax
11213531344554,遨,\z+-2pax
1121353134551,骜,+-2paxvv-
112135351,珊,j-nn-
11213541134,麸,j-9\iia
1121354251,珞,j-9\o
112135435431234,麹,j-9\9O8m or j-9\9O8m
112141251234,琼,j-iiow
11214134,玟,j-iix
112141341121,斑,j-iixj-
112141345225214,璃,j-iiuxnd
11214134522554,璃,j-iiuxnd
11214135112251,瑭,j-\rc+o
112141353152134,璇,j-2pavfa
112141431251112,璋,j-iihb+
112141533152134,璇,j-2pavfa
11214154325,琉,j-ii228
1121431121,班,j-llj-
112143344334,琰,j-qq
112144511234,琮,j-\n2w
112144535455,琬,j-\n9ivv
11214454,迋,\zj-
11214511534,琅,j-\c-w
1121451512,珲,j-n-v+
112145341234,琛,j-nam
112145351234,琛,j-nam
1121454,迋,\zj-
11214554,迋,\zj-
1121512115154,瑕,j-lc--c4
112151312251,琚,j-c/+o
112151515,珉,j-vc-v
112153254,玻,j-rlx
1121533134,敖,+-2pax
11215331341211254444,驁,+-2paxvv-T
1121533134122111,聱,+-2paxr3l
11215331341344,獒,+-2paxq\
11215331342111254444,驁,+-2paxvv-T
11215331342511134,贅,+-2paxe8
11215331342511251211511,鼇,+-2paxorvT
11215331342511521211511,鼇,+-2paxorvT
1121533134251214,螯,+-2paxod
11215331342534,赘,+-2paxe8
112153313434112431,鏊,+-2paxajh
112153313435251211,鳌,+-2pax9u-
112153313435251214444,鰲,+-2pax9u-T
11215331344444,熬,+-2pax/\\\
11215331344454,遨,\z+-2pax
1121533134454,遨,\z+-2pax
11215331344554,遨,\z+-2pax
1121533134551,骜,+-2paxvv-
1121551,玛,j-vv-
11215513,毒,j-vv3
112155132511112343554234,纛,j-vv3n-iiiw/⿽vdw
112155132511152343554234,纛,j-vv3n-iiiw/⿽vdw
11215531,毒,j-vv3
112155312511112343554234,纛,j-vv3n-iiiw/⿽vdw
112155312511152343554234,纛,j-vv3n-iiiw/⿽vdw
1121554,武,⿽-vi-f2
112155414,毒,j-vv3
1121554142511112343554234,纛,j-vv3n-iiiw/⿽vdw
1121554142511152343554234,纛,j-vv3n-iiiw/⿽vdw
1121554234,素,j-⿽vdw
112155435451,鹉,⿽-vi-f2niv-
112155441,毒,j-vv3
1121554412511112343554234,纛,j-vv3n-iiiw/⿽vdw
1121554412511152343554234,纛,j-vv3n-iiiw/⿽vdw
11221251212511135,覯,-h-ntea
11221251212535,觏,-h-ntna
11221251214454,遘,\z-h-nt
1122125121454,遘,\z-h-nt
11221251214554,遘,\z-h-nt
1122132515,匿,-vhxOo
11221325154544,慝,-vhxOo/v\\
11222,刊,-+ll
112251,舌,/+o
11225111342344,舔,/+o-q/v\\\
11225112211,甜,/+oh--
11225122,刮,/+oll
1122513134,敌,/+oax
11225131342344,舔,/+o-q/v\\\
1122513251114544,憩,/+o/e/v\\
11225132511154444,鴰,/+oniv-T
1122513515,舐,/+orx
1122514143112,辞,/+oiih+
1122514454,适,\z/+o
112251454,适,\z/+o
1122514554,适,\z/+o
1122515,乱,/+ov
112321511,臿,/+r-c
1123215113534,歃,/+r-c9a
11234111253134,禊,2wiiilviq
11234121,社,2wt
112341211254444,禡,2wvv-T
11234121251,祮,2w+-o
11234121251431251,禧,2w+-oho
112341212554554,禌,2wh226
1123412132511,禇,2w/tb
11234121325114,禇,2w/tb
1123412134354,祾,2wt89\
1123412135354,祾,2wt89\
1123412151211251124,禱,2w+-v---o-\
1123412154,祛,2wtd
11234122111234,禖,2wh--m
1123412211134,祺,2wh-8--
1123412211134121,禥,2wh-8--t
1123412251,祜,2w+o
1123412251111,禃,2w+n-iii
112341225111134,禛,2w+n-iii8
1123412251115,禃,2w+n-iii
112341251124124,禣,2w+\g-\
11234125125121,福,2w-oo+
11234125221121,禋,2w-4t
11234125221251112,禫,2w-4b+
11234125351121,禋,2w-4t
112341311534,祳,2wr2w
1123413251111,禃,2w+n-iii
112341325111134,禛,2w+n-iii8
1123413251115,禃,2w+n-iii
1123413344,祓,2wxO4\
1123413425234343434,禰,2w-8nlxxxx
1123413544,祓,2wxO4\
11234135534253434,膥,imrx\vg
11234135543253434,膥,imrx\vg
112341525111534,禛,2w+n-iii8
112342111254444,禡,2wvv-T
112342112554554,禌,2wh226
112342121,祉,2wf2
11234212511134,禎,2wfe8
1123425111,祖,2wg-
11234251112134,禔,2wb-fa
11234251112134132511134,禵,2wb-fare8
1123425111234,祼,2wbm
112342511134,祦,2w𠃑qo
1123425112,神,2wbl
11234251125214,禑,2wbnd
1123425112554,禑,2wbnd
112342511533533,禢,2wbcc
112342511541541,禢,2wbcc
1123425121122134,禩,2wo+h-8
112342512211251431,禮,2wbll-oh
1123425122511,祻,2woO+o
11234251225251,禍,2wnvno
11234251251251112,禪,2woob+
112342515134,祦,2w𠃑qo
11234252125251,禍,2wnvno
1123425221533533,禤,2wnhcc
1123425221541541,禤,2wnhcc
1123425525251,禍,2wnvno
112343112251,祰,2w163o
11234311253134,禊,2wiiilviq
1123431211,祚,2walii
112343121251,祰,2w163o
112343134,祅,2w/q
112343134132511121,釐,𠩺o+t
11234313413531,嫠,𠩺y
1123432124,祔,2wa-\
1123432511312,禆,2w/b/+
112343312,祈,2wrr
112343321531535,禠,2wrfr7a
11234333253134,禊,2wiiilviq
11234334411354,禐,2w/\\/-xO4
11234341251,祫,2wa-o
112343412524312511,禬,2wa-247
112343413533344454,禭,2w\z8-e
11234341353334454,禭,2w\z8-e
112343413533344554,禭,2w\z8-e
11234341534,祧,2wa88
11234344311354,禐,2w/\\/-xO4
1123435,礽,2wv/
11234351355,祪,2w9rvv
112343515,祇,2wrx
1123435151,祗,2wrx\
1123435154,祗,2wrx\
1123435234,祢,2w9w
112343525111534,禛,2w+n-iii8
1123435311252,祹,2w9Oa+u
112343554,祋,2w9x
1123441251251112213534,禳,2wiioo-h-/w
112344125125251,禞,2wiiono
11234414345252,禘,2wii8nnl
11234431112,祥,2wh128
112344313533344454,禭,2w\z8-e
11234431353334454,禭,2w\z8-e
112344313533344554,禭,2w\z8-e
11234431554554,禌,2wh226
112344351523,祶,2w8cvl/
1123445443,祕,2w/v\\/
112345,礼,2wv
112345114554,祲,2wc-n4
1123451251,祠,2wv-o
11234515,祀,2wvc
1123452,祁,2wzl
11234525,祂,2wvvl
1123453,礽,2wv/
112345325111534,禛,2w+n-iii8
11234533533,祤,2wcc
11234541541,祤,2wcc
1123455124134,祿,2wvv-l3
11234552,祁,2wzl
11251113454,貮,⿽-vi-e8
11311222121,型,-hllt
113112333,形,-h///
11311241352211515,麉,-+-+\r477
11311241352211535,麉,-+-+\r477
11311241352211553,麉,-+-+\r477
11311241352213535,麉,-+-+\r477
11311241352215353,麉,-+-+\r477
113222121,型,-hllt
1132333,形,-h///
113252,邢,-hzl
1132534,戒,-x\h
1132543,戒,-x\h
1132552,邢,-hzl
113411341251112,輦,iiaiia-v+T
113411341512,辇,iiaiia-v+
113411342511,替,iiaiiab
11342344,忝,-q/v\\\
1134251,吞,-qo
11342511135,規,iiaea
1134251214,蚕,-qod
11342535,规,iiana
113425351251254312,鬶,iiana-onhl
1135132534,顽,--are8
11352511251211511,黿,--aorvT
11352511521211511,黿,--aorvT
113525125115,鼋,--aobv
11353412154,瓷,ii9a-vv\
1135341554,瓷,ii9a-vv\
113534251,咨,ii9ao
1135342511134,資,ii9ae8
11353431234,秶,ii9a/m
113534341511534,餈,ii9aaicw
113534344511534,餈,ii9aaicw
113534431234,粢,ii9a8m
1135344544,恣,ii9a/v\\
113534531,姿,ii9ay
113543,戎,-x\xO
1135454,远,\z--a
11512355,匦,cO-v+/9
11512535,匦,cO-v+/9
11513251225,匾,cOic/nh
1152,韦,iivl
115213544,韨,iivlxO4\
11521355,匦,cO-v+/9
11521535,匦,cO-v+/9
1152251125221,韫,iivlbnh
11523344321511,韬,iivl/\\/r-c
11523443321511,韬,iivl/\\/r-c
1152454,违,\ziivl
1152534,韧,iivlvi\
11534,戋,-x\-
1153425221,盏,-x\-nh
11543,戋,-x\-
1154325221,盏,-x\-nh
11544454,运,\ziid
11544554,运,\ziid
115453,动,iidv/
121111341134,揍,jiii/\-q
121111343134,揍,jiii/\-q
1211121115,匪,cO3ll3
121112154,拭,j-vi--
121112251,括,j/+o
121112343534,款,+-2w9a
1211134,扶,jiia
121113411341512,撵,jiiaiia-v+
12111342344,掭,j-q/v\\\
12111534,長,l-iiiv\/
121115431134,镻,liii-d/iia
1211154333121251,髻,r3d3+-o
12111543331213152511,鬐,r3d3/t7b
12111543331213352511,鬐,r3d3/t7b
12111543331213532511,鬐,r3d3/t7b
12111543331234,髤,r3d3m
121115433312343454,鬆,r3d3m8d
121115433313344,髮,r3d3xO4\
1211154333135,髡,r3d3-a
12111543331354,髪,r3d3xO4
121115433313544,髮,r3d3xO4\
1211154333212115,髭,r3d3f27
1211154333212135,髭,r3d3f27
1211154333212153,髭,r3d3f27
121115433321515,髭,r3d3f27
121115433321535,髭,r3d3f27
121115433321553,髭,r3d3f27
12111543332511,髥,r3d3nii
121115433325112522154,鬘,r3d3bnh4
121115433325113533,鬄,r3d3b9O//
121115433325121,髯,r3d3nt
12111543332522112513234,鬟,r3d3nh--o/w
12111543332522112513534,鬟,r3d3nh--o/w
12111543333115,髦,r3d3/-7
1211154333312344334,鬏,r3d3/mq
12111543333212134,鬂,r3d3rr-8
1211154333321234,髹,r3d3am
12111543333315112234,鬑,r3d3hch8
1211154333333132511134,鬚,r3d3///re8
121115433334113455,鬈,r3d38iiavv
1211154333342524312511,鬙,r3d38247
12111543333434121,髽,r3d3taa
1211154333345234354,鬉,r3d3ux89\
1211154333345235354,鬉,r3d3ux89\
121115433335113511,鬅,r3d3gg
121115433335254,髲,r3d3rlx
12111543333541112,髼,r3d39\iiil
121115433335443544,鬅,r3d3gg
12111543334135,髣,r3d32p
12111543334153,髣,r3d32p
121115433343113455,鬈,r3d38iiavv
1211154333431251122,鬋,r3d3hgll
1211154333431254422,鬋,r3d3hgll
1211154333431351122,鬋,r3d3hgll
1211154333431354422,鬋,r3d3hgll
12111543334315112234,鬑,r3d3hch8
1211154333432524312511,鬙,r3d38247
12111543334351523,鬀,r3d38cvl/
12111543334412343,髿,r3d3iiil8 or /l\/
121115433344511234,鬃,r3d3\n2w
121115433344512332511134,鬢,r3d3\n-/l/e8
12111543334453212134,鬓,r3d3\nrr-8
12111543334535,髧,r3d3n/v
121115433351532,髴,r3d3/lcv
121115433353251,髫,r3d3vio
121115433353254,髲,r3d3rlx
121115433354523,髳,r3d3dz/
121115433354545434333,鬖,r3d3ddda///
1211154511112,肆,liii-dc-f
1211211211354454,遶,\zttt-a
121121121135454,遶,\zttt-a
1211211211354554,遶,\zttt-a
121121121135533533,翹,ttt-acc
121121121135541541,翹,ttt-acc
121121225121,描,jho+
1211212341234,搽,jham
12112124,卦,ttf
121121251,拮,j+-o
121121251132534,撷,j+-ore8
12112132515,匿,-vhxOo
121121325154544,慝,-vhxOo/v\\
1211214544,恚,tt/v\\
12112152,邽,ttzl
121121552,邽,ttzl
121122111343312,撕,jh-8--rr
12112211152,揶,jr3lzl
1211221115454,摄,jr3l44
121122111552,揶,jr3lzl
12112212511,措,jh-b
121122125113134,撒,jh-gax
121122135113134,撒,jh-gax
121122135413134,撒,jh-gax
12112225121,描,jho+
121122341234,搽,jham
1211225111234112,擀,j+b+a-+
121123425111,揸,jmb-
12112431252511,墙,tt8oOo
121124454,挝,j\z-\
12112452,邿,t-\zl
121124552,邿,t-\zl
12112511,拒,j--c
121125111,垣,t-b-
1211251112534,載,⿽-x\+-v+T
1211251112543,載,⿽-x\+-v+T
1211251251,捂,j5o
1211252111125121,擂,j-nl4o+
121125221121,堙,t-4t
1211252413425121,擂,j-nl4o+
1211252444425121,擂,j-nl4o+
121125351121,堙,t-4t
1211253511534,酨,⿽-x\+-4-
1211253511543,酨,⿽-x\+-4-
1211254,技,j+4
1211254444113534,駥,vv-T-x\xO
1211254444113543,駥,vv-T-x\xO
1211254444121211212112,驊,vv-Th-lhii
1211254444121225125132411121,驩,vv-Thooa2f-
12112544441212511121534,驖,vv-T⿽-x\+oj-
12112544441212511121543,驖,vv-T⿽-x\+oj-
12112544441212513121534,驖,vv-T⿽-x\+oj-
12112544441212513121543,驖,vv-T⿽-x\+oj-
1211254444121525125121,驑,vv-T-cO/lco+
121125444412211154323334,驟,vv-Tr3l4a//\/
121125444412211154323434,驟,vv-Tr3l4a//\/
12112544441221122112,驊,vv-Th-lhii
1211254444122125125132411121,驩,vv-Thooa2f-
121125444412225125132411121,驩,vv-Thooa2f-
12112544441251234,駷,vv-Tmo
121125444412512512515,驅,vv-TcOooo
121125444412521111123425111,驦,vv-T-nl4me
121125444412524134123425111,驦,vv-T-nl4me
121125444412524444123425111,驦,vv-T-nl4me
12112544441315251,駵,vv-T-cO/lc
1211254444131525125121,驑,vv-T-cO/lco+
121125444413412512,騎,vv-Tq-lo
121125444413434343434,騻,vv-Tqxxxx
12112544441353334,駹,vv-Tk\///
12112544441354333,駹,vv-Tk\///
121125444414521111123425111,驦,vv-T-nl4me
121125444414524134123425111,驦,vv-T-nl4me
121125444414524444123425111,驦,vv-T-nl4me
12112544441513,馿,vv-T\c/
1211254444151325122,騙,vv-Tic/nh
12112544442111525121122134,驥,vv-T2l7o+h-8
1211254444211212112112,驊,vv-Th-lhii
1211254444211225125132411121,驩,vv-Thooa2f-
12112544442113525121122134,驥,vv-T2l7o+h-8
12112544442115325121122134,驥,vv-T2l7o+h-8
12112544442153152512125221,驢,vv-Tfr7o+nh
1211254444251112134,騠,vv-Tb-fa
121125444425111234,騍,vv-Tbm
1211254444251135345,騔,vv-Tb9Ova
12112544442512115,騁,vv-Tnt-v
121125444425121554234,騾,vv-To+⿽vdw
1211254444251225251,騧,vv-Tnvno
1211254444251341,駰,vv-ToOq
1211254444252125251,騧,vv-Tnvno
12112544442522112143112,驛,vv-Tnht8-+
121125444425251,駉,vv-Tno
121125444425525251,騧,vv-Tnvno
1211254444313425125251,驕,vv-T/qono
121125444431525,駞,vv-Tavvl
12112544443212154,駳,vv-Tz\/fv
121125444432121554,駳,vv-Tz\/fv
1211254444321554,駳,vv-Tz\/fv
12112544443215554,駳,vv-Tz\/fv
1211254444322,馴,vv-T/ll
121125444432533414544,驄,vv-T/oO/v\/v\\
121125444432535414544,驄,vv-T/oO/v\/v\\
12112544443351,馿,vv-T\c/
1211254444335125122,騙,vv-Tic/nh
121125444434112251,騇,vv-Ta-+o
12112544443412512513434,驗,vv-Ta-ooaa
1211254444341534,駣,vv-Ta88
1211254444345234354,騣,vv-Tux89\
1211254444345235354,騣,vv-Tux89\
1211254444352511,駨,vv-T9Ob
121125444441121,駐,vv-T\j-
12112544444125251125111,驙,vv-TiioOob-
1211254444413434,駮,vv-Tii8x
121125444441352211515,騼,vv-T\r477
121125444441352211535,騼,vv-T\r477
121125444441352211553,騼,vv-T\r477
121125444441352213535,騼,vv-T\r477
121125444441352215353,騼,vv-T\r477
121125444441431251112,騿,vv-Tiihb+
1211254444431234354152,驎,vv-T8m9i+v
121125444444535,駝,vv-T\n7
121125444444553,駝,vv-T\n7
12112544444513,馿,vv-T\c/
1211254444451325122,騙,vv-Tic/nh
121125444445443,駜,vv-T/v\\/
121125444451112321521512,驌,vv-Tc+kk-
12112544445111235521512,驌,vv-Tc+kk-
12112544445112321521512,驌,vv-Tc+kk-
1211254444511235521512,驌,vv-Tc+kk-
121125444451124134,騄,vv-T⿼c-l3
12112544445114554,駸,vv-Tc-n4
12112544445135251,駶,vv-Tc/vo
1211254444525,馳,vv-Tvvl
121125444453251,駋,vv-Tvio
121125444453353332511,騽,vv-Tcc/b
1211254444534332534,騛,vv-Tv2T
1211254444534335342,騛,vv-Tv2T
121125444454154132511,騽,vv-Tcc/b
12112544445431134,騃,vv-Tdaq
12112544445435,馻,vv-Tda
1211254444544251214,騷,vv-T\4\od
12112544445444251214,騷,vv-T\4\od
121125444454545434333,驂,vv-Tddda///
121125444455124134,騄,vv-T⿼c-l3
1211311534,振,jr2w
121132511134,項,--re8
121132534,项,--re8
1211332511234,塬,tr/bw
12113411234,捺,jq2w
1211353,坜,trv/
121135434112431,鋬,jr4ajh
1211355,扼,jrvv
121135534,城,trx\v
121135543,城,trx\v
121143134,挟,jqh
1211452111125121,擂,j-nl4o+
1211452413425121,擂,j-nl4o+
1211452444425121,擂,j-nl4o+
12115,巧,---v
12115112134,捷,j-c-fa
1211512534,载,⿽-x\+-v+
1211512543,载,⿽-x\+-v+
1211513,护,j\c/
12115131344,捩,jic/q\
12115132511,掮,jic/g
12115133511,掮,jic/g
12115133541,掮,jic/g
1211521251,捂,j5o
1211521534,载,⿽-x\+-v+
1211521543,载,⿽-x\+-v+
121152511,指,j7b
121153135,挠,j/-v-a
1211534,找,j-x\
12115425113134,撤,jiidgax
1211543,找,j-x\
12115435113134,撤,jiidgax
12115435413134,撤,jiidgax
12115534,拣,jv-v8
12121,正,-f2
1212111125112132511,藷,h4oT/tb
12121111251121325114,藷,h4oT/tb
121211112513554,蔎,h4oT9x
12121112111,排,j3ll3
121211123412212511,藉,h2mh-b
1212111234251125214,藕,h2mbnd
121211123425112554,藕,h2mbnd
1212111253134,葜,hiiilviq
12121113431234,蓁,hiii/\/m
121211212112,華,h-lhii
121211212511,菁,hj-g
121211212521,菁,hj-g
121211213511,菁,hj-g
121211225121,描,jho+
12121123411234,蒜,h2w2w
1212112341234,搽,jham
121211254444,焉,-f2v-/\\\
12121125444452,鄢,-f2v-/\\\zl
121211254444552,鄢,-f2v-/\\\zl
12121134,芙,hiia
12121135342511134,薋,hii9ae8
12121154,芸,hiid
12121154444,焉,-f2v-/\\\
1212115444452,鄢,-f2v-/\\\zl
12121154444552,鄢,-f2v-/\\\zl
12121211154122134,蕻,hliii-dh-8
12121211154511112,蕼,hliii-dc-f
1212121121121135,蕘,httt-a
1212121121124,葑,htt-\
121212113344,菝,hjxO4\
121212113544,菝,hjxO4\
121212115112134,蓵,hj-c-fa
1212121211254444,蔫,h-f2v-/\\\
121212121154444,蔫,h-f2v-/\\\
12121212122511134,蕡,h+he8
1212121212514311254,鼖,+h+-oh+4
1212121222511134,蕡,h+he8
121212125132344454,薳,h\zto/w
12121212513234454,薳,h\zto/w
121212125132344554,薳,h\zto/w
121212125135344454,薳,h\zto/w
12121212513534454,薳,h\zto/w
121212125135344554,薳,h\zto/w
121212125145154121,薹,h+-on-dt
1212121252212511134,藚,h+-nhe8
1212121253512511134,藚,h+-nhe8
1212121254,茿,h--/v\
1212121315,荖,h/t7
12121213152511,蓍,h/t7b
121212132411121,蓷,hja2f-
121212132511,著,h/tb
1212121325114,著,h/tb
1212121335,荖,h/t7
12121213352511,蓍,h/t7b
121212134121354,蓺,ht8t/9\
1212121341213541154,藝,ht8t/9\iid
121212134121534,蓺,ht8t/9\
1212121341215341154,藝,ht8t/9\iid
121212134354,菱,ht89\
121212135121354,蓺,ht8t/9\
1212121351213541154,藝,ht8t/9\iid
121212135121534,蓺,ht8t/9\
1212121351215341154,藝,ht8t/9\iid
1212121353,荖,h/t7
12121213532511,蓍,h/t7b
121212135354,菱,ht89\
121212135515,菢,hj9Ovc
12121215425221,蓋,htdnh
121212211,苷,hh--
1212122111,茸,hr3l
121212211134,萁,hh-8--
1212122111345,葚,hh---v8
1212122111355,葚,hh---v8
121212211154,菆,hr3l4
121212212511121,蓳,hh-oj-
1212122151234,葉,hh-vm
121212251,苦,h+o
1212122511134,賁,+he8
1212122511134533533,翸,+he8cc
1212122511134541541,翸,+he8cc
12121225125,茝,hcOlol
12121225125112512511,蘁,hj-oooo
1212122513511,葫,h+og
1212122513541,葫,h+og
121212341,苯,hm-
12121234121121,蓕,hmtt
1212123425111,葙,hme
12121234324111214444,藮,hma2f-/\\\
121212343312,菥,hmrr
12121234341,莁,h--aa
12121234341252511,薔,htaaoOo
121212343434,萊,hmaa
121212343454,菘,hm8d
1212123444454,蒁,h\zm\
121212344454,蒁,h\zm\
1212123444554,蒁,h\zm\
1212123544454,蒁,h\zm\
121212354454,蒁,h\zm\
1212123544554,蒁,h\zm\
12121245521,荸,h+nz-
121212511,苣,h--c
121212511124454,蓮,h\z-v+T
12121251112454,蓮,h\z-v+T
121212511124554,蓮,h\z-v+T
121212511214124,蓴,h-bl-\-\
1212125112144544,蕙,h-bl-\/v\\
121212511234,菄,hmb
12121251124,莆,h+\g
121212512,苛,h-lo
12121251211251211,薑,h-o+-o+-
121212512212511,蓸,h-bllb
121212512343534,蔌,hmo9a
1212125123435344454,藗,h\zmo9a
121212512343534454,藗,h\zmo9a
1212125123435344554,藗,h\zmo9a
12121251251122512511,蘁,hj-oooo
1212125125121,葍,h-oo+
121212512531125221,藍,hrlc2a\nh
121212512531425221,藍,hrlc2a\nh
121212512554,菣,hrlc24
1212125125542511134,藖,hrlc24e8
12121251431,荳,h-oh
121212521111132522,薷,h-nl4rnll
12121252111125121,蕾,h-nl4o+
1212125221251112,蕈,h-4b+
121212523211511134,藇,hr2c-8v-l
121212523422,莿,hmnll
12121252343134,蓛,hmnax
121212524134132522,薷,h-nl4rnll
12121252413425121,蕾,h-nl4o+
121212524444132522,薷,h-nl4rnll
12121252444425121,蕾,h-nl4o+
121212533211511134,藇,hr2c-8v-l
1212125351,茜,h-4
12121253511,莤,h-4-
12121253511324111214444,蘸,h-4-a2f-/\\\
12121254,芰,h+4
12121311534124,蓐,hr2w-\
1212131251534,葴,hrx\-o
1212131251543,葴,hrx\-o
121213134,政,-f2ax
1212131531534,葳,hrx\-y
1212131531543,葳,hrx\-y
1212132121,茬,hxOlt
12121321251534,蒧,hrx\fo
12121321251543,蒧,hrx\fo
121213241,苤,hrl\-
121213251,若,hxOo
1212132511325113251,藞,hrororo
121213251251214251214,蠚,hxOoodod
1212132514544,惹,hxOo/v\\
1212132521,荐,hxOlz-
12121331234312342121,藶,hr/m/mf2
121213344,茇,hxO4\
1212134112,赶,tfa-+
121213411234,萘,hq2w
1212134113534,趑,tfaii9a
1212134113534251,趦,tfaii9ao
121213412,苹,h-+8
1212134121121121135,趬,tfattt-a
1212134121312,莾,hq+h
121213412132,莾,hq+h
121213412211154,趣,tfar3l4
1212134122112512134,趪,tfah--nt8
121213412212512134,趪,tfah--nt8
121213413425234343434,趰,tfa-8nlxxxx
1212134135422,趔,tfa-9ill
121213415534,越,tfav-x\
121213415543,越,tfav-x\
12121342342511,趙,tfawg
121213423425251,趟,tfawno
12121342343511,趙,tfawg
12121342343541,趙,tfawg
121213424,赴,tfaf
12121342432511,趙,tfawg
121213424325251,趟,tfawno
12121342433511,趙,tfawg
12121342433541,趙,tfawg
12121342511112,趕,tfab-+
1212134251112134,趧,tfab-fa
121213425115,菴,hqbv
121213425121122134,趩,tfao+h-8
12121342512512511234,趮,tfaooom
121213425234343434,薾,h-8nlxxxx
12121343121353121352534,趱,tfa163a163ae8
1212134315233534,蕨,hrhul9a
121213432411121,趡,tfaa2f-
1212134341253511,趥,tfa8-4-
121213434154544,趝,tfaaiv/v\\
121213434333,趁,tfaa///
12121343434,莢,hqaa
121213434454544,趝,tfaaiv/v\\
12121343511,赹,tfa9Oii
12121343541,赹,tfa9Oii
121213435511,趋,tfa9⿼c-
12121343552335523,趨,tfa9Oul9Oul
121213441312,莽,hq\h
12121344132,莽,hq\h
1212134413534,趑,tfaii9a
1212134413534251,趦,tfaii9ao
1212134425221,葢,hq\nh
1212134431253511,趥,tfa8-4-
121213444513251,趤,tfa\nro
12121345134,赽,tfavq
1212134515,起,tfavc
121213452,赳,tfavl
121213453,赲,tfav/
121213453251,超,tfavio
121213453353332411121,趯,tfacca2f-
121213454154132411121,趯,tfacca2f-
121213513125125534,藏,hk-x\rlc2
121213513125125543,藏,hk-x\rlc2
1212135333431121,蕤,h-eat
121213534,茂,hrx\
12121354,苃,hxO4
1212135415132,葬,h-9i7h
12121354211121111,薤,h-9i3ll3-
1212135422,茢,h-9ill
121213543,茂,hrx\
1212135435132,葬,h-9i7h
121213544,茇,hxO4\
1212135453132,葬,h-9i7h
121214312,苹,h-+8
12121434,拟,jv\a
121214521111132522,薷,h-nl4rnll
12121452111125121,蕾,h-nl4o+
121214524134132522,薷,h-nl4rnll
12121452413425121,蕾,h-nl4o+
121214524444132522,薷,h-nl4rnll
12121452444425121,蕾,h-nl4o+
121215112531,萋,h-c+y
1212151225,茝,hcOlol
1212151532511,蒈,h77/b
1212151534,荑,hqcv
12121523,芽,hv-l/
12121523211511134,藇,hr2c-8v-l
121215311345452134,薿,h7aqdvfa
12121531234132511134,蘔,h7/mre8
12121531522431,墟,tfr7h-
121215315225211,墟,tfr7h-
1212153154544,摅,jfr7/v\\
12121531553,掳,jfr7v/
12121533211511134,藇,hr2c-8v-l
121215341534,菚,h-x\-x\
1212153532511,蒈,h77/b
121215413452,菡,hu-v88
121215431543,菚,h-x\-x\
121215435,茺,h-da
1212155332511,蒈,h77/b
12122111154122134,蕻,hliii-dh-8
12122111154511112,蕼,hliii-dc-f
121221112111,菲,h3ll3
1212211121111,韮,h3ll3-
1212211121114544,蕜,h3ll3/v\\
121221113134,敢,vr3lax
121221113134341511534,饏,vr3laxaicw
121221113134344511534,饏,vr3laxaicw
1212211131344544,憨,vr3lax/v\\
121221123454,菽,hf-w4
12122121,芷,hf2
1212212115,茈,hf27
1212212121212121,蕋,hf2f2f2
12122121233132511134,蘋,hf2/l/re8
121221212514311254,鼖,+h+-oh+4
1212212135,茈,hf27
1212212153,茈,hf27
121221251,苫,hfo
121221253444441,蓾,hfox4
121221434,苡,hv\a
121221515,茈,hf27
121221531513533344454,蘧,h\zfr7-e
12122153151353334454,蘧,h\zfr7-e
121221531513533344554,蘧,h\zfr7-e
12122153152512125221,蘆,hfr7o+nh
1212215315251214544,藘,hfr7o+/v\\
121221535,茈,hf27
121221553,茈,hf27
121222511134,賁,+he8
121222511134533533,翸,+he8cc
121222511134541541,翸,+he8cc
121222534,贲,+he8
121223142535,揽,jlla\na
1212234252343134,蔽,h8nl8ax
1212243252343134,蔽,h8nl8ax
121225111134554234,繤,hn-iii8⿽vdw
1212251112,草,hb+
1212251112211154,蕞,hbr3l4
121225111341111251,謩,hbq4o
12122511134121,墓,hbqt
121225111341211254444,驀,hbqvv-T
121225111342111254444,驀,hbqvv-T
121225111342344,慕,hbq/v\\\
121225111342511,暮,hbqb
12122511134252,幕,hbqnl
121225111343112,摹,hbq/j
121225111344111251,謩,hbq4o
1212251113452,鄚,hbqzl
1212251113453,募,hbqv/
12122511134552,鄚,hbqzl
121225111354,萈,hea\
1212251115154,葭,hlc--c4
1212251122111,葺,hor3l
12122511221111534,蕺,hor3l-x\
12122511221111543,蕺,hor3l-x\
1212251122111534,蕺,hor3l-x\
1212251122111543,蕺,hor3l-x\
12122511232115114512535113453,虋,hr2cn-on-4-8vi
121225112511125431234,蘭,hinTmo8
12122511251132411121,藺,hinTa2f-
121225112512531,蔞,ho-oly
1212251125214,萬,hbnd
12122511252142512134,躉,hbndofa
1212251125214251214,蠆,hbndod
12122511252144454,邁,\zhbnd
1212251125214454,邁,\zhbnd
12122511252144554,邁,\zhbnd
121225112522154,蔓,hbnh4
121225112554,萬,hbnd
1212251125542512134,躉,hbndofa
121225112554251214,蠆,hbndod
1212251125544454,邁,\zhbnd
121225112554454,邁,\zhbnd
1212251125544554,邁,\zhbnd
121225113511,萌,hbg
1212251135345,葛,hb9Ova
1212251211534,葨,ho+-v\/
12122512121354251,蕗,hof29\o
12122512125132341,薗,hoOto/w
12122512125135341,薗,hoOto/w
12122512132511154444,鶓,ho+niv-T
1212251214,茧,hod
1212251214544,葸,ho+/v\\
1212251215354251,蕗,hof29\o
121225121554234,蔂,ho+⿽vdw
1212251225251,萵,hnvno
12122512252514454,薖,h\znvno
1212251225251454,薖,h\znvno
12122512252514554,薖,h\znvno
12122512452511,蓇,hnvng
12122512453511,蓇,hnvng
12122512453541,蓇,hnvng
12122512511134,蒷,hoe8
1212251251115,萼,hoo--v
1212251251251115,蕚,hooo--v
121225125132115114512535113453,虋,hr2cn-on-4-8vi
121225125132411121,雚,hooa2f-
121225125132411121132511134,顴,hooa2f-re8
1212251251324111212511135,觀,hooa2f-ea
12122513251,莒,hoo
1212251341,茵,hoOq
12122513414544,蒽,hoOq/v\\
12122513522,莂,ho9Oll
12122515132115114512535113453,虋,hr2cn-on-4-8vi
12122515134,茣,ho-q
12122515322,莂,ho9Oll
1212252125251,萵,hnvno
12122521252514454,薖,h\znvno
1212252125251454,薖,h\znvno
12122521252514554,薖,h\znvno
12122521452511,蓇,hnvng
12122521453511,蓇,hnvng
12122521453541,蓇,hnvng
12122522112132511,薯,hnh/tb
121225221121325114,薯,hnh/tb
121225221134534,蔑,hnhrx\\
121225221134543,蔑,hnhrx\\
121225221251,萜,hnlfo
1212252212511134,蕒,hnhe8
1212252214512154,甍,hnhn-vv\
12122522145135415,薨,-lfnhn-9i7
12122522145135435,薨,-lfnhn-9i7
12122522145135453,薨,-lfnhn-9i7
121225221451554,甍,hnhn-vv\
1212252214525111,瞢,hnhne
1212252215425111515,藣,hnhdg77
1212252215425113535,藣,hnhdg77
1212252215425115353,藣,hnhdg77
1212252215435111515,藣,hnhdg77
1212252215435113535,藣,hnhdg77
1212252215435115353,藣,hnhdg77
1212252215435411515,藣,hnhdg77
1212252215435413535,藣,hnhdg77
1212252215435415353,藣,hnhdg77
12122522155423432411121,蘿,hnhvd3Ta2f-
12122522155444432411121,蘿,hnhvd3Ta2f-
121225251,苘,hno
1212252511,茴,hoOo
121225252,茁,hulu
121225312341,菌,hoO/m
12122534,芮,hna
12122534125221,蒕,hoOanh
121225431415,菵,hnhiiv
121225525251,萵,hnvno
1212255252514454,薖,h\znvno
121225525251454,薖,h\znvno
1212255252514554,薖,h\znvno
1212255452511,蓇,hnvng
1212255453511,蓇,hnvng
1212255453541,蓇,hnvng
121231112111,菲,h3ll3
1212311121114544,蕜,h3ll3/v\\
121231121,苼,hat
121231123412212511,藉,h2mh-b
1212311234251125214,藕,h2mbnd
121231123425112554,藕,h2mbnd
1212311253134,葜,hiiilviq
12123113432411121,薙,haqa2f-
1212312,芊,h/+
121231211,苲,halii
1212312121211,菙,h/+--h
121231212211,菙,h/+--h
12123121534,莪,h/fx\
1212312154,莛,hz\/t
12123121543,莪,h/fx\
12123121554,莛,hz\/t
1212312211211,菙,h/+--h
12123123412134354,薐,h/mt89\
12123123412135354,薐,h/mt89\
12123123422,莉,h/mll
12123123432511312,薭,h/m/b/+
12123123435,莠,h/mv/
12123123435251214444,蘓,h𮃣
121231234353,菞,h/mv/
1212312343533424134,藜,h/mv/al3
1212312344334,萩,h/mq
1212312344351523,蕛,h/m8cvl/
12123123453,莠,h/mv/
121231234531,萎,h/my
1212312511121,董,h/+o+t
12123155414,莓,havv3
121231554143134554234,蘩,havv3ax⿽vdw
12123155441,莓,havv3
121231554413134554234,蘩,havv3ax⿽vdw
1212321113554,葮,hliiii9x
1212321121,荏,ha/+-
12123211212511,蒨,haj-g
12123211212521,蒨,haj-g
12123211213511,蒨,haj-g
12123211511254,蓃,halalh-oiiaa2f-oll3
1212321151134,萸,hr-ca
1212321152,茚,h/l--vl
12123212154,莚,hz\/fv
121232121554,莚,hz\/fv
121232124,苻,ha-\
12123212512,荷,ha-lo
1212321344,茯,haq\
12123215,花,hav/
1212321511254,蓃,halalh-oiiaa2f-oll3
121232151134,萸,hr-ca
1212321534,茷,ha-x\
1212321543,茷,ha-x\
1212321554,莚,hz\/fv
12123215554,莚,hz\/fv
12123223134,莜,halax
121232231342511,蓨,halaxg
12123223134333,蓚,hal9\///
121232231343511,蓨,halaxg
121232231343541,蓨,halaxg
12123223542511,蓨,halaxg
1212322354333,蓚,hal9\///
12123223543511,蓨,halaxg
12123223543541,蓨,halaxg
1212322511234,葆,haom
1212322511234413534,藵,h𧛱
1212322512,茽,haol
1212323121,荏,ha/+-
121232411121321511,舊,hTa2f-r-c
1212324111214444,蕉,ha2f-/\\\
1212324111215422,劐,ha2f-4ll
12123241431,莅,haiih
12123241431251,蓓,haiiho
121232511154444,蔦,hniv-T
1212325112534,葲,h/bl3
121232511312,萆,h/b/+
1212325113251132511,藠,h/b/b/b
121232511351,菂,h/b9O\
121232511354,菂,h/b9O\
121232511355135,蔸,h兜
1212325113554,蒐,h/o+ad
12123251141353134,薂,h/b2pax
12123251141533134,薂,h/b2pax
1212325114554,葠,hac-n4
1212325115215,葩,h/bvcl
1212325115545541234,藥,h⿽vd/b⿽vdm
12123251213554,蒐,h/o+ad
1212325131134,葔,hav-aq
12123251514143112,薛,h/lcciih+
121232515141431121234,蘖,h/lcciih+m
12123251514143112431234,糵,h/lcciih+8m
12123251514143112521,孽,h/lcciih+z-
121232533414544,蔥,h/oO/v\/v\\
12123253411515,蓖,h/oOx77
12123253411535,蓖,h/oOx77
12123253411553,蓖,h/oOx77
12123253413535,蓖,h/oOx77
12123253415353,蓖,h/oOx77
121232535414544,蔥,h/oO/v\/v\\
1212325434354,葰,had89\
1212325435354,葰,had89\
12123312,芹,hrr
121233124454,菦,h\zrr
12123312454,菦,h\zrr
121233124554,菦,h\zrr
12123315112234,蒹,hhch8
1212332112,荇,h/a--l
12123321212134,蓗,h/atfa
121233221212134,蓰,h/af2fa
1212332252111213134,藢,h/alu-/tax
1212332252131213134,藢,h/alu-/tax
12123322521353134,薇,h/a𡵂ax
121233231121215211234,蘌,h/aa+-vvl2w
12123323112155211234,蘌,h/aa+-vvl2w
1212332312511354,蕧,h/aab9\
121233234342134,蓯,h/aaafa
12123323525121134112,蘅,h/a--l9o+q
1212332511112,葎,h/ac-f
1212333132511134,蕦,h///re8
1212333253134,葜,hiiilviq
121233441234,菜,h/\\/m
12123344321511,蓞,h/\\/r-c
1212334435554444,蔿,h/\\//vvv/\\\
12123344521,莩,h/\\/z-
12123344531,荽,h/\\/y
12123351,芦,h\c/
12123351153554,蒑,hr⿼c-v9x
121233544,苽,hrd\
12123354433544,蓏,hrd\rd\
1212341121,荃,haj-
12123411234,荼,ha-m
121234112431,菳,hajh
1212341234,茶,ham
12123412343554,蔱,hxm9x
121234123443554,蔱,hxm9x
12123412353554,蔱,hxm9x
121234123543554,蔱,hxm9x
1212341251,荅,ha-o
12123415113251,蒼,haic/-o
121234152,苓,haid
121234154,苓,haid
121234154544,菍,haiv/v\\
12123422,苅,hxll
121234234,苶,haw
1212342511,捎,jwg
1212343,抄,jl8 or /l\/
1212343123425121,蕃,h/8mo+
12123432,芥,ha/l
12123432511154444,鴱,hxniv-T
1212343511,捎,jwg
1212343541,捎,jwg
121234431234,菜,h/\\/m
12123443321511,蓞,h/\\/r-c
1212344335554444,蔿,h/\\//vvv/\\\
1212344345354152,蕣,h/\\/n9i+v
12123443454544354,薆,h/\\/n/v\\9\
12123443521,莩,h/\\/z-
12123443531,荽,h/\\/y
121234435333251135,藐,h/2/q\/ba
12123445,芩,haiv
12123445113251,蒼,haic/-o
121234454,苓,haid
121234454544,菍,haiv/v\\
12123454533533,蓊,h8dcc
12123454541541,蓊,h8dcc
121235112554,菔,hgvl4
1212351134113424134,藤,hg𣳾
1212351134113453,蕂,hg8iiav/
12123511351122,蒯,hggll
1212351135251,葋,hg9Oo
1212351143113424134,藤,hg𣳾
1212351143113453,蕂,hg8iiav/
121235115254,菔,hgvl4
1212351251124,葡,h9O+\g
1212351251214,葻,h/v/od
121235125125121,蔔,h9O-oo+
12123513341111251,薝,h9r84o
12123513344111251,薝,h9r84o
12123513351111251,薝,h9r84o
12123513354111251,薝,h9r84o
12123515,芪,hrx
121235152,茚,h/l--vl
1212352511,荀,h9Ob
12123525121444431234,蘇,h9u-T/m
1212352513134,敬,h9Ooax
12123525131341111251,警,h9Ooax4o
12123525131341211254444,驚,h9Ooaxvv-T
12123525131341234,檠,h9Ooaxm
12123525131342111254444,驚,h9Ooaxvv-T
1212352513134251214,蟼,h9Ooaxod
12123525131343112,擎,h9Ooax/j
12123525131344111251,警,h9Ooax4o
121235251354,菟,h9oa\
12123525153,莻,hv/ov/
1212352534251113134,藑,h/vnaeax
121235253425111354,藑,h/vnaeax
121235311252,萄,h9Oa+u
121235311345452134,薿,h7aqdvfa
12123531234132511134,蘔,h7/mre8
121235321511,萏,h9r-c
1212353251214,葻,h/v/od
12123533,芴,h9O//
121235334,茐,h9O//\
1212353344544,葱,h9O//\/v\\
12123534,芡,h9a
12123534334,荻,hq\q
12123535,芘,h77
12123535112533112,薢,h9ntvia+
12123535121533112,薢,h9ntvia+
121235352,茆,h/v/vl
1212353523411243122,藰,h𨥫ll
1212353532511,蒈,h77/b
121235411124454,蓬,h\z9\iiil
12123541112454,蓬,h\z9\iiil
121235411124554,蓬,h\z9\iiil
1212354135251,葋,hg9Oo
1212354152,荈,h9i+v
121235415411234,蔡,h9i\\v2w
121235431234,菊,h9O8m
1212354341511534,蕵,h9iaicw
1212354344511534,蕵,h9iaicw
121235442554,菔,hgvl4
1212354434113424134,藤,hg𣳾
1212354434113453,蕂,hg8iiav/
12123544354422,蒯,hggll
1212354443113424134,藤,hg𣳾
1212354443113453,蕂,hg8iiav/
121235445254,菔,hgvl4
121235445411234,蔡,h9i\\v2w
1212354533411243122,藰,h𨥫ll
121235455,苑,h9ivv
1212354554544,葾,h9ivv/v\\
121235515,苞,h9Ovc
12123552335523,蒭,h9Oul9Oul
1212411125112132511,藷,h4oT/tb
12124111251121325114,藷,h4oT/tb
121241112513554,蔎,h4oT9x
12124124,苄,hiif
12124125113534,蓑,hii/wo-
121241251251112213534,蘘,hiioo-h-/w
12124125125251,蒿,hiiono
121241251252511234,藁,hiionom
1212412512525131234,藳,hiiono/m
1212412514512,葶,hiion-l
121241251452511234,藁,hiionom
1212412514525131234,藳,hiiono/m
12124131221252,蓆,h\rh-nl
121241312214444,蔗,h\rh-/\\\
121241312341234,蔴,h\rmm
12124131234123413251,蘑,h\rmmro
12124131234123421112111,蘼,h\rmm3ll3
12124131234123431112111,蘼,h\rmm3ll3
1212413123412343112,藦,h\rmm/j
121241312351235,蔴,h\rmm
12124131235123513251,蘑,h\rmmro
12124131235123521112111,蘼,h\rmm3ll3
12124131235123531112111,蘼,h\rmm3ll3
1212413123512353112,藦,h\rmm/j
12124133434121,蓙,h\rtaa
121241335151,菧,h\rrx\
121241335154,菧,h\rrx\
12124134131134,蒺,h\r2aq
1212413434,茭,hii8x
121241343412,萃,hiiaa+
121241352211254444,薦,h\rcllv-/\\\
121241352211515431234,蘪,h\r4778m
1212413522115154444,藨,h\r477/\\\
121241352211535431234,蘪,h\r4778m
1212413522115354444,藨,h\r477/\\\
12124135221154444,薦,h\rcllv-/\\\
121241352211553431234,蘪,h\r4778m
1212413522115534444,藨,h\r477/\\\
121241352213535431234,蘪,h\r4778m
1212413522135354444,藨,h\r477/\\\
121241352215353431234,蘪,h\r4778m
1212413522153534444,藨,h\r477/\\\
121241353131134,蔟,h2paaq
121241353144,菸,h2paii
121241353152134,蔙,h2pavfa
1212413531525,葹,h2pavvl
12124135342511134,薋,hii9ae8
121241353444,菸,h2paii
121241431,苙,hiih
12124143112,莘,hiih+
12124143112343312,薪,hiihmrr
121241431251,菩,hiiho
121241431251112,蔁,hiihb+
12124143125114544,薏,hiihb/v\\
12124143125152,蔀,hiihozl
121241431251552,蔀,hiihozl
12124143135251,蒟,hiih9Oo
1212414313533343554,藙,hiihe9x
121241431531,菨,hiihy
12124143253354211121111,虀,hiivi8l/v\3ll3-
1212414345252,蒂,hii8nnl
12124143454135,蒡,hii8n2p
12124143454153,蒡,hii8n2p
1212415,芒,hiiv
12124153,芳,h2p
1212415325,荒,hiiv-
121241533131134,蔟,h2paaq
121241533144,菸,h2paii
121241533152134,蔙,h2pavfa
1212415331525,葹,h2pavvl
1212415334,荄,hiiv/a
121241533444,菸,h2paii
1212415435,茺,h-da
12124155332411121,蕹,hiivv/a2f-
12124155425121,蓄,hii⿽vdo+
1212425221,盐,tfnh
12124311214444,蓔,hht/\\\
12124312344454,蒾,h\z8m
1212431234454,蒾,h\z8m
12124312344554,蒾,h\z8m
12124315112234,蒹,hhch8
12124315233511,蒴,hhulg
1212432511,捎,jwg
12124334132511134,薠,hqre8
121243342511112,蔊,hqb-+
12124334334411354,蕿,hq/\\/-xO4
12124334344311354,蕿,hq/\\/-xO4
121243344334454334,藀,hqqnq
1212433511,捎,jwg
1212433541,捎,jwg
121243452513112,撑,jwno/j
121244112511,菃,hiii--c
1212441125111234,蕖,hiii--cm
12124411251124,蒲,hiii+\g
12124411251124124,薄,hiii+\g-\
121244112512,菏,hiii-lo
1212441125221251112,藫,hiii-4b+
121244113412,萍,hiii-+8
121244114312,萍,hiii-+8
12124411515,菃,hiii--c
121244115151234,蕖,hiii--cm
12124412343,莎,hiiil8 or /l\/
1212441251125214,蕅,hiiibnd
1212441251125221,蕰,hiiibnh
121244125112554,蕅,hiiibnd
12124412512512511234,藻,hiiiooom
12124412534125221,薀,hiiioOanh
121244131133112,蓱,hiii8-h
12124413241431,蒞,hiiiaiih
1212441343123425121,藩,hiii/8mo+
121244134341211121111534,虃,hiii⿽-x\aa3ll3-
121244134341211121111543,虃,hiii⿽-x\aa3ll3-
121244135254,菠,hiiirlx
1212441354251,落,hiii9\o
12124414125125251,薃,hiiiiiono
1212441415,茫,hiiiiiv
1212441431132,蓱,hiii8-h
12124414511534,蒗,hiii\c-w
1212441511112,葏,hiiic-f
12124415114554,蓡,hiiic-n4
121244153251,菬,hiiivio
121244153254,菠,hiiirlx
121244154251,菭,hiiido
121244155,范,hiiivv
1212445112,荢,h\n-+
121244511234,萗,h\n2w
12124451135,莞,h\n--a
121244511352154,蔻,h\n--af4
121244511353134,蔲,h\n--aax
121244512,苧,h\n-l
1212445125111,萱,h\n-b-
121244513251,菪,h\nro
121244525151,菅,h\nlcc
121244532132511,蓿,h\na-/b
1212445321511354444,藛,h\nr-c9O/\\\
1212445341344,葖,h\n8q\
1212445343251113515,藭,h\n8/e/cv
12124453434251,蓉,h\n8ao
1212445351344,葖,h\n8q\
1212445353251113515,藭,h\n8/e/cv
121244535455,菀,h\n9ivv
121244551251,菅,h\nlcc
121245,扪,jin
1212451135124,蒄,hn--a-\
12124511353334,蒙,hn--e
12124511534,莨,h\c-w
1212451234,荣,hnm
1212451251112,葷,hn-v+T
12124513,芦,h\c/
12124525114134,蓂,hnbra
121245354251,搁,jin9\o
1212454,芝,h\v\
12124544,芯,h/v\\
121245443,苾,h/v\\/
1212454445444544,蕊,h/v\\/v\\/v\\
1212511121251124,蕁,h⿼c---o-\
121251112211154,撮,jbr3l4
1212511124,埘,tb-\
12125111251113241112154,攫,jeea2f-4
12125112141,掴,joO-t\
121251122111,揖,jor3l
121251124124,博,++\g-\
121251124134,菉,h⿼c-l3
121251132534,颉,+-ore8
121251153,拽,j曳
1212511534,茛,hc-w
12125121122134534,戴,⿽-x\+o+h-8
12125121122134543,戴,⿽-x\+o+h-8
1212512115154,葭,hlc--c4
1212512134,捉,jofa
12125121354251,撂,jo+9\o
12125121554234,摞,jo+⿽vdw
1212512341,捆,joOm
1212512512511234,操,jooom
121251311234124,蔚,hc/2w-\
1212513112341244544,藯,hc/2w-\/v\\
1212513234,袁,to/w
12125132344454,遠,\zto/w
1212513234454,遠,\zto/w
12125132344554,遠,\zto/w
12125132514143112,薜,hc/oiih+
1212513414544,摁,joOq/v\\
1212513444,荩,hc/\ii
1212513522,捌,jov/ll
12125135344454,遠,\zto/w
1212513534454,遠,\zto/w
12125135344554,遠,\zto/w
1212514311254,鼓,+-oh+4
121251431125424345251121,鼞,+-oh+4wnot
121251431125425111,瞽,+-oh+4e
1212514311254321521512,鼘,+-oh+4kk-
121251431125432511312,鼙,+-oh+4/b/+
121251431125435521512,鼘,+-oh+4kk-
1212514311254544251214,鼜,+-oh+4\4\od
12125143112545444251214,鼜,+-oh+4\4\od
121251431251,喜,+-oho
1212514312514444,熹,+-oho/\\\
121251431333,彭,+-oh///
12125143133312154,甏,+-oh///-vv\
1212514313331554,甏,+-oh///-vv\
12125143153251,嘉,+-ohv/o
12125145154121,臺,+-on-dt
1212515122111,葞,hcvr3l
121251515,苠,hvc-v
1212515215,挹,jov2v
121251532,茀,h/lcv
1212515322,捌,jov/ll
12125153351533,蒻,hcviicvii
121251534,哉,⿽-x\+o
12125154151541,蒻,hcviicvii
121251543,哉,⿽-x\+o
121252121154325,蔬,hvf2ii228
1212521214154325,蔬,hvf2ii228
12125212511234,蔯,hzlmb
1212521251152,葦,hco+v
12125213121,莊,hk+-
121252133541124,蔣,hk9i\-\
121252133544,菰,hz-rd\
121252133544124,蔣,hk9i\-\
12125215154325,蔬,hvf2ii228
121252154154325,蔬,hvf2ii228
1212522112154,摆,jnhtd
1212522112513234,擐,jnh--o/w
1212522112513534,擐,jnh--o/w
121252212511134,賣,+-nhe8
121252214135,塄,tnh2p
121252214153,塄,tnh2p
121252251212511134,藬,hzlol-e8
121252252,茁,hulu
121252413452,菡,hu-v88
121252515,垲,tluv-v
12125253414444,蒸,hvl3-/\\\
121253112251,菇,hy+o
12125311311534124,薅,hyr2w-\
1212531251,茹,hyo
12125312513112,蒘,hyo/j
1212531531531,葌,hyyy
121253251354,菟,h9oa\
12125325153,莻,hv/ov/
121253311345452134,薿,h7aqdvfa
12125331234132511134,蘔,h7/mre8
12125334334,荻,hq\q
121253353334333,蓼,hcca///
12125342534531,撄,je8e8y
121253434534,胾,⿽-x\+g
121253434543,胾,⿽-x\+g
12125353,芘,h77
1212535332511,蒈,h77/b
121254,巩,--/v\
121254122125112,鞏,--/v\h-o+
121254154134333,蓼,hcca///
121254251,苔,hdo
1212542512134,跫,--/v\ofa
121254251214,蛩,--/v\od
1212543341134,葵,hv\//\-q
1212543345153554,蕟,hv\//\cv9x
12125434,苡,hv\a
12125434112431,銎,--/v\ajh
1212544331134,葵,hv\//\-q
1212544335153554,蕟,hv\//\cv9x
1212544544,恐,--/v\/v\\
12125452132511134,蕷,hdzre8
121254523,茅,hdz/
12125452332511154444,鶜,hdz/niv-T
121254545434333,蔘,hddda///
121255124134,菉,h⿼c-l3
1212551353334,蒃,hvv-e
121255212511234,蔯,hzlmb
1212552251212511134,藬,hzlol-e8
1212554,报,jvl4
1212554234251125221,藴,hvd3Tbnh
1212554234334411354,藧,hvd3T/\\/-xO4
1212554234344311354,藧,hvd3T/\\/-xO4
1212554234351,葯,hvd3T9O\
1212554234354,葯,hvd3T9O\
1212554234355215,蕝,hvd3Tvivcl
1212554234535215,蕝,hvd3Tvivcl
1212554444251125221,藴,hvd3Tbnh
1212554444334411354,藧,hvd3T/\\/-xO4
1212554444344311354,藧,hvd3T/\\/-xO4
1212554444351,葯,hvd3T9O\
1212554444354,葯,hvd3T9O\
1212554444355215,蕝,hvd3Tvivcl
1212554444535215,蕝,hvd3Tvivcl
1212554554,茲,h226
12125545544544,慈,h226/v\\
12131112111,排,j3ll3
121311153534,揿,jajh9a
121311531153115,撬,j/-7/-7/-7
1213121353121352534,攒,j163a163ae8
121312154,挺,jz\/t
1213121554,挺,jz\/t
121312251,括,j/+o
121312344334,揪,j/mq
12131342344,掭,j-q/v\\\
121313432,挢,j/q/l
12131431425111134554234,攥,jalaleq⿽vdw
121315154121,耋,/t7-dt
12131525,拖,javvl
1213152511,耆,/t7b
1213153115,耄,/t7/-7
12131535251,耈,/t79Oo
1213154121,耊,/t-dt
12132,卉,+h
1213211511254,搜,jr2cl4
121321511254,搜,jr2cl4
121322,圳,t/ll
1213234,赤,tw/
12132341213234,赫,tw/tw/
121323412132511,赭,tw//tb
1213234121325114,赭,tw//tb
1213234132511134,頳,tw/re8
1213234212534,赪,tw/fe8
12132342554,赧,tw/vl4
12132343134,赦,tw/ax
12132343134251214,螫,tw/axod
121323452,郝,tw/zl
12132345254,赧,tw/vl4
1213234552,郝,tw/zl
121324111213241112154,㩳,ja2f-a2f-4
1213241112135,携,ja2f-v/
1213241112153,携,ja2f-v/
12132411121534,截,⿽-x\+a2f-
12132411121543,截,⿽-x\+a2f-
12132511125121132,擤,j/eo+hD
12132511134,頂,-lre8
121325112511135,覩,/tbea
121325114,者,/tb
1213251142511135,覩,/tbea
121325114444,煮,/tb/\\\
1213251144444,煮,/tb/\\\
12132511452,都,/tbzl
121325114533533,翥,/tbcc
121325114541541,翥,/tbcc
121325114552,都,/tbzl
1213251152,都,/tbzl
12132511533533,翥,/tbcc
12132511541541,翥,/tbcc
12132511552,都,/tbzl
121325131134,堠,tav-aq
12132515112,埠,t/lcc+
121325251,垧,t/no
12132534,顶,-lre8
12133121111251,誓,jrr4o
1213312251,哲,jrro
12133122512134,踅,jrrofa
1213312251214,蜇,jrrod
12133123534,掀,jrr9a
12133124111251,誓,jrr4o
12133124454,逝,\zjrr
1213312454,逝,\zjrr
12133124554,逝,\zjrr
1213315112234,搛,jhch8
1213321531535,搋,jrfr7a
1213324,抓,jrl\
121334411354,援,j/\\/-xO4
121335,老,/t7
1213351,护,j\c/
12133511344,捩,jic/q\
12133512511,掮,jic/g
12133513511,掮,jic/g
12133513541,掮,jic/g
121335154121,耋,/t7-dt
1213352511,耆,/t7b
1213353115,耄,/t7/-7
12133535251,耈,/t79Oo
1213354143554,搬,j231ii9x
121335434112431,鋬,jr4ajh
1213354413554,搬,j231ii9x
121341121,拴,jaj-
121341213541211254444,驇,t8t/9\vv-T
121341213542111254444,驇,t8t/9\vv-T
121341214454,逵,\zt8t
12134121454,逵,\zt8t
121341214554,逵,\zt8t
121341215341211254444,驇,t8t/9\vv-T
121341215342111254444,驇,t8t/9\vv-T
1213414431,捡,ja-\\/-
12134252343134,撇,j8nl8ax
121342524312511,增,t8247
1213434121,挫,jtaa
1213441345225214,擒,jaiiuxnd
121344134522554,擒,jaiiuxnd
121344311354,援,j/\\/-xO4
1213443311252,摇,j/\\/a+u
12134434554,授,j/\\/n4
1213455,抢,javv
12135112,拥,jn128
121351134112431,鋆,t9Oiiajh
121351213541211254444,驇,t8t/9\vv-T
121351213542111254444,驇,t8t/9\vv-T
121351214454,逵,\zt8t
12135121454,逵,\zt8t
121351214554,逵,\zt8t
121351215341211254444,驇,t8t/9\vv-T
121351215342111254444,驇,t8t/9\vv-T
1213521,孝,/tz-
12135213134,教,/tz-ax
121352512112511,撸,j9u-b
1213525134,换,j9nq
1213525135,挽,j9oa
12135251354,堍,t9oa\
121352513544,搀,j9oaii
121353,老,/t7
12135311252,掏,j9Oa+u
121353154121,耋,/t7-dt
1213532511,耆,/t7b
1213533115,耄,/t7/-7
12135335251,耈,/t79Oo
121354121,垫,j/9\t
121354122125112,鞏,--/v\h-o+
121354134112431,鋆,t9Oiiajh
1213542512134,跫,--/v\ofa
1213542534,贽,j/9\e8
12135434112431,銎,--/v\ajh
12135435451,鸷,j/9\niv-
1213544444,热,j/9\/\\\
1213544544,恐,--/v\/v\\
1213545252,捣,j-niv--lu
12135453,势,j/9\v/
121354554234,絷,j/9\⿽vdw
1213551,坞,t/vv-
1213552,抑,j/vvl
1213553,抛,j𠠵
12141121,拄,j\j-
12141251234,掠,jiiow
12141321251,掂,j\rfo
12141323544,掖,jiia9\\
121413432,挤,jiix/l
121413452,垴,tiiux
12141351125112,墉,t\r𬎾
12141351135112,墉,t\r𬎾
12141353134,敖,+-2pax
121413531341211254444,驁,+-2paxvv-T
12141353134122111,聱,+-2paxr3l
121413531341344,獒,+-2paxq\
121413531342111254444,驁,+-2paxvv-T
121413531342511134,贅,+-2paxe8
121413531342511251211511,鼇,+-2paxorvT
121413531342511521211511,鼇,+-2paxorvT
12141353134251214,螯,+-2paxod
1214135313434112431,鏊,+-2paxajh
1214135313435251214444,鰲,+-2pax9u-T
121413531344444,熬,+-2pax/\\\
121413531344454,遨,\z+-2pax
12141353134454,遨,\z+-2pax
121413531344554,遨,\z+-2pax
121413534534,裁,⿽-x\+ii/w
121413534543,裁,⿽-x\+ii/w
12141431531,接,jiihy
12141533134,敖,+-2pax
121415331341211254444,驁,+-2paxvv-T
12141533134122111,聱,+-2paxr3l
121415331341344,獒,+-2paxq\
121415331342111254444,驁,+-2paxvv-T
121415331342511134,贅,+-2paxe8
121415331342511251211511,鼇,+-2paxorvT
121415331342511521211511,鼇,+-2paxorvT
12141533134251214,螯,+-2paxod
1214153313434112431,鏊,+-2paxajh
1214153313435251214444,鰲,+-2pax9u-T
121415331344444,熬,+-2pax/\\\
121415331344454,遨,\z+-2pax
12141533134454,遨,\z+-2pax
121415331344554,遨,\z+-2pax
121415425113134,撤,jiidgax
121415435113134,撤,jiidgax
121415435413134,撤,jiidgax
1214155425121,搐,jii⿽vdo+
12141554413412,摔,jii⿽vd88+
121425,扪,jin
121425354251,搁,jin9\o
12143111,拦,j8iii
1214311124454,達,\zqh128
121431112454,達,\zqh128
1214311124554,達,\zqh128
121431113121,搓,jht/--
1214311213121,搓,jht/--
12143112313425221,盩,𪯎nh
121431123541111251,謺,t8-+/9\4o
121431123541211254444,騺,t8-+/9\vv-T
121431123542111254444,騺,t8-+/9\vv-T
121431123542511134,贄,t8-+/9\e8
121431123544111251,謺,t8-+/9\4o
121431125341111251,謺,t8-+/9\4o
121431125341211254444,騺,t8-+/9\vv-T
121431125342111254444,騺,t8-+/9\vv-T
121431125342511134,贄,t8-+/9\e8
121431125344111251,謺,t8-+/9\4o
12143113452,掷,j8-qzl
121431134552,掷,j8-qzl
1214312345313134,擞,j8myax
1214315112234,搛,jhch8
1214315233511,搠,jhulg
12143252343134,撇,j8nl8ax
121432524312511,增,t8247
12144115,㧟,jiiicO
12144153441234,墚,tiiivi\\m
121443452535,搅,j\\/nna
1214453212134,摈,j\nrr-8
121445342512512,撺,j\n8ool
121445345,挖,j\n89
12144535415411234,擦,j\n9i\\v2w
12144535445411234,擦,j\n9i\\v2w
121445355,挖,j\n89
12145112511123554,轂,+-n-9x-v+T
121451251431,壹,+-n-oh
1214512514311135344544,懿,+-n-ohii9a/v\\
12145125143132511154444,鷧,+-n-ohniv-T
1214512514314135344544,懿,+-n-ohii9a/v\\
1214513,护,j\c/
121451312343554,穀,+-n-/m9x
12145131344,捩,jic/q\
12145132511,掮,jic/g
121451325111544443554,鷇,+-n-niv-T9x
12145133511,掮,jic/g
12145133541,掮,jic/g
12145135351123554,觳,+-n-9x9nt
12145135351213554,觳,+-n-9x9nt
1214514312343554,糓,+-n-8m9x
121451512,挥,jn-v+
1214515123554,毂,+-n-v+9x
1214515153554,彀,+-n-9xcv
1214515542343554,縠,+-n-9x⿽vdw
1214522431,壶,+-n4-
12145341234,探,jnam
12145354544,悫,+-n/v/v\\
12145442511135,覟,+-/v\\ea
121511,扫,j⿼c-
1215113251,捃,jcxOo
121511352,挪,j224zl
1215113552,挪,j224zl
1215121,扭,jc+
1215131221534,搌,jc/h-v\/
12151312251,据,jc/+o
121513154121,握,jc/-dt
1215153351533,搦,jcviicvii
1215154151541,搦,jcviicvii
121515515122134,撰,jvcvch-8
1215211,扭,jc+
1215213,声,+-c/l
121521335541111251,謦,+-c/l9x4o
12152133554122111,聲,+-c/l9xr3l
1215213355413251,磬,+-c/l9xro
12152133554311252,罄,+-c/l9xa+u
12152133554312342511,馨,+-c/l9x/mb
121521335544111251,謦,+-c/l9x4o
1215215,把,jvcl
12152252,拙,julu
121525341,拯,jvl3-
1215254,报,jvl4
1215254454,逇,\ztvvl
121525454,逇,\ztvvl
1215254554,逇,\ztvvl
12153134,政,-f2ax
121532511,指,j7b
1215325135,挽,j9oa
12153251354,堍,t9oa\
12153353332411121,擢,jcca2f-
12153353332511,摺,jcc/b
121534121,垫,j/9\t
121534251214,蛰,j/9\od
1215342534,贽,j/9\e8
1215343112,挚,j/9\/j
12153435451,鸷,j/9\niv-
1215344444,热,j/9\/\\\
12153453,势,j/9\v/
121534554234,絷,j/9\⿽vdw
12153544,拨,jv/4\
12154112,择,j4128
12154134333,掺,jdq///
12154154132411121,擢,jcca2f-
12154154132511,摺,jcc/b
1215425221,盍,tdnh
1215432411121,摊,j4a2f-
121543341134,揆,jv\//\-q
1215434,拟,jv\a
121544251214,搔,j\4\od
121544331134,揆,jv\//\-q
1215444251214,搔,j\4\od
121545231234,揉,jdz/m
1215454541234,搡,j444m
12155122534,掼,jvv+e8
121552,邛,--zl
12155212534,掼,jvv+e8
12211,甘,h--
1221111121122522114544,聽,r3l/t+nh-/v\\
1221111121132522114544,聽,r3l/t+nh-/v\\
122111112251,聒,r3l/+o
12211112,耵,r3l-l
122111122111122111,聶,r3lr3lr3l
122111122111122111132511134,顳,r3lr3lr3lre8
12211112252214544,聴,r3l+nh/v\\
122111125112132511,藷,h4oT/tb
1221111251121325114,藷,h4oT/tb
12211112511534,聝,r3l-x\o-
12211112511543,聝,r3l-x\o-
12211112513554,蔎,h4oT9x
12211113252214544,聴,r3l+nh/v\\
1221112121,耻,r3lf2
12211123412212511,藉,h2mh-b
122111234251125214,藕,h2mbnd
12211123425112554,藕,h2mbnd
1221112511121,聖,r3lo/t
12211125121,聃,r3lnt
1221112512115,聘,r3lnt-v
122111251212511134,聵,r3lol-e8
122111251212534,聩,r3lol-e8
1221112513121,聖,r3lo/t
12211125134,职,r3lo8
122111253134,葜,hiiilviq
12211131133112,聠,r3l8-h
1221113121122522114544,聽,r3l/t+nh-/v\\
1221113121132522114544,聽,r3l/t+nh-/v\\
122111312251,聒,r3l/+o
12211132151135,聣,r3lr-ca
12211132511312,聛,r3l/b/+
122111325113554,聭,r3l/o+ad
1221113251213554,聭,r3l/o+ad
12211132533414544,聰,r3l/oO/v\/v\\
12211132535414544,聰,r3l/oO/v\/v\\
12211134,其,h-8--
12211134121,基,h-8--t
1221113413251,碁,h-8--ro
12211134152,聆,r3laid
12211134154,聆,r3laid
1221113431234,蓁,hiii/\/m
122111343312,斯,h-8--rr
122111343534,欺,h-8--9a
12211134454,聆,r3laid
1221113451534,戡,h---v8-x\
1221113451543,戡,h---v8-x\
1221113454412,斟,h---v8⿽-lii
12211134544544,聡,r3l8d/v\\
1221113454533533,聬,r3l8dcc
1221113454541541,聬,r3l8dcc
12211134553,勘,h---v8v/
12211134554234,綦,h-8--⿽vdw
1221113513341111251,聸,r3l9r84o
1221113513344111251,聸,r3l9r84o
1221113513351111251,聸,r3l9r84o
1221113513354111251,聸,r3l9r84o
122111353344544,聦,r3l9O//\/v\\
12211135352,聊,r3l/v/vl
122111355,甚,h---v8
1221113551534,戡,h---v8-x\
1221113551543,戡,h---v8-x\
1221113554412,斟,h---v8⿽-lii
12211135553,勘,h---v8v/
122111414312511534,職,r3liihb-x\
122111414312511543,職,r3liihb-x\
122111431132,聠,r3l8-h
122111431134,联,r3l8-q
122111432514544,聪,r3l8𢗀
1221114334,耿,r3lq
1221114334413534,褧,r3lqii/w
12211144512,聍,r3l\n-l
12211144534121,聜,r3l\n8--
12211144535121,聜,r3l\n8--
12211144535415411234,聺,r3l\n9i\\v2w
12211144535445411234,聺,r3l\n9i\\v2w
12211144545442522112,聹,r3l\n/v\\nh-l
1221114535,耽,r3ln/v
12211152,耶,r3lzl
12211154,取,r3l4
12211154323334,聚,r3l4a//\/
1221115432333452,鄹,r3l4a//\/zl
12211154323334552,鄹,r3l4a//\/zl
12211154323434,聚,r3l4a//\/
1221115432343452,鄹,r3l4a//\/zl
12211154323434552,鄹,r3l4a//\/zl
122111543341134,聧,r3lv\//\-q
122111544331134,聧,r3lv\//\-q
12211154531,娶,r3l4y
1221115454,聂,r3l44
1221115454132534,颞,r3l44re8
122111552,耶,r3lzl
122111554554134,聫,r3l226q
12211155455453212,聯,r3l226h
12211212511,菁,hj-g
12211212521,菁,hj-g
12211213511,菁,hj-g
1221122112,華,h-lhii
1221123411234,蒜,h2w2w
122112512134,黃,h--nt8
12211251213421251,黇,h-nt8fo
1221134,芙,hiia
1221135342511134,薋,hii9ae8
1221154,芸,hiid
12211552,邯,h--zl
12212,艼,h-l
122121,芏,ht
1221211154122134,蕻,hliii-dh-8
1221211154511112,蕼,hliii-dc-f
122121121121135,蕘,httt-a
122121121124,葑,htt-\
12212113344,菝,hjxO4\
12212113544,菝,hjxO4\
12212115112134,蓵,hj-c-fa
122121211254444,蔫,h-f2v-/\\\
12212121154444,蔫,h-f2v-/\\\
1221212122511134,蕡,h+he8
122121222511134,蕡,h+he8
12212125132344454,薳,h\zto/w
1221212513234454,薳,h\zto/w
12212125132344554,薳,h\zto/w
12212125135344454,薳,h\zto/w
1221212513534454,薳,h\zto/w
12212125135344554,薳,h\zto/w
12212125145154121,薹,h+-on-dt
122121252212511134,藚,h+-nhe8
122121253512511134,藚,h+-nhe8
122121254,茿,h--/v\
122121315,荖,h/t7
1221213152511,蓍,h/t7b
12212132411121,蓷,hja2f-
12212132511,著,h/tb
122121325114,著,h/tb
122121335,荖,h/t7
1221213352511,蓍,h/t7b
12212134121354,蓺,ht8t/9\
122121341213541154,藝,ht8t/9\iid
12212134121534,蓺,ht8t/9\
122121341215341154,藝,ht8t/9\iid
12212134354,菱,ht89\
12212135121354,蓺,ht8t/9\
122121351213541154,藝,ht8t/9\iid
12212135121534,蓺,ht8t/9\
122121351215341154,藝,ht8t/9\iid
122121353,荖,h/t7
1221213532511,蓍,h/t7b
12212135354,菱,ht89\
12212135515,菢,hj9Ovc
12212154112,萚,hj4128
1221215425221,蓋,htdnh
12212211,苷,hh--
122122111,茸,hr3l
12212211134,萁,hh-8--
122122111345,葚,hh---v8
122122111355,葚,hh---v8
12212211154,菆,hr3l4
12212212511121,蓳,hh-oj-
122122151234,葉,hh-vm
12212251,苦,h+o
1221225125,茝,hcOlol
1221225125112512511,蘁,hj-oooo
122122513511,葫,h+og
122122513541,葫,h+og
12212341,苯,hm-
1221234121121,蓕,hmtt
122123425111,葙,hme
1221234324111214444,藮,hma2f-/\\\
12212343312,菥,hmrr
1221234341,莁,h--aa
1221234341252511,薔,htaaoOo
12212343434,萊,hmaa
12212343454,菘,hm8d
122123444454,蒁,h\zm\
12212344454,蒁,h\zm\
122123444554,蒁,h\zm\
122123544454,蒁,h\zm\
12212354454,蒁,h\zm\
122123544554,蒁,h\zm\
12212431252511,蔷,ht8oOo
1221245521,荸,h+nz-
122125111212535,觐,h-oj-na
1221251112152,鄞,h-oj-zl
1221251112153,勤,h-oj-v/
12212511121552,鄞,h-oj-zl
12212511124454,蓮,h\z-v+T
1221251112454,蓮,h\z-v+T
12212511124554,蓮,h\z-v+T
1221251113432411121,難,h-oiiaa2f-
122125111354,萈,hea\
1221251121122125121,鞲,h-o+-h-nt
12212511211234,靺,h-o+lm
122125112121121,鞋,h-o+tt
122125112121225221134534,韈,h-o+hnhrx\\
122125112121225221134543,韈,h-o+hnhrx\\
122125112121251,鞊,h-o++-o
12212511212141431,鞡,h-o+jiih
122125112122125221134534,韈,h-o+hnhrx\\
122125112122125221134543,韈,h-o+hnhrx\\
1221251121221325112,鞴,h-o+h-/n128
122125112122132521,鞯,h-o+hxOlz-
1221251121221335112,鞴,h-o+h-/n128
12212511212225221134534,韈,h-o+hnhrx\\
12212511212225221134543,韈,h-o+hnhrx\\
1221251121252211345154454,韆,h-o+\z-4qvv
122125112125221134515454,韆,h-o+\z-4qvv
1221251121252211345154554,韆,h-o+\z-4qvv
122125112125221134554454,韆,h-o+\z-4qvv
12212511212522113455454,韆,h-o+\z-4qvv
122125112125221134554554,韆,h-o+\z-4qvv
122125112134454,鞑,h-o+\zq
122125112135,靰,h-o+-a
12212511214124,蓴,h-bl-\-\
122125112144544,蕙,h-bl-\/v\\
122125112211225221134534,韈,h-o+hnhrx\\
122125112211225221134543,韈,h-o+hnhrx\\
1221251122342511,鞘,h-o+wg
12212511223425251,鞝,h-o+wno
1221251122343511,鞘,h-o+wg
1221251122343541,鞘,h-o+wg
1221251122432511,鞘,h-o+wg
12212511224325251,鞝,h-o+wno
1221251122433511,鞘,h-o+wg
1221251122433541,鞘,h-o+wg
12212511224345251121,鞺,h-o+wnot
1221251122511121,鞓,h-o+oj-
122125112251112134,鞮,h-o+b-fa
12212511225112512531,鞻,h-o+o-oly
122125112251135345,鞨,h-o+b9Ova
1221251122513121,鞓,h-o+oj-
12212511225134,鞅,h-o+nq
1221251122534,靹,h-o+na
122125112312344334,鞦,h-o+/mq
122125112313432,鞒,h-o+/q/l
122125112321251134,鞭,h-o+a-bx
1221251123215,靴,h-o+av/
1221251123235,靴,h-o+av/
1221251123253,靴,h-o+av/
1221251123312,靳,h-o+rr
1221251123344531,鞖,h-o+/\\/y
12212511234,菄,hmb
122125112341253511,鞧,h-o+8-4-
1221251123443531,鞖,h-o+/\\/y
122125112351,靮,h-o+9O\
122125112351111251,鞫,h-o+9O4o
1221251123513341111251,韂,h-o+9r84o
1221251123513344111251,韂,h-o+9r84o
1221251123513351111251,韂,h-o+9r84o
1221251123513354111251,韂,h-o+9r84o
1221251123525135,鞔,h-o+9oa
122125112354111251,鞫,h-o+9O4o
12212511235431234,鞠,h-o+9O8m
12212511235515,鞄,h-o+9Ovc
1221251124,莆,h+\g
12212511241431251,鞛,h-o+iiho
122125112431253511,鞧,h-o+8-4-
12212511244534121,鞚,h-o+\n8--
12212511244535121,鞚,h-o+\n8--
122125112445531,鞍,h-o+\ny
12212511251111254,鞬,h-o+z\c-f
122125112511112554,鞬,h-o+z\c-f
122125112511534,鞎,h-o+c-w
1221251125121,靵,h-o+c+
1221251125211,靵,h-o+c+
1221251125215,靶,h-o+vcl
12212511253,勒,h-o+v/
1221251125325135,鞔,h-o+9oa
122125112545231234,鞣,h-o+dz/m
12212511255453,靿,h-o+⿽vdv/
122125112554554134534,鞿,h-o+226-x\a
122125112554554134543,鞿,h-o+226-x\a
1221251132511154444,鵲,h-bniv-T
1221251135451,鹊,h-bniv-
12212512,苛,h-lo
1221251211154444,燕,h-2l7o/\\\
122125121115444452,酀,h-2l7o/\\\zl
1221251211154444552,酀,h-2l7o/\\\zl
1221251211251211,薑,h-o+-o+-
1221251211354444,燕,h-2l7o/\\\
122125121135444452,酀,h-2l7o/\\\zl
1221251211354444552,酀,h-2l7o/\\\zl
1221251211534444,燕,h-2l7o/\\\
122125121153444452,酀,h-2l7o/\\\zl
1221251211534444552,酀,h-2l7o/\\\zl
12212512134,黄,h-nt8
1221251213421251,黇,h-nt8fo
12212512212511,蓸,h-bllb
12212512343534,蔌,hmo9a
122125123435344454,藗,h\zmo9a
12212512343534454,藗,h\zmo9a
122125123435344554,藗,h\zmo9a
1221251251122512511,蘁,hj-oooo
122125125121,葍,h-oo+
122125125132411121,雚,hooa2f-
122125125132411121132511134,顴,hooa2f-re8
1221251251324111212511135,觀,hooa2f-ea
12212512531125221,藍,hrlc2a\nh
12212512531425221,藍,hrlc2a\nh
12212512554,菣,hrlc24
122125125542511134,藖,hrlc24e8
1221251431,荳,h-oh
12212521111132522,薷,h-nl4rnll
1221252111125121,蕾,h-nl4o+
122125221134534,蔑,hnhrx\\
122125221134543,蔑,hnhrx\\
122125221251112,蕈,h-4b+
1221252214512154,甍,hnhn-vv\
12212522145135415,薨,-lfnhn-9i7
12212522145135435,薨,-lfnhn-9i7
12212522145135453,薨,-lfnhn-9i7
122125221451554,甍,hnhn-vv\
1221252214525111,瞢,hnhne
12212523211511134,藇,hr2c-8v-l
12212523422,莿,hmnll
1221252343134,蓛,hmnax
12212524134132522,薷,h-nl4rnll
1221252413425121,蕾,h-nl4o+
12212524444132522,薷,h-nl4rnll
1221252444425121,蕾,h-nl4o+
12212533211511134,藇,hr2c-8v-l
1221253434132534,颟,h-naare8
122125351,茜,h-4
1221253511,莤,h-4-
1221253511324111214444,蘸,h-4-a2f-/\\\
1221254,芰,h+4
1221311534124,蓐,hr2w-\
122131251534,葴,hrx\-o
122131251543,葴,hrx\-o
122131531534,葳,hrx\-y
122131531543,葳,hrx\-y
122132121,茬,hxOlt
1221321251534,蒧,hrx\fo
1221321251543,蒧,hrx\fo
12213241,苤,hrl\-
122132411121321511,舊,hTa2f-r-c
1221324111215422,劐,ha2f-4ll
12213251,若,hxOo
122132511325113251,藞,hrororo
12213251251214251214,蠚,hxOoodod
122132514544,惹,hxOo/v\\
122132521,荐,hxOlz-
122132534534,蒇,hrx\e8
122132534543,蒇,hrx\e8
1221331234312342121,藶,hr/m/mf2
12213344,茇,hxO4\
12213411234,萘,hq2w
12213412,苹,h-+8
122134121312,莾,hq+h
12213412132,莾,hq+h
1221341251112,輂,h-8-v+T
1221342344,恭,h-8/v\\\
12213425115,菴,hqbv
122134251214,蛬,h-8od
12213425234343434,薾,h-8nlxxxx
122134315233534,蕨,hrhul9a
1221343434,莢,hqaa
12213441312,莽,hq\h
1221344132,莽,hq\h
122134425221,葢,hq\nh
122134515,巷,h-8vc
122135113134,散,h-gax
12213513125125534,藏,hk-x\rlc2
12213513125125543,藏,hk-x\rlc2
1221352513134,敬,h9Ooax
12213525131341111251,警,h9Ooax4o
12213525131341211254444,驚,h9Ooaxvv-T
12213525131341234,檠,h9Ooaxm
12213525131342111254444,驚,h9Ooaxvv-T
1221352513134251214,蟼,h9Ooaxod
12213525131343112,擎,h9Ooax/j
12213525131344111251,警,h9Ooax4o
1221353,苈,hrv/
122135333431121,蕤,h-eat
1221354,苃,hxO4
122135413134,散,h-gax
122135415132,葬,h-9i7h
1221354211121111,薤,h-9i3ll3-
122135422,茢,h-9ill
12213543,茂,hrx\
122135435132,葬,h-9i7h
12213544,茇,hxO4\
122135453132,葬,h-9i7h
12214312,苹,h-+8
1221431234,莱,him8
122143134,荚,hqh
12214521111132522,薷,h-nl4rnll
1221452111125121,蕾,h-nl4o+
12214524134132522,薷,h-nl4rnll
1221452413425121,蕾,h-nl4o+
12214524444132522,薷,h-nl4rnll
1221452444425121,蕾,h-nl4o+
12215112531,萋,h-c+y
122151225,茝,hcOlol
1221512454,莲,h\z-v+
1221513,芦,h\c/
122151532511,蒈,h77/b
122151534,荑,hqcv
1221523,芽,hv-l/
1221523211511134,藇,hr2c-8v-l
122152534,贳,h-ve8
12215311345452134,薿,h7aqdvfa
1221531234132511134,蘔,h7/mre8
122153135,荛,h/-v-a
1221533211511134,藇,hr2c-8v-l
12215341534,菚,h-x\-x\
1221535,芘,h77
122153512,荜,h77+
122153532511,蒈,h77/b
12215413452,菡,hu-v88
12215431543,菚,h-x\-x\
12215435,茺,h-da
122155312,荜,h77+
122155332511,蒈,h77/b
1222,卅,/ll-
1222111154122134,蕻,hliii-dh-8
1222111154511112,蕼,hliii-dc-f
12221112111,菲,h3ll3
122211121111,韮,h3ll3-
122211121114544,蕜,h3ll3/v\\
12221123454,菽,hf-w4
1222121,芷,hf2
122212115,茈,hf27
122212121212121,蕋,hf2f2f2
1222121233132511134,蘋,hf2/l/re8
122212135,茈,hf27
122212153,茈,hf27
12221251,苫,hfo
12221253444441,蓾,hfox4
12221434,苡,hv\a
12221515,茈,hf27
12221531513533344454,蘧,h\zfr7-e
1222153151353334454,蘧,h\zfr7-e
12221531513533344554,蘧,h\zfr7-e
1222153152512125221,蘆,hfr7o+nh
122215315251214544,藘,hfr7o+/v\\
12221535,茈,hf27
12221553,茈,hf27
1222231425221,蓝,hlla\nh
122234252343134,蔽,h8nl8ax
122241121,荘,hiil+-
1222413344124,蒋,hiil9i-\
1222413443124,蒋,hiil9i-\
122241354124,蒋,hiil9i-\
122243252343134,蔽,h8nl8ax
122245252,带,/ll-nnl
12224532411121,蔺,hina2f-
12225111134554234,繤,hn-iii8⿽vdw
122251112,草,hb+
122251112211154,蕞,hbr3l4
1222511124,莳,hb-\
12225111341111251,謩,hbq4o
1222511134121,墓,hbqt
12225111341211254444,驀,hbqvv-T
12225111342111254444,驀,hbqvv-T
12225111342344,慕,hbq/v\\\
12225111342511,暮,hbqb
1222511134252,幕,hbqnl
12225111343112,摹,hbq/j
12225111344111251,謩,hbq4o
122251113452,鄚,hbqzl
122251113453,募,hbqv/
1222511134551,蓦,hbqvv-
1222511134552,鄚,hbqzl
12225111354,萈,hea\
122251115154,葭,hlc--c4
122251122111,葺,hor3l
1222511221111534,蕺,hor3l-x\
1222511221111543,蕺,hor3l-x\
122251122111534,蕺,hor3l-x\
122251122111543,蕺,hor3l-x\
1222511232115114512535113453,虋,hr2cn-on-4-8vi
12225112511125431234,蘭,hinTmo8
1222511251132411121,藺,hinTa2f-
12225112512531,蔞,ho-oly
122251125214,萬,hbnd
1222511252142512134,躉,hbndofa
122251125214251214,蠆,hbndod
1222511252144454,邁,\zhbnd
122251125214454,邁,\zhbnd
1222511252144554,邁,\zhbnd
12225112522154,蔓,hbnh4
12225112554,萬,hbnd
122251125542512134,躉,hbndofa
12225112554251214,蠆,hbndod
122251125544454,邁,\zhbnd
12225112554454,邁,\zhbnd
122251125544554,邁,\zhbnd
12225113511,萌,hbg
122251135345,葛,hb9Ova
122251211534,葨,ho+-v\/
1222512121354251,蕗,hof29\o
1222512125132341,薗,hoOto/w
1222512125135341,薗,hoOto/w
122251212534,蒉,hol-e8
1222512132511154444,鶓,ho+niv-T
1222512135451,鹋,ho+niv-
122251214,茧,hod
122251214544,葸,ho+/v\\
122251215354251,蕗,hof29\o
12225121554234,蔂,ho+⿽vdw
122251225251,萵,hnvno
1222512252514454,薖,h\znvno
122251225251454,薖,h\znvno
1222512252514554,薖,h\znvno
1222512452511,蓇,hnvng
1222512453511,蓇,hnvng
1222512453541,蓇,hnvng
1222512511134,蒷,hoe8
122251251115,萼,hoo--v
122251251251115,蕚,hooo--v
12225125132115114512535113453,虋,hr2cn-on-4-8vi
12225125132411121,雚,hooa2f-
12225125132411121132511134,顴,hooa2f-re8
12225125132411121132534,颧,hooa2f-re8
122251251324111212511135,觀,hooa2f-ea
1222512513241112135451,鹳,hooa2f-niv-
1222512534,莴,hona
1222513251,莒,hoo
122251341,茵,hoOq
1222513414544,蒽,hoOq/v\\
1222513522,莂,ho9Oll
1222515132115114512535113453,虋,hr2cn-on-4-8vi
1222515134,茣,ho-q
1222515322,莂,ho9Oll
122252125251,萵,hnvno
1222521252514454,薖,h\znvno
122252125251454,薖,h\znvno
1222521252514554,薖,h\znvno
1222521452511,蓇,hnvng
1222521453511,蓇,hnvng
1222521453541,蓇,hnvng
1222522112132511,薯,hnh/tb
12225221121325114,薯,hnh/tb
12225221134534,蔑,hnhrx\\
12225221134543,蔑,hnhrx\\
12225221251,萜,hnlfo
122252212511134,蕒,hnhe8
12225221354,萝,hnh9i
122252214512154,甍,hnhn-vv\
1222522145135415,薨,-lfnhn-9i7
1222522145135435,薨,-lfnhn-9i7
1222522145135453,薨,-lfnhn-9i7
12225221451554,甍,hnhn-vv\
122252214525111,瞢,hnhne
122252215425111515,藣,hnhdg77
122252215425113535,藣,hnhdg77
122252215425115353,藣,hnhdg77
122252215435111515,藣,hnhdg77
122252215435113535,藣,hnhdg77
122252215435115353,藣,hnhdg77
122252215435411515,藣,hnhdg77
122252215435413535,藣,hnhdg77
122252215435415353,藣,hnhdg77
1222522155423432411121,蘿,hnhvd3Ta2f-
1222522155444432411121,蘿,hnhvd3Ta2f-
12225251,苘,hno
122252511,茴,hoOo
12225252,茁,hulu
12225312341,菌,hoO/m
1222534,芮,hna
1222534125221,蒕,hoOanh
1222535,苋,hna
12225431415,菵,hnhiiv
12225525251,萵,hnvno
122255252514454,薖,h\znvno
12225525251454,薖,h\znvno
122255252514554,薖,h\znvno
122255452511,蓇,hnvng
122255453511,蓇,hnvng
122255453541,蓇,hnvng
12231112111,菲,h3ll3
122311121114544,蕜,h3ll3/v\\
12231121,苼,hat
12231123412212511,藉,h2mh-b
122311234251125214,藕,h2mbnd
12231123425112554,藕,h2mbnd
122311253134,葜,hiiilviq
1223113432411121,薙,haqa2f-
122312,芊,h/+
12231211,苲,halii
122312121211,菙,h/+--h
12231212211,菙,h/+--h
1223121534,莪,h/fx\
122312154,莛,hz\/t
1223121543,莪,h/fx\
1223121554,莛,hz\/t
122312211211,菙,h/+--h
1223123412134354,薐,h/mt89\
1223123412135354,薐,h/mt89\
1223123422,莉,h/mll
1223123432511312,薭,h/m/b/+
1223123435,莠,h/mv/
1223123435251214444,蘓,h𮃣
12231234353,菞,h/mv/
122312343533424134,藜,h/mv/al3
122312344334,萩,h/mq
122312344351523,蕛,h/m8cvl/
1223123453,莠,h/mv/
12231234531,萎,h/my
122312511121,董,h/+o+t
122313432,荞,h/q/l
1223154,苌,hv-\/ or v-/\
1223155414,莓,havv3
12231554143134554234,蘩,havv3ax⿽vdw
1223155441,莓,havv3
12231554413134554234,蘩,havv3ax⿽vdw
122321113554,葮,hliiii9x
122321121,荏,ha/+-
1223211212511,蒨,haj-g
1223211212521,蒨,haj-g
1223211213511,蒨,haj-g
1223211511254,蓃,halalh-oiiaa2f-oll3
122321151134,萸,hr-ca
122321152,茚,h/l--vl
1223212154,莚,hz\/fv
12232121554,莚,hz\/fv
12232124,苻,ha-\
1223212512,荷,ha-lo
122321344,茯,haq\
1223215,花,hav/
122321511254,蓃,halalh-oiiaa2f-oll3
12232151134,萸,hr-ca
122321534,茷,ha-x\
122321543,茷,ha-x\
122321554,莚,hz\/fv
1223215554,莚,hz\/fv
1223223134,莜,halax
12232231342511,蓨,halaxg
1223223134333,蓚,hal9\///
12232231343511,蓨,halaxg
12232231343541,蓨,halaxg
1223223542511,蓨,halaxg
122322354333,蓚,hal9\///
1223223543511,蓨,halaxg
1223223543541,蓨,halaxg
122322511234,葆,haom
122322511234413534,藵,h𧛱
122322512,茽,haol
122323121,荏,ha/+-
12232411121321511,舊,hTa2f-r-c
122324111214444,蕉,ha2f-/\\\
122324111215422,劐,ha2f-4ll
1223241431,莅,haiih
1223241431251,蓓,haiiho
12232511154444,蔦,hniv-T
122325112534,葲,h/bl3
12232511312,萆,h/b/+
122325113251132511,藠,h/b/b/b
12232511351,菂,h/b9O\
12232511354,菂,h/b9O\
12232511355135,蔸,h兜
122325113554,蒐,h/o+ad
1223251141353134,薂,h/b2pax
1223251141533134,薂,h/b2pax
122325114554,葠,hac-n4
122325115215,葩,h/bvcl
122325115545541234,藥,h⿽vd/b⿽vdm
1223251213554,蒐,h/o+ad
122325131134,葔,hav-aq
1223251514143112,薛,h/lcciih+
12232515141431121234,蘖,h/lcciih+m
1223251514143112431234,糵,h/lcciih+8m
1223251514143112521,孽,h/lcciih+z-
12232533414544,蔥,h/oO/v\/v\\
1223253411515,蓖,h/oOx77
1223253411535,蓖,h/oOx77
1223253411553,蓖,h/oOx77
1223253413535,蓖,h/oOx77
1223253415353,蓖,h/oOx77
12232535414544,蔥,h/oO/v\/v\\
122325434354,葰,had89\
122325435354,葰,had89\
1223312,芹,hrr
12233124454,菦,h\zrr
1223312454,菦,h\zrr
12233124554,菦,h\zrr
1223315112234,蒹,hhch8
122332112,荇,h/a--l
1223321212134,蓗,h/atfa
12233221212134,蓰,h/af2fa
122332252111213134,藢,h/alu-/tax
122332252131213134,藢,h/alu-/tax
1223322521353134,薇,h/a𡵂ax
12233231121215211234,蘌,h/aa+-vvl2w
1223323112155211234,蘌,h/aa+-vvl2w
122332312511354,蕧,h/aab9\
12233234342134,蓯,h/aaafa
1223323525121134112,蘅,h/a--l9o+q
122332511112,葎,h/ac-f
122333132511134,蕦,h///re8
122333253134,葜,hiiilviq
12233441234,菜,h/\\/m
1223344321511,蓞,h/\\/r-c
122334435554444,蔿,h/\\//vvv/\\\
1223344521,莩,h/\\/z-
1223344531,荽,h/\\/y
1223351,芦,h\c/
1223351153554,蒑,hr⿼c-v9x
12233544,苽,hrd\
1223354433544,蓏,hrd\rd\
122341121,荃,haj-
1223411234,荼,ha-m
12234112431,菳,hajh
122341154,荟,haiid
122341234,茶,ham
1223412343554,蔱,hxm9x
12234123443554,蔱,hxm9x
1223412353554,蔱,hxm9x
12234123543554,蔱,hxm9x
122341251,荅,ha-o
1223414431,莶,ha-\\/-
1223415113251,蒼,haic/-o
12234152,苓,haid
12234154,苓,haid
12234154544,菍,haiv/v\\
1223422,苅,hxll
12234234,苶,haw
12234252343134,蔽,h8nl8ax
122343123425121,蕃,h/8mo+
1223432,芥,ha/l
1223432511154444,鴱,hxniv-T
12234431234,菜,h/\\/m
1223443321511,蓞,h/\\/r-c
122344335554444,蔿,h/\\//vvv/\\\
122344345354152,蕣,h/\\/n9i+v
1223443454544354,薆,h/\\/n/v\\9\
1223443521,莩,h/\\/z-
1223443531,荽,h/\\/y
12234435333251135,藐,h/2/q\/ba
1223445,芩,haiv
1223445113251,蒼,haic/-o
12234454,苓,haid
12234454544,菍,haiv/v\\
1223454533533,蓊,h8dcc
1223454541541,蓊,h8dcc
1223455,苍,havv
12235112554,菔,hgvl4
122351134113424134,藤,hg𣳾
122351134113453,蕂,hg8iiav/
1223511351122,蒯,hggll
122351135251,葋,hg9Oo
122351143113424134,藤,hg𣳾
122351143113453,蕂,hg8iiav/
12235115254,菔,hgvl4
122351251124,葡,h9O+\g
122351251214,葻,h/v/od
12235125125121,蔔,h9O-oo+
1223513341111251,薝,h9r84o
1223513344111251,薝,h9r84o
1223513351111251,薝,h9r84o
1223513354111251,薝,h9r84o
1223515,芪,hrx
12235152,茚,h/l--vl
122352511,荀,h9Ob
1223525121122,蓟,h9u-ll
12235251211431112,藓,h9u-h128
1223525121444431234,蘇,h9u-T/m
122352513134,敬,h9Ooax
1223525131341111251,警,h9Ooax4o
1223525131341211254444,驚,h9Ooaxvv-T
1223525131341234,檠,h9Ooaxm
1223525131342111254444,驚,h9Ooaxvv-T
122352513134251214,蟼,h9Ooaxod
1223525131343112,擎,h9Ooax/j
1223525131344111251,警,h9Ooax4o
12235251354,菟,h9oa\
1223525153,莻,hv/ov/
122352534251113134,藑,h/vnaeax
12235253425111354,藑,h/vnaeax
12235311252,萄,h9Oa+u
12235311345452134,薿,h7aqdvfa
1223531234132511134,蘔,h7/mre8
1223531344,获,hq\q\
1223531354,莸,hq\k\
12235321511,萏,h9r-c
122353251214,葻,h/v/od
1223533,芴,h9O//
12235334,茐,h9O//\
122353344544,葱,h9O//\/v\\
1223534,芡,h9a
1223534334,荻,hq\q
1223535,芘,h77
1223535112533112,薢,h9ntvia+
122353512,荜,h77+
1223535121533112,薢,h9ntvia+
12235352,茆,h/v/vl
122353523411243122,藰,h𨥫ll
122353532511,蒈,h77/b
12235411124454,蓬,h\z9\iiil
1223541112454,蓬,h\z9\iiil
12235411124554,蓬,h\z9\iiil
122354135251,葋,hg9Oo
122354152,荈,h9i+v
12235415411234,蔡,h9i\\v2w
12235431234,菊,h9O8m
122354341511534,蕵,h9iaicw
122354344511534,蕵,h9iaicw
12235442554,菔,hgvl4
122354434113424134,藤,hg𣳾
122354434113453,蕂,hg8iiav/
1223544354422,蒯,hggll
122354443113424134,藤,hg𣳾
122354443113453,蕂,hg8iiav/
12235445254,菔,hgvl4
12235445411234,蔡,h9i\\v2w
12235451,茑,hniv-
122354533411243122,藰,h𨥫ll
12235455,苑,h9ivv
122354554544,葾,h9ivv/v\\
12235515,苞,h9Ovc
1223552335523,蒭,h9Oul9Oul
122411125112132511,藷,h4oT/tb
1224111251121325114,藷,h4oT/tb
12241112513554,蔎,h4oT9x
122412121,荘,hiil+-
1224123344124,蒋,hiil9i-\
1224123443124,蒋,hiil9i-\
122412354124,蒋,hiil9i-\
1224124,苄,hiif
1224125113534,蓑,hii/wo-
12241251251112213534,蘘,hiioo-h-/w
1224125125251,蒿,hiiono
12241251252511234,藁,hiionom
122412512525131234,藳,hiiono/m
122412514512,葶,hiion-l
12241251452511234,藁,hiionom
122412514525131234,藳,hiiono/m
1224131221252,蓆,h\rh-nl
12241312214444,蔗,h\rh-/\\\
12241312341234,蔴,h\rmm
1224131234123413251,蘑,h\rmmro
1224131234123421112111,蘼,h\rmm3ll3
1224131234123431112111,蘼,h\rmm3ll3
122413123412343112,藦,h\rmm/j
12241312351235,蔴,h\rmm
1224131235123513251,蘑,h\rmmro
1224131235123521112111,蘼,h\rmm3ll3
1224131235123531112111,蘼,h\rmm3ll3
122413123512353112,藦,h\rmm/j
1224133434121,蓙,h\rtaa
12241335151,菧,h\rrx\
12241335154,菧,h\rrx\
1224134131134,蒺,h\r2aq
122413432,荠,hiix/l
122413434,茭,hii8x
12241343412,萃,hiiaa+
12241345225214,蓠,hiiuxnd
1224134522554,蓠,hiiuxnd
12241352211254444,薦,h\rcllv-/\\\
12241352211515431234,蘪,h\r4778m
122413522115154444,藨,h\r477/\\\
12241352211535431234,蘪,h\r4778m
122413522115354444,藨,h\r477/\\\
1224135221154444,薦,h\rcllv-/\\\
12241352211553431234,蘪,h\r4778m
122413522115534444,藨,h\r477/\\\
12241352213535431234,蘪,h\r4778m
122413522135354444,藨,h\r477/\\\
12241352215353431234,蘪,h\r4778m
122413522153534444,藨,h\r477/\\\
12241353131134,蔟,h2paaq
12241353144,菸,h2paii
12241353152134,蔙,h2pavfa
122413531525,葹,h2pavvl
1224135342511134,薋,hii9ae8
12241353444,菸,h2paii
12241431,苙,hiih
1224143112,莘,hiih+
1224143112343312,薪,hiihmrr
12241431251,菩,hiiho
12241431251112,蔁,hiihb+
1224143125114544,薏,hiihb/v\\
1224143125152,蔀,hiihozl
12241431251552,蔀,hiihozl
1224143135251,蒟,hiih9Oo
122414313533343554,藙,hiihe9x
12241431531,菨,hiihy
1224143253354211121111,虀,hiivi8l/v\3ll3-
122414345252,蒂,hii8nnl
1224143454135,蒡,hii8n2p
1224143454153,蒡,hii8n2p
122415,芒,hiiv
1224153,芳,h2p
122415325,荒,hiiv-
12241533131134,蔟,h2paaq
12241533144,菸,h2paii
12241533152134,蔙,h2pavfa
122415331525,葹,h2pavvl
122415334,荄,hiiv/a
12241533444,菸,h2paii
122415435,茺,h-da
1224155332411121,蕹,hiivv/a2f-
1224155425121,蓄,hii⿽vdo+
12242532411121,蔺,hina2f-
122431,亚,-4-
122431121,垩,-4-t
1224311214444,蓔,hht/\\\
1224312344454,蒾,h\z8m
122431234454,蒾,h\z8m
1224312344554,蒾,h\z8m
122431234531,蒌,h8my
1224312345313134,薮,h8myax
1224312511,晋,-4-b
12243125111534,戬,-4-b-x\
12243125111543,戬,-4-b-x\
122431251152,鄑,-4-bzl
1224312511552,鄑,-4-bzl
1224313,严,-hllr
1224314544,恶,-4-/v\\
1224315112234,蒹,hhch8
1224315233511,蒴,hhulg
122432511123312,蕲,h8b+rr
12243252343134,蔽,h8nl8ax
1224334132511134,薠,hqre8
12243342511112,蔊,hqb-+
1224334334411354,蕿,hq/\\/-xO4
1224334344311354,蕿,hq/\\/-xO4
12243344334454334,藀,hqqnq
12244112511,菃,hiii--c
122441125111234,蕖,hiii--cm
1224411251124,蒲,hiii+\g
1224411251124124,薄,hiii+\g-\
12244112512,菏,hiii-lo
122441125221251112,藫,hiii-4b+
12244113412,萍,hiii-+8
12244114312,萍,hiii-+8
1224411515,菃,hiii--c
12244115151234,蕖,hiii--cm
1224412343,莎,hiiil8 or /l\/
12244125111,菹,hiiig-
122441251125214,蕅,hiiibnd
122441251125221,蕰,hiiibnh
12244125112554,蕅,hiiibnd
1224412512512511234,藻,hiiiooom
1224412534125221,薀,hiiioOanh
12244131133112,蓱,hiii8-h
1224413241431,蒞,hiiiaiih
122441343123425121,藩,hiii/8mo+
12244134341211121111534,虃,hiii⿽-x\aa3ll3-
12244134341211121111543,虃,hiii⿽-x\aa3ll3-
12244135254,菠,hiiirlx
122441354251,落,hiii9\o
1224414125125251,薃,hiiiiiono
122441415,茫,hiiiiiv
122441431132,蓱,hiii8-h
1224414511534,蒗,hiii\c-w
122441511112,葏,hiiic-f
1224415114554,蓡,hiiic-n4
12244153251,菬,hiiivio
12244153254,菠,hiiirlx
122441533,荡,hiiiv//
12244154251,菭,hiiido
12244155,范,hiiivv
1224451,苎,h\n-
122445112,荢,h\n-+
12244511234,萗,h\n2w
1224451135,莞,h\n--a
12244511352154,蔻,h\n--af4
12244511353134,蔲,h\n--aax
12244512,苧,h\n-l
122445125111,萱,h\n-b-
12244513251,菪,h\nro
12244525151,菅,h\nlcc
12244532132511,蓿,h\na-/b
122445321511354444,藛,h\nr-c9O/\\\
122445341344,葖,h\n8q\
122445343251113515,藭,h\n8/e/cv
1224453434251,蓉,h\n8ao
1224453453,䓖,h\n8v/
122445351344,葖,h\n8q\
122445353251113515,藭,h\n8/e/cv
12244535455,菀,h\n9ivv
12244551251,菅,h\nlcc
1224511214,莹,hn-t\
122451135124,蒄,hn--a-\
1224511353334,蒙,hn--e
1224511534,莨,h\c-w
12245121,茔,hnt
122451234,荣,hnm
122451251112,葷,hn-v+T
1224513,芦,h\c/
122451512,荤,hn-v+
12245251,茕,hnv+
12245251135345,蔼,h4ob9Ova
1224525114134,蓂,hnbra
12245251214,萤,hnod
12245251251,营,hnoo
122452534,荥,hnl3
122453112,荦,hna+
1224534112431,蓥,hnajh
1224535451,莺,hnniv-
122454,芝,h\v\
122454334,荧,hnq
1224544,芯,h/v\\
12245443,苾,h/v\\/
122454445444544,蕊,h/v\\/v\\/v\\
12245512,茕,hnv+
1224553,劳,hnv/
12245554234,萦,hn⿽vdw
1225,艺,h9
12251111,直,+n-iii
122511111225111112251111,矗,+n-iii+n-iii+n-iii
1225111134,真,+n-iii8
1225111134132511134,顛,+n-iii8re8
1225111134132534,颠,+n-iii8re8
122511121152,韩,+b+iivl
122511121251124,蕁,h⿼c---o-\
122511121534,戟,+b+-x\
122511121543,戟,+b+-x\
12251112315,乾,+b+a9
12251112344412,斡,+b+a⿽-lii
1225111234533533,翰,+b+acc
1225111234541541,翰,+b+acc
122511123511,朝,+b+g
122511123544,朝,+b+g
122511124,荨,h⿼c--\
12251112521251152,韓,+b+co+v
12251115,直,+n-iii
122511151225111512251115,矗,+n-iii+n-iii+n-iii
12251123234,萧,hc+8/l
12251124134,菉,h⿼c-l3
122511534,茛,hc-w
122512115154,葭,hlc--c4
12251251115154,嘏,+olc--c4
122512511212534,赜,cOlolj-e8
1225125112512511,噩,j-oooo
1225125132511134,頤,cOlolre8
1225125132534,颐,cOlolre8
12251255154444,熙,cOlolvc/\\\
12251311234124,蔚,hc/2w-\
122513112341244544,藯,hc/2w-\/v\\
122513134,故,+oax
1225132511154444,鴣,+oniv-T
1225132514143112,薜,hc/oiih+
1225134,芵,hvq
122513444,荩,hc/\ii
1225135,克,+oa
122513511,胡,+og
12251351135451,鹕,+ogniv-
12251351225135,兢,+oa+oa
122513541,胡,+og
1225135451,鸪,+oniv-
122514143112,辜,+oiih+
12251512115154,嘏,+olc--c4
122515122111,葞,hcvr3l
12251515,苠,hvc-v
12251532,茀,h/lcv
1225153351533,蒻,hcviicvii
1225154151541,蒻,hcviicvii
12252,节,hvl
12252121154325,蔬,hvf2ii228
122521214154325,蔬,hvf2ii228
122521234,荪,hz-w
1225212511234,蔯,hzlmb
122521251152,葦,hco+v
1225213121,莊,hk+-
12252133541124,蔣,hk9i\-\
12252133544,菰,hz-rd\
12252133544124,蔣,hk9i\-\
1225215154325,蔬,hvf2ii228
12252154154325,蔬,hvf2ii228
12252251212511134,藬,hzlol-e8
12252252,茁,hulu
122523511,荫,hzlg
12252413452,菡,hu-v88
12252414313,萨,hzlii8r
1225253414444,蒸,hvl3-/\\\
12253112251,菇,hy+o
1225311311534124,薅,hyr2w-\
122531251,茹,hyo
1225312513112,蒘,hyo/j
122531531531,葌,hyyy
12253251354,菟,h9oa\
1225325153,莻,hv/ov/
12253311345452134,薿,h7aqdvfa
1225331234132511134,蘔,h7/mre8
1225331344,获,hq\q\
1225331354,莸,hq\k\
1225334334,荻,hq\q
12253353334333,蓼,hcca///
122534,芄,h/9\
1225344,苏,hv/8
1225353,芘,h77
122535312,荜,h77+
122535332511,蒈,h77/b
12254121,茎,h4t
12254154134333,蓼,hcca///
12254251,苔,hdo
122543112,南,+n8-+
1225431121344,献,+n8-+q\
122543341134,葵,hv\//\-q
122543345153554,蕟,hv\//\cv9x
1225434,苡,hv\a
122544134,荬,hv⿽iiq
122544331134,葵,hv\//\-q
122544335153554,蕟,hv\//\cv9x
1225452132511134,蕷,hdzre8
1225452132534,蓣,hdzre8
12254523,茅,hdz/
1225452332511154444,鶜,hdz/niv-T
12254545434333,蔘,hddda///
122551121,荭,hvv---
122551124,荮,hvd3-\
1225511525,莼,hvd3-uv
12255124134,菉,h⿼c-l3
122551251125221,蕴,hvd3bnh
1225513525,莼,hvd3-uv
122551353334,蒃,hvv-e
122551354,药,hvd39O\
12255212511234,蔯,hzlmb
122552251212511134,藬,hzlol-e8
1225523511,荫,hzlg
122552414313,萨,hzlii8r
122553,芗,hvv/
122554234251125221,藴,hvd3Tbnh
122554234334411354,藧,hvd3T/\\/-xO4
122554234344311354,藧,hvd3T/\\/-xO4
122554234351,葯,hvd3T9O\
122554234354,葯,hvd3T9O\
122554234355215,蕝,hvd3Tvivcl
122554234535215,蕝,hvd3Tvivcl
122554444251125221,藴,hvd3Tbnh
122554444334411354,藧,hvd3T/\\/-xO4
122554444344311354,藧,hvd3T/\\/-xO4
122554444351,葯,hvd3T9O\
122554444354,葯,hvd3T9O\
122554444355215,蕝,hvd3Tvivcl
122554444535215,蕝,hvd3Tvivcl
122554554,茲,h226
123,才,-/
12341,本,m-
1234111215,框,mcOj-
1234111253134,楔,miiilviq
123411134112,棒,miii/\128
1234111341134,楱,miii/\-q
1234111342511,椿,miii/\b
12341113431234,榛,miii/\/m
1234111343134,楱,miii/\-q
1234111352,梆,miiilzl
12341113552,梆,miiilzl
12341121,枉,mj-
1234112251,栝,m/+o
12341123451124134,隸,m2wc-l3
12341132534,械,m-x\h
12341132543,械,m-x\h
123411534,栈,m-x\-
123411543,栈,m-x\-
12341211121115,榧,mcO3ll3
1234121121,桂,mtt
1234121213415534,樾,mtfav-x\
1234121213415543,樾,mtfav-x\
1234121221113134,橄,mvr3lax
123412122511134,模,mhbq
123412124511353334,檬,mhn--e
1234121251,桔,m+-o
123412132511,楮,m/tb
1234121325114,楮,m/tb
123412134354,棱,mt89\
123412135354,棱,mt89\
123412211,柑,mh--
123412211134,棋,mh-8--
1234122111345,椹,mh---v8
1234122111355,椹,mh---v8
123412211152,椰,mr3lzl
1234122111552,椰,mr3lzl
123412212511121,槿,mh-oj-
123412212512134,横,mh-nt8
12341222511134,模,mhbq
1234122431,桠,m-4-
12341224511353334,檬,mhn--e
123412251,枯,m+o
123412251111,植,m+n-iii
123412251115,植,m+n-iii
123412252,栉,mhvl
1234122543112,楠,m+n8-+
1234123,材,m-/
12341234,林,mm
123412341234,森,mmm
1234123425111,楂,mmb-
12341234333,彬,mm///
123412343453,棼,mm8vi
1234123441352211515,麓,mm\r477
1234123441352211535,麓,mm\r477
1234123441352211553,麓,mm\r477
1234123441352213535,麓,mm\r477
1234123441352215353,麓,mm\r477
123412344334,焚,mmq
1234123452,郴,mmzl
1234123452134,楚,mmvfa
12341234531,婪,mmy
12341234552,郴,mmzl
1234124,村,m-\
123412431252511,樯,mt8oOo
123412511,柜,m--c
1234125111,桓,m-b-
12341251134,梗,m-bx
123412512,柯,m-lo
123412512212511,槽,m-bllb
12341251251,梧,m5o
12341252111125121,檑,m-nl4o+
12341252413425121,檑,m-nl4o+
12341252444425121,檑,m-nl4o+
123412534,柄,m-na
12341254,枝,m+4
1234125431234,楝,mmo8
123412544134,椟,m+v⿽iiq
12341311121115,榧,mcO3ll3
1234131251431124,橱,mr23O
123413211234534,槭,mrx\f-w
123413211234543,槭,mrx\f-w
12341324,杯,mrl\
123413251,柘,mro
123413251111,植,m+n-iii
123413251115,植,m+n-iii
1234132543112,楠,m+n8-+
123413412,枰,m-+8
123413412512,椅,mq-lo
1234134315233534,橛,mrhul9a
12341345,枢,mcOx
12341353,枥,mrv/
123413534,栊,mk2
12341354,板,mr4
123413545,柩,mcO/v\
123414312,枰,m-+8
12341452111125121,檑,m-nl4o+
12341452413425121,檑,m-nl4o+
12341452444425121,檑,m-nl4o+
1234151532511,楷,m77/b
12341521251,梧,m5o
123415234,栋,m-vw
1234153135,桡,m/-v-a
12341533533,翉,m-cc
12341535,枇,m77
1234153532511,楷,m77/b
1234154121,桎,m-dt
12341541541,翉,m-cc
1234154325,梳,mii228
12341553,枇,m77
1234155332511,楷,m77/b
123421122511134,模,mhbq
123421123454,椒,mf-w4
123421124511353334,檬,mhn--e
123421251112,棹,mfb+
1234212534,桢,mfe8
123421513,栌,mfc/
12342231425221,槛,mlla\nh
1234223142535,榄,mlla\na
12342342511,梢,mwg
12342343,杪,ml8 or /l\/
12342343511,梢,mwg
12342343541,梢,mwg
123424,朴,mf
1234243135,桄,mw-a
12342432511,梢,mwg
12342433511,梢,mwg
12342433541,梢,mwg
123424345251121,樘,mwnot
1234243511,档,mw⿼c-
1234245251251,榈,minoo
123425111234,棵,mbm
1234251114544,想,me/v\\
123425111515,棍,mb77
123425111535,棍,mb77
123425111553,棍,mb77
1234251122111,楫,mor3l
123425113535,棍,mb77
123425115,枵,mo-v
12342511533533,榻,mbcc
123425115353,棍,mb77
12342511541541,榻,mbcc
123425221354,椤,mnh9i
1234252214135,楞,mnh2p
1234252214153,楞,mnh2p
123425251,栅,mnn-
1234252515,桤,mluv-v
123425342534531,樱,me8e8y
12342535,枧,mna
12343112251,梏,m163o
1234311234,株,m/im
1234311253134,楔,miiilviq
1234311352,梆,miiilzl
12343113552,梆,miiilzl
1234311531153115,橇,m/-7/-7/-7
123431211,柞,malii
1234312121211,棰,m/+--h
123431212211,棰,m/+--h
12343121251,梏,m163o
1234312154,梃,mz\/t
12343121554,梃,mz\/t
1234312211211,棰,m/+--h
1234312251,栝,m/+o
1234312344334,楸,m/mq
1234313432,桥,m/q/l
12343154,枨,mv-\/ or v-/\
12343155414,梅,mavv3
12343155441,梅,mavv3
1234321113554,椴,mliiii9x
1234321511,桕,mr-c
1234323512,桦,mav/+
12343241112112,榫,ma2f-+
1234324111214444,樵,ma2f-/\\\
123432511,柏,m/b
12343251113124,榭,m/e/-\
12343251113412,槔,m/bq+
123432511252,棉,m/bnl
1234325113554,槐,m/o+ad
12343251141353134,檄,m/b2pax
12343251141533134,檄,m/b2pax
12343251213554,槐,m/o+ad
12343251514454,槌,m\z/lcc
1234325151454,槌,m\z/lcc
12343251514554,槌,m\z/lcc
1234325312,桦,mav/+
1234331232511,皙,mrr/b
123433124,柝,mrr\
123433155,栀,mr-vv
1234332112,桁,m/a--l
1234333,杉,m///
1234333253134,楔,miiilviq
12343344521,桴,m/\\/z-
12343354,板,mr4
1234341,巫,--aa
1234341121,栓,maj-
1234341154,桧,maiid
1234341251122,榆,ma-gll
12343412535,觋,--aana
1234341253511124,樽,m8-4--\
1234341351122,榆,ma-gll
123434135451,鹀,--aaniv-
12343414431,检,ma-\\/-
123434152,柃,maid
123434154,柃,maid
123434342511134,賚,maae8
1234343432511154444,鶆,maaniv-T
12343434354,麥,maa9\
123434343541134,麩,maa9\iia
12343434354132522111,麵,maa9\roll2
123434343542343,麨,maa9\l8 or /l\/
12343434354251221,麯,maa9\bll
12343434354315,麧,maa9\a9
1234343435435431234,麴,maa9\9O8m
12343434354543112,麰,maa9\da+
12343441345225214,檎,maiiuxnd
1234344134522554,檎,maiiuxnd
12343443521,桴,m/\\/z-
123434452534,赍,+aane8
123434454,柃,maid
12343455,枪,mavv
123435113511,棚,mgg
12343513341111251,檐,m9r84o
12343513344111251,檐,m9r84o
12343513351111251,檐,m9r84o
12343513354111251,檐,m9r84o
1234351355,桅,m9rvv
123435151,柢,mrx\
123435154,柢,mrx\
123435234,栎,m/vw
123435251,枸,m9Oo
1234352512112511,橹,m9u-b
123435251353334,橡,m9oe
1234352521353334,橡,m9oe
1234352534353334,橡,m9oe
12343535,枇,m77
123435351,栅,mnn-
12343535112,桷,m9nt
123435351124412,槲,m9nt⿽-lii
123435351214412,槲,m9nt⿽-lii
123435352,柳,m/v/vl
12343535225121,榴,m/v\vio+
1234353532511,楷,m77/b
1234354251,格,m9\o
123435443544,棚,mgg
12343545325121,榴,m/v\vio+
1234355425221,楹,mv/4nh
123441121,柱,m\j-
12344125113534,榱,mii/wo-
123441251234,椋,miiow
12344125125251,槁,miiono
123441251521,椁,miioz-
123441252,柿,m\-ni
12344125251111234,檩,miioOo2w
12344125251125111,檀,miioOob-
1234413121,桩,m\rt
1234413434,校,mii8x
12344143112,梓,miih+
1234414311234,榇,miihm
123441431251112,樟,miihb+
12344143454135,榜,mii8n2p
12344143454153,榜,mii8n2p
12344153,枋,m2p
1234415334,核,miiv/a
12344154325,梳,mii228
1234425251251,榈,minoo
123443111,栏,minTmo8
1234431112,样,mh128
1234431113121,槎,mht/--
12344311213121,槎,mht/--
1234431234531,楼,m8my
1234431253511124,樽,m8-4--\
12344351523,梯,m8cvl/
12344412343,桫,miiil8 or /l\/
1234443134112,榉,m\\/-8128
12344444,杰,m/\\\
123444454,述,\zm\
12344445432511154444,鶐,\zm\niv-T
123444511234,棕,m\n2w
123444512,柠,m\n-l
1234445125111,楦,m\n-b-
123444525151,棺,m\nlcc
12344453212134,槟,m\nrr-8
12344453431211,榨,m\n8alii
12344453434251,榕,m\n8ao
123444535,柁,m\n7
12344453531211,榨,m\n8alii
123444535415411234,檫,m\n9i\\v2w
123444535445411234,檫,m\n9i\\v2w
12344454,述,\zm\
1234445432511154444,鶐,\zm\niv-T
123444551251,棺,m\nlcc
123444553,柁,m\n7
1234445531,桉,m\ny
123444554,述,\zm\
12344455432511154444,鶐,\zm\niv-T
1234451153452,榔,m\c-wzl
12344511534552,榔,m\c-wzl
123445115452,榔,m\c-wzl
1234451154552,榔,m\c-wzl
12344512132511,槠,m4o/tb
12344532411121,榷,mna2f-
12344535,枕,mn/v
123451111254,楗,mz\c-f
1234511112554,楗,mz\c-f
12345114334,棂,m⿼c-q
1234511534,根,mc-w
1234511541535,概,mv⿼c-\rvv
123451221113134,橄,mvr3lax
123451311113112,樨,mc/l3a+
123451312251,椐,mc/+o
1234513211113112,樨,mc/l3a+
12345132342511,榍,mc/wg
12345132343511,榍,mc/wg
12345132343541,榍,mc/wg
1234513241343112,樨,mc/l3a+
12345132432511,榍,mc/wg
12345132433511,榍,mc/wg
12345132433541,榍,mc/wg
123451341343112,樨,mc/l3a+
123452132511,椭,mzlxg
1234521325111,楣,mc/le
123452133511,椭,mzlxg
12345215,杷,mvcl
1234533,杨,mv//
1234533533,栩,mcc
12345353,枇,m77
1234535332511,楷,m77/b
1234535425221,楹,mv/4nh
123454,权,m4
123454121,柽,m4t
123454124,树,m4-\
1234541541,栩,mcc
12345425112,桶,mdn128
1234543341251431,橙,mv\//\-oh
12345434354,梭,md89\
12345435354,梭,md89\
1234544,杈,m4\
1234544331251431,橙,mv\//\-oh
12345452,杼,mdz
1234551,杩,mvv-
1234551353334,椽,mvv-e
1234551551353334,橼,mvd3vv-e
1234552132511,椭,mzlxg
1234552133511,椭,mzlxg
12345554234,紮,mv⿽vdw
123544454,述,\zm\
12354445432511154444,鶐,\zm\niv-T
12354454,述,\zm\
1235445432511154444,鶐,\zm\niv-T
123544554,述,\zm\
12354455432511154444,鶐,\zm\niv-T
1241344,求,-l3\
12413443134,救,-l3\ax
1241344413534,裘,-l3\ii/w
12413444454,逑,\z-l3\
1241344454,逑,\z-l3\
12413444554,逑,\z-l3\
12431252511,啬,t8oOo
12431534,丧,t8v\/
1244544,忑,-f/v\\
12454,辻,\z+
1245521,孛,+nz-
124552135451,鹁,+nz-niv-
124552153,勃,+nz-v/
124554,辻,\z+
1245554234,索,+n⿽vdw
12511,巨,--c
125111,亘,-b-
1251112111341134,輳,-v+Tiii/\-q
1251112111343134,輳,-v+Tiii/\-q
1251112112,軒,-v+T-+
12511121154,転,-v+Tiid
125111212122511251132411121,轥,-v+ThinTa2f-
12511121212251135345,轕,-v+Thb9Ova
125111212134354,輘,-v+Tt89\
125111212135354,輘,-v+Tt89\
12511121221115,輒,-v+Tr3lv
12511121222511251132411121,轥,-v+ThinTa2f-
1251112122251135345,轕,-v+Thb9Ova
125111212511121251112,轟,-v+T-v+T-v+T
125111212511124454,轋,-v+T\z-v+T
12511121251112454,轋,-v+T\z-v+T
125111212511124554,轋,-v+T\z-v+T
125111212511214124,轉,-v+T-bl-\-\
12511121251124,輔,-v+T+\g
125111212512,軻,-v+T-lo
1251112125125121,輻,-v+T-oo+
12511121312514544534,轗,-v+Trx\-o/v\\
12511121312514544543,轗,-v+Trx\-o/v\\
12511121312515344544,轗,-v+Trx\-o/v\\
12511121312515434544,轗,-v+Trx\-o/v\\
1251112132522,輀,-v+Trnll
125111213344,軷,-v+TxO4\
1251112135,軏,-v+T-a
125111213544,軷,-v+TxO4\
12511121355,軛,-v+Trvv
12511121525,軘,-v+T-uv
125111221122511251132411121,轥,-v+ThinTa2f-
12511122112251135345,轕,-v+Thb9Ova
12511122154,軙,-v+Tf4
1251112251113533,輰,-v+Tb-9O//
125111225111515,輥,-v+Tb77
125111225111535,輥,-v+Tb77
125111225111553,輥,-v+Tb77
1251112251135345,輵,-v+Tb9Ova
125111225113535,輥,-v+Tb77
125111225115353,輥,-v+Tb77
12511122522112513234,轘,-v+Tnh--o/w
12511122522112513534,轘,-v+Tnh--o/w
125111231133112,輧,-v+T//-+-+
12511123121,軠,-v+T/+-
1251112313425125251,轎,-v+T/qono
12511123211511134,輿,r2c-v+T-8
125111232151135,輗,-v+Tr-ca
1251112331225111,輴,-v+Tr+e
125111233122512134,蹔,-v+Trrofa
1251112331325111,輴,-v+Tr+e
1251112335414,輈,-v+T231ii
1251112335441,輈,-v+T231ii
1251112341251122,輸,-v+Ta-gll
1251112341251155,輸,-v+Ta-gll
125111234125122,輪,-v+Ta-nh
1251112341253511,輶,-v+T8-4-
1251112341254455,輸,-v+Ta-gll
1251112341351122,輸,-v+Ta-gll
1251112341351155,輸,-v+Ta-gll
1251112341354455,輸,-v+Ta-gll
12511123415,軡,-v+Taiv
1251112343123425121,轓,-v+T/8mo+
12511123445,軡,-v+Taiv
1251112351,軐,-v+Tv+
125111235112251,輖,-v+Tnto
125111235121251,輖,-v+Tnto
125111235151,軧,-v+Trx\
125111235154,軧,-v+Trx\
12511123525,軘,-v+T-uv
12511123525135,輓,-v+T9oa
12511123534,軟,-v+T9a
1251112354,軓,-v+T/v\
12511123554554234,繋,-v+T9x⿽vdw
12511124134,軣,-v+Tii/\
1251112413434,較,-v+Tii8x
1251112431132,軿,-v+T8-h
1251112431253511,輶,-v+T8-4-
12511124451135,輐,-v+T\n--a
125111244525151,輨,-v+T\nlcc
12511124454,連,\z-v+T
125111244551251,輨,-v+T\nlcc
1251112454,連,\z-v+T
12511124554,連,\z-v+T
1251112512,軐,-v+Tv+
12511125131221534,輾,-v+Tc/h-v\/
1251112523554121,墼,-v+Tu9xt
125111252355413251,礊,-v+Tu9xro
1251112523554251214,蟿,-v+Tu9xod
1251112523554554234,繫,-v+Tu9x⿽vdw
12511125325135,輓,-v+T9oa
125111253353334333,轇,-v+Tcca///
1251112534,軔,-v+Tvi\
12511125413425121,輽,-v+Tdqo+
125111254154134333,轇,-v+Tcca///
1251121412452,鄟,-bl-\-\zl
12511214124552,鄟,-bl-\-\zl
125112144544,惠,-bl-\/v\\
1251123432511154444,鶇,mbniv-T
1251124,甫,+\g
125112432511154444,鵏,+\gniv-T
125112441353134,敷,+\g2pax
125112441533134,敷,+\g2pax
12511244454,逋,\z+\g
1251124454,逋,\z+\g
12511244554,逋,\z+\g
125112452,郙,+\gzl
1251124552,郙,+\gzl
1251125,匣,cObi
1251134,更,-bx
12511531532511154444,鶠,cObyniv-T
12511531552,郾,cObyzl
125115315552,郾,cObyzl
12511534,或,-x\o-
125115344544,惑,-x\o-/v\\
12511543,或,-x\o-
125115434544,惑,-x\o-/v\\
12512,可,-lo
125121,再,-nt
1251212512,哥,-lo-lo
12512125123534,歌,-lo-lo9a
12512125345,匮,cOol-e8
12512152,画,-𰢵
12512212511,曹,-bllb
125122125114454,遭,\z-bllb
12512212511454,遭,\z-bllb
125122125114554,遭,\z-bllb
1251234,束,mo
125123422,剌,moll
12512343134,敕,moax
1251234313412121,整,moax-f2
1251234313432511154444,鷘,moaxniv-T
1251234352511134,賴,movie8
1251234352534,赖,mo9e8
12512344143112,辢,moiih+
12512344454,速,\zmo
1251234454,速,\zmo
12512344554,速,\zmo
1251234532511134,賴,movie8
12512345332511154444,鶒,mov/niv-T
1251245132511234,橐,-olnrom
125124513251251214251214,蠹,-olnroodod
1251245251251112213534,囊,-olnoo-h-/w
1251251,吾,5o
1251251122512511,噩,j-oooo
12512512122,副,-oo+ll
12512512132511154444,鶝,-oo+niv-T
1251251214454,逼,\z-oo+
125125121454,逼,\z-oo+
1251251214554,逼,\z-oo+
12512524,卧,rlc2f
125125311225125221,盬,rlc2a+onh
12512531125221,監,rlc2a\nh
12512531134112431,鍳,rlc2a\ajh
125125312125344444125221,鹽,rlc2afox4nh
12512531251251251,臨,rlc2aooo
12512531425221,監,rlc2a\nh
12512531434112431,鍳,rlc2a\ajh
12512534,臥,rlc2a
1251253512,鬲,-onhl
1251253512251214,融,-onhlod
12512535123535225121,鬸,-onhl/v\vio+
12512535123545325121,鬸,-onhl/v\vio+
1251253512533533,翮,-onhlcc
1251253512541541,翮,-onhlcc
1251254312,鬲,-onhl
1251254312251214,融,-onhlod
12512543123535225121,鬸,-onhl/v\vio+
12512543123545325121,鬸,-onhl/v\vio+
1251254312533533,翮,-onhlcc
1251254312541541,翮,-onhlcc
125125541251431,豎,rlc24-oh
125125542511,腎,rlc24g
125125542511134,賢,rlc24e8
12512554251214,蜸,rlc24od
1251255434112431,鋻,rlc24ajh
125125543511,腎,rlc24g
125125543541,腎,rlc24g
12512554554234,緊,rlc24⿽vdw
125134,吏,-ox
12513534,欤,v--9a
1251431,豆,-oh
1251431121,豇,-oh--
12514311254,豉,-oh+4
1251431132511134,頭,-ohre8
125143144535455,豌,-oh\n9ivv
12514314454,逗,\z-oh
1251431454,逗,\z-oh
12514314554,逗,\z-oh
12515112,事,-oc-l
125211111111251251135345,靄,-nl44oTb9Ova
125211111154,雲,-nl4iid
1252111111543443454544354,靉,-nl4iid/\\/n/v\\9\
12521111122125113134,霰,-nl4h-gax
12521111122135113134,霰,-nl4h-gax
12521111122135413134,霰,-nl4h-gax
1252111112341234,霖,-nl4mm
12521111123425111,霜,-nl4me
1252111112342511132511154444,鸘,-nl4meniv-T
12521111132522,需,-nl4rnll
12521111132522132511134,顬,-nl4rnllre8
12521111132522132534,颥,-nl4rnllre8
125211111353,雳,-nl4rv/
125211112342511,霄,-nl4wg
125211112343511,霄,-nl4wg
125211112343541,霄,-nl4wg
125211112432511,霄,-nl4wg
125211112433511,霄,-nl4wg
125211112433541,霄,-nl4wg
12521111251115154,霞,-nl4lc--c4
1252111125115,電,-nl4bv
1252111125121,雷,-nl4o+
125211112512511134,霣,-nl4oe8
125211112512512511234341,靈,-nl4ooo--aa
1252111125125125152,酃,-nl4ooozl
12521111251251251552,酃,-nl4ooozl
125211113115,雮,-nl4/-7
12521111312154,霆,-nl4z\/t
125211113121554,霆,-nl4z\/t
1252111132151135,霓,-nl4r-ca
125211113241112132411121,靃,-nl4a2f-a2f-
1252111134435332511121,霾,-nl4/2/q\o+t
125211113453,雰,-nl48vi
125211113535225121,霤,-nl4/v\vio+
1252111135453,雾,-nl49\v/
125211113545325121,霤,-nl4/v\vio+
1252111135515,雹,-nl49Ovc
125211114111251251135345,靄,-nl44oTb9Ova
125211114125152152,霩,-nl4iioz-zl
1252111141251521552,霩,-nl4iioz-zl
125211114134,雯,-nl4iix
12521111413432,霁,-nl4iix/l
125211114135,雱,-nl42p
12521111414313415,霠,-nl4iihaiv
12521111414313445,霠,-nl4iihaiv
1252111141431531,霎,-nl4iihy
125211114153,雱,-nl42p
12521111441122111345,霮,-nl4iiih---v8
12521111441122111355,霮,-nl4iiih---v8
125211114411234,霂,-nl4iiim
125211114411252,霈,-nl4iii-nl
1252111144121251,霑,-nl4iiifo
12521111441251251,霘,-nl4iiin-o
1252111144133443121,霪,-nl4iii/\\//+-
1252111144134433121,霪,-nl4iii/\\//+-
1252111145251135345,霭,-nl44ob9Ova
12521111511,雪,-nl4⿼c-
12521111512115154,霞,-nl4lc--c4
1252111151311234124,霨,-nl4c/2w-\
125211115132514143112,霹,-nl4c/oiih+
1252111152354131121,霳,-nl4zl9\-at
1252111153353332511,霫,-nl4cc/b
1252111154154132511,霫,-nl4cc/b
12521111545233134,霚,-nl4dz/ax
1252111154523313453,霧,-nl4dz/9\v/
125211115452335453,霧,-nl4dz/9\v/
12521111552354131121,霳,-nl4zl9\-at
12522111234,票,-42w
1252211123422,剽,-42wll
1252211123433544,瓢,-42wrd\
125221112343534,飘,-42w/vx
12522112112154,甄,-4t-vv\
1252211211554,甄,-4t-vv\
12522112152,鄄,-4tzl
125221121552,鄄,-4tzl
1252211221251121211254444,覊,-4h-o+vv-T
1252211221251122111254444,覊,-4h-o+vv-T
1252211221251123511,覇,-4h-o+g
1252211234,栗,-4m
1252211345154454,遷,\z-4qvv
125221134515454,遷,\z-4qvv
1252211345154554,遷,\z-4qvv
125221134554454,遷,\z-4qvv
12522113455454,遷,\z-4qvv
125221134554554,遷,\z-4qvv
125221251112,覃,-4b+
12522125111232511154444,鷣,-4b+niv-T
1252212511134,賈,-4e8
1252212534,贾,-4e8
1252213251141353134,覈,-4/b2pax
1252213251141533134,覈,-4/b2pax
125221332312511354,覆,-4/aab9\
12522134134,覂,-4/\v\
1252213454,覂,-4/\v\
125221431234,粟,-48m
125221531,要,-4y
1252215313533,覅,-4y9O//
12523211511134,與,r2c-8v-l
125232115111341111251,譽,r2c-8v-l4o
12523211511134112,舉,r2c-8v-l128
125232115111341251112,轝,r2c-8v-l-v+T
1252321151113413251,礜,r2c-8v-lro
125232115111344111251,譽,r2c-8v-l4o
125232511154444,鳾,-niniv-T
12523422,刺,mnll
12523444,枣,mnii
125235451,䴓,-niniv-
125241341111251251135345,靄,-nl44oTb9Ova
125241341154,雲,-nl4iid
1252413411543443454544354,靉,-nl4iid/\\/n/v\\9\
12524134122125113134,霰,-nl4h-gax
12524134122135113134,霰,-nl4h-gax
12524134122135413134,霰,-nl4h-gax
1252413412341234,霖,-nl4mm
12524134123425111,霜,-nl4me
1252413412342511132511154444,鸘,-nl4meniv-T
12524134132522,需,-nl4rnll
12524134132522132511134,顬,-nl4rnllre8
125241342342511,霄,-nl4wg
125241342343511,霄,-nl4wg
125241342343541,霄,-nl4wg
125241342432511,霄,-nl4wg
125241342433511,霄,-nl4wg
125241342433541,霄,-nl4wg
12524134251115154,霞,-nl4lc--c4
1252413425115,電,-nl4bv
1252413425121,雷,-nl4o+
125241342512511134,霣,-nl4oe8
125241342512512511234341,靈,-nl4ooo--aa
1252413425125125152,酃,-nl4ooozl
12524134251251251552,酃,-nl4ooozl
125241343115,雮,-nl4/-7
12524134312154,霆,-nl4z\/t
125241343121554,霆,-nl4z\/t
1252413432151135,霓,-nl4r-ca
125241343241112132411121,靃,-nl4a2f-a2f-
1252413434435332511121,霾,-nl4/2/q\o+t
125241343453,雰,-nl48vi
125241343535225121,霤,-nl4/v\vio+
125241343545325121,霤,-nl4/v\vio+
1252413435515,雹,-nl49Ovc
125241344111251251135345,靄,-nl44oTb9Ova
125241344125152152,霩,-nl4iioz-zl
1252413441251521552,霩,-nl4iioz-zl
125241344134,雯,-nl4iix
125241344135,雱,-nl42p
12524134414313415,霠,-nl4iihaiv
12524134414313445,霠,-nl4iihaiv
1252413441431531,霎,-nl4iihy
125241344153,雱,-nl42p
12524134441122111345,霮,-nl4iiih---v8
12524134441122111355,霮,-nl4iiih---v8
125241344411234,霂,-nl4iiim
125241344411252,霈,-nl4iii-nl
1252413444121251,霑,-nl4iiifo
12524134441251251,霘,-nl4iiin-o
1252413444133443121,霪,-nl4iii/\\//+-
1252413444134433121,霪,-nl4iii/\\//+-
12524134511,雪,-nl4⿼c-
12524134512115154,霞,-nl4lc--c4
1252413451311234124,霨,-nl4c/2w-\
125241345132514143112,霹,-nl4c/oiih+
1252413452354131121,霳,-nl4zl9\-at
1252413453353332511,霫,-nl4cc/b
1252413454154132511,霫,-nl4cc/b
12524134545233134,霚,-nl4dz/ax
1252413454523313453,霧,-nl4dz/9\v/
125241345452335453,霧,-nl4dz/9\v/
12524134552354131121,霳,-nl4zl9\-at
125244441111251251135345,靄,-nl44oTb9Ova
125244441154,雲,-nl4iid
1252444411543443454544354,靉,-nl4iid/\\/n/v\\9\
12524444122125113134,霰,-nl4h-gax
12524444122135113134,霰,-nl4h-gax
12524444122135413134,霰,-nl4h-gax
1252444412341234,霖,-nl4mm
12524444123425111,霜,-nl4me
1252444412342511132511154444,鸘,-nl4meniv-T
12524444132522,需,-nl4rnll
12524444132522132511134,顬,-nl4rnllre8
12524444132522132534,颥,-nl4rnllre8
125244441353,雳,-nl4rv/
125244442342511,霄,-nl4wg
125244442343511,霄,-nl4wg
125244442343541,霄,-nl4wg
125244442432511,霄,-nl4wg
125244442433511,霄,-nl4wg
125244442433541,霄,-nl4wg
12524444251115154,霞,-nl4lc--c4
1252444425115,電,-nl4bv
1252444425121,雷,-nl4o+
125244442512511134,霣,-nl4oe8
125244442512512511234341,靈,-nl4ooo--aa
1252444425125125152,酃,-nl4ooozl
12524444251251251552,酃,-nl4ooozl
125244443115,雮,-nl4/-7
12524444312154,霆,-nl4z\/t
125244443121554,霆,-nl4z\/t
1252444432151135,霓,-nl4r-ca
125244443241112132411121,靃,-nl4a2f-a2f-
1252444434435332511121,霾,-nl4/2/q\o+t
125244443453,雰,-nl48vi
125244443535225121,霤,-nl4/v\vio+
1252444435453,雾,-nl49\v/
125244443545325121,霤,-nl4/v\vio+
1252444435515,雹,-nl49Ovc
125244444111251251135345,靄,-nl44oTb9Ova
125244444125152152,霩,-nl4iioz-zl
1252444441251521552,霩,-nl4iioz-zl
125244444134,雯,-nl4iix
12524444413432,霁,-nl4iix/l
125244444135,雱,-nl42p
12524444414313415,霠,-nl4iihaiv
12524444414313445,霠,-nl4iihaiv
1252444441431531,霎,-nl4iihy
125244444153,雱,-nl42p
12524444441122111345,霮,-nl4iiih---v8
12524444441122111355,霮,-nl4iiih---v8
125244444411234,霂,-nl4iiim
125244444411252,霈,-nl4iii-nl
1252444444121251,霑,-nl4iiifo
12524444441251251,霘,-nl4iiin-o
1252444444133443121,霪,-nl4iii/\\//+-
1252444444134433121,霪,-nl4iii/\\//+-
1252444445251135345,霭,-nl44ob9Ova
12524444511,雪,-nl4⿼c-
12524444512115154,霞,-nl4lc--c4
1252444451311234124,霨,-nl4c/2w-\
125244445132514143112,霹,-nl4c/oiih+
1252444452354131121,霳,-nl4zl9\-at
1252444453353332511,霫,-nl4cc/b
1252444454154132511,霫,-nl4cc/b
12524444545233134,霚,-nl4dz/ax
1252444454523313453,霧,-nl4dz/9\v/
125244445452335453,霧,-nl4dz/9\v/
12524444552354131121,霳,-nl4zl9\-at
12525,匝,cOnl
125251541,亟,zo4-
12533211511134,與,r2c-8v-l
125332115111341111251,譽,r2c-8v-l4o
12533211511134112,舉,r2c-8v-l128
125332115111341251112,轝,r2c-8v-l-v+T
1253321151113413251,礜,r2c-8v-lro
125332115111344111251,譽,r2c-8v-l4o
12534,丙,-na
1253434,两,-naa
125344,协,+v/8
1253452,邴,-nazl
12534552,邴,-nazl
1253511,酉,-4-
12535111154,酝,-4-iid
125351112,酊,-4--l
12535111212341121,醛,-4-haj-
12535111213521,酵,-4-/tz-
125351112151211251124,醻,-4-+-v---o-\
125351112211,酣,-4-h--
125351112212511,醋,-4-h-b
12535111221251211154444,醼,-4-h-2l7o/\\\
12535111221251211354444,醼,-4-h-2l7o/\\\
12535111221251211534444,醼,-4-h-2l7o/\\\
1253511122341121,醛,-4-haj-
12535111224313,酽,-4--hllr
125351112251,酤,-4-+o
1253511122513511,醐,-4-+og
1253511122513541,醐,-4-+og
1253511124,酎,-4--\
12535111251124,酺,-4-+\g
125351112521111251251251,醽,-4--nl4ooo
125351112522111234,醥,-4--42w
1253511125221251112,醰,-4--4b+
125351112524134251251251,醽,-4--nl4ooo
125351112524444251251251,醽,-4--nl4ooo
12535111254254,酾,-4--n\n\
1253511131251534,醎,-4-rx\-o
1253511131251543,醎,-4-rx\-o
12535111325125221,醢,-4-xOonh
125351113425115,醃,-4-qbv
125351114521111251251251,醽,-4--nl4ooo
125351114524134251251251,醽,-4--nl4ooo
125351114524444251251251,醽,-4--nl4ooo
1253511152511,酯,-4-7b
125351115341534,醆,-4--x\-x\
125351115431543,醆,-4--x\-x\
1253511154325,酼,-4-ii228
125351115432525221,醯,-4-ii228nh
12535112112154,甄,-4t-vv\
12535112112341121,醛,-4-haj-
1253511211554,甄,-4t-vv\
12535112152,鄄,-4tzl
12535112153151353334,醵,-4-fr7-e
125351121552,鄄,-4tzl
1253511224314311134,醭,-4-4-hiia
12535112511121,酲,-4-oj-
1253511251112134,醍,-4-b-fa
125351125111515,醌,-4-b77
125351125111535,醌,-4-b77
125351125111553,醌,-4-b77
1253511251125221,醖,-4-bnh
1253511251131121,醒,-4-bat
125351125113535,醌,-4-b77
125351125115353,醌,-4-b77
12535112512211251431,醴,-4-bll-oh
12535112512211311534,醲,-4-bllr2w
1253511251251,酮,-4-n-o
12535112513121,酲,-4-oj-
12535112534125221,醞,-4-oOanh
12535113112251,酷,-4-163o
125351131211,酢,-4-alii
12535113121251,酷,-4-163o
1253511312135,酰,-4-163a
125351131234,酥,-4-/m
12535113155414,酶,-4-avv3
12535113155441,酶,-4-avv3
1253511324111214444,醮,-4-a2f-/\\\
1253511325113554,醜,-4-/o+ad
12535113251213554,醜,-4-/o+ad
12535113344124,酹,-4-/\\/-\
12535113411234,酴,-4-a-m
12535113443124,酹,-4-/\\/-\
12535113452,酗,-4-ux
12535113453,酚,-4-8vi
1253511351,酌,-4-9O\
1253511352511,酯,-4-7b
125351135311252,醄,-4-9Oa+u
1253511354,酌,-4-9O\
1253511412512511,醕,-4-iiob
125351141251251112213534,釀,-4-iioo-h-/w
125351141251521,醇,-4-iioz-
125351141312341234431234,醾,-4-\rmm8m
125351141312341234554234,醿,-4-\rmm⿽vdw
125351141312351235431234,醾,-4-\rmm8m
125351141312351235554234,醿,-4-\rmm⿽vdw
125351141343412,醉,-4-iiaa+
125351141345225214,醨,-4-iiuxnd
12535114134522554,醨,-4-iiuxnd
12535114135112251,醣,-4-\rc+o
125351141431251,醅,-4-iiho
12535114154325,酼,-4-ii228
1253511415432525221,醯,-4-ii228nh
12535114312344454,醚,-4-\z8m
1253511431234454,醚,-4-\z8m
12535114312344554,醚,-4-\z8m
1253511434242,酬,-4-/\\/ll
12535114453431211,醡,-4-\n8alii
125351144535,酡,-4-\n7
12535114453531211,醡,-4-\n8alii
125351144553,酡,-4-\n7
12535114511534,酿,-4-\c-w
12535114535,酖,-4-n/v
125351151124134,醁,-4-⿼c-l3
1253511515,配,-4-v-v
1253511521342511,醑,-4-vfag
1253511521343511,醑,-4-vfag
1253511521343541,醑,-4-vfag
1253511532511,酯,-4-7b
125351153353334333,醪,-4-cca///
125351153544,酦,-4-v/4\
125351154154134333,醪,-4-cca///
1253511543345153554,醱,-4-v\//\cv9x
12535115434354,酸,-4-d89\
12535115435354,酸,-4-d89\
1253511544335153554,醱,-4-v\//\cv9x
125351154545454,醊,-4-xO4xO4
125351155124134,醁,-4-⿼c-l3
12535115542511,酳,-4-⿽vdg
12535115543511,酳,-4-⿽vdg
12535115543541,酳,-4-⿽vdg
1253514454,迺,\z-4
125351454,迺,\z-4
1253514554,迺,\z-4
1254,支,+4
12541254,丽,-n\n\
1254125441352211515,麗,-n\n\\r477
1254125441352211535,麗,-n\n\\r477
1254125441352211553,麗,-n\n\\r477
1254125441352213535,麗,-n\n\\r477
1254125441352215353,麗,-n\n\\r477
1254132511134,頍,+4re8
1254254,丽,-n\n\
125425435451,鹂,-n\n\niv-
1254254454,逦,\z-n\n\
125425452,郦,-n\n\zl
1254254552,郦,-n\n\zl
125431234,柬,mo8
12543123432511154444,鶫,mo8niv-T
125432511154444,鳷,+4niv-T
12544134,卖,+v⿽iiq
125441342535,觌,+v⿽iiqna
1254533533,翅,+4cc
1254541541,翅,+4cc
1311121115,匪,cO3ll3
1311345,医,cOaq
131134535541253511,醫,cOaq9x-4-
131134535542511134,贀,cOaq9xe8
1311345355432511154444,鷖,cOaq9xniv-T
13113453554533533,翳,cOaq9xcc
13113453554541541,翳,cOaq9xcc
1311534124,辱,r2w-\
1311534251,唇,r2wo
1311534251214,蜃,r2wod
13115343511,脣,r2wg
13115343541,脣,r2wg
1312,厅,r-l
131214,压,rt\
13122111343312,厮,rh-8--rr
1312212511,厝,rh-b
13123425111,厢,rme
131251431124,厨,r23O
1312514544534,感,rx\-o/v\\
1312514544543,感,rx\-o/v\\
131251534,咸,rx\-o
131251534132511134,顑,rx\-ore8
1312515343535112,觱,rx\-o9nt
1312515343535121,觱,rx\-o9nt
1312515344544,感,rx\-o/v\\
131251543,咸,rx\-o
131251543132511134,顑,rx\-ore8
1312515433535112,觱,rx\-o9nt
1312515433535121,觱,rx\-o9nt
1312515434544,感,rx\-o/v\\
131325111354,厦,r-/e9\
131344,厌,rq\
131344132522111,靥,rq\roll2
13134425112,厣,rq\bi
131344254311214444,黡,rq\4t4
131344325113554,魇,rq\/o+ad
131344344511534,餍,rq\aicw
13135,厉,rrv
1313553,励,rrvv/
131512,厍,r-v+
13153,厉,rrv
131531534,威,rx\-y
131531543,威,rx\-y
131534,戌,rx\-
1315353,励,rrvv/
131543,戌,rx\-
13211234534,戚,rx\f-w
13211234534132511134,顣,rx\f-wre8
132112345342512134,蹙,rx\f-wofa
13211234543,戚,rx\f-w
13211234543132511134,顣,rx\f-wre8
132112345432512134,蹙,rx\f-wofa
132121,在,xOlt
1322,卅,/ll-
1324,不,rl\
13241,丕,rl\-
132412121,歪,rl\-f2
1324152,邳,rl\-zl
13241552,邳,rl\-zl
1324251,否,rl\o
132435112,甭,rl\n128
1324531521,孬,rl\yz-
13251111,直,+n-iii
132511111325111113251111,矗,+n-iii+n-iii+n-iii
13251111253134,碶,roiiilviq
1325111134,真,+n-iii8
1325111134132511134,顛,+n-iii8re8
1325111134132534,颠,+n-iii8re8
13251111534,戛,-/e-x\
13251111543,戛,-/e-x\
13251112,矸,ro-+
132511121,厘,ro+t
1325111212154,碔,ro⿽-vi-f2
1325111212511,碃,roj-g
1325111212521,碃,roj-g
1325111212534,碛,roj-e8
1325111213511,碃,roj-g
1325111215513,碡,roj-vv3
1325111215531,碡,roj-vv3
132511121554,碔,ro⿽-vi-f2
13251112155414,碡,roj-vv3
13251112155441,碡,roj-vv3
13251113112,硏,ro-+-+
1325111311222,硎,ro-hll
132511132,研,ro-h
13251113222,硎,ro-hll
132511134132511134132,顨,𩔊hD
1325111354,夏,-/e9\
13251115,直,+n-iii
132511151325111513251115,矗,+n-iii+n-iii+n-iii
132511154,砖,rovii\
13251121121,硅,rott
13251121121121135,磽,rottt-a
132511211254444,碼,rovv-T
132511211254444413434,礮,rovv-Tii8x
1325112121251124124,礡,roh+\g-\
13251121234,砹,rohx
132511212415,硭,rohiiv
1325112124411251124124,礴,rohiii+\g-\
1325112124511353334,礞,rohn--e
13251121251,硈,ro+-o
132511212511134,碽,ro--e8
13251121251431251,礂,ro+-oho
132511213521,硣,ro/tz-
132511215425221,磕,rotdnh
1325112211134553,磡,roh---v8v/
1325112211135553,磡,roh---v8v/
13251122112512134,磺,roh-nt8
132511221251124124,礡,roh+\g-\
1325112212512134,磺,roh-nt8
13251122151234,碟,roh-vm
1325112234,砹,rohx
13251122415,硭,rohiiv
132511224411251124124,礴,rohiii+\g-\
132511224511353334,礞,rohn--e
132511234123452134,礎,rommvfa
13251123425111,碴,romb-
13251125111344254311214444,黶,rbgq\4t4
13251125111344341511534,饜,rbgq\aicw
13251125111344344511534,饜,rbgq\aicw
1325112511214124,磚,ro-bl-\-\
132511251134,硬,ro-bx
1325112512,砢,ro-lo
132511251211251211,礓,ro-o+-o+-
132511252111125121,礌,ro-nl4o+
1325112522111234,磦,ro-42w
13251125221251112,磹,ro-4b+
132511252413425121,礌,ro-nl4o+
132511252444425121,礌,ro-nl4o+
1325112525,砸,rocOnl
13251125351,硒,ro-4
1325113115342511,磭,ror2wg
1325113115343511,磭,ror2wg
1325113115343541,磭,ror2wg
13251131251534,碱,rorx\-o
13251131251543,碱,rorx\-o
1325113135,砺,rorrv
1325113153,砺,rorrv
1325113211234534,磩,rorx\f-w
1325113211234543,磩,rorx\f-w
13251132511134,碩,rore8
132511325113251,磊,rororo
13251132534,硕,rore8
1325113412,砰,ro-+8
1325113412512,碕,roq-lo
1325113425115,硽,roqbv
13251135111344254311214444,黶,rbgq\4t4
13251135111344341511534,饜,rbgq\aicw
13251135111344344511534,饜,rbgq\aicw
13251135411344254311214444,黶,rbgq\4t4
13251135411344341511534,饜,rbgq\aicw
13251135411344344511534,饜,rbgq\aicw
1325114143125111515111,龓,xgk2T
1325114143135111515111,龓,xgk2T
1325114143135411515111,龓,xgk2T
1325114312,砰,ro-+8
13251143134,硖,roqh
132511452111125121,礌,ro-nl4o+
132511452413425121,礌,ro-nl4o+
132511452444425121,礌,ro-nl4o+
132511512,砗,ro-v+
13251151325122,碥,roic/nh
132511515,砒,ro77
13251152,郁,xgzl
132511521,厚,rbz-
132511523,砑,rov-l/
132511525,砘,ro-uv
1325115311345452134,礙,ro7aqdvfa
13251153135,硗,ro/-v-a
132511535,砒,ro77
13251154325,硫,roii228
132511552,郁,xgzl
132512111254444,碼,rovv-T
132512111254444413434,礮,rovv-Tii8x
1325121121251124124,礡,roh+\g-\
13251211234,砹,rohx
132512112415,硭,rohiiv
1325121124411251124124,礴,rohiii+\g-\
1325121124511353334,礞,rohn--e
1325121251,砧,rofo
1325122,矵,roll
132512342511,硝,rowg
132512343,砂,rol8 or /l\/
132512343511,硝,rowg
132512343541,硝,rowg
13251243135,硄,row-a
132512432511,硝,rowg
132512433511,硝,rowg
132512433541,硝,rowg
132512434525125121,礑,rownoo+
1325125111124,碍,rob--\
13251251113533,碭,rob-9O//
1325125112,砷,robl
13251251125113511,礀,roinTg
13251251135345,碣,rob9Ova
1325125115545544444,礘,rob226/\\\
1325125121554234,磥,roo+⿽vdw
1325125122134,碘,robll8
132512512341,硱,rooOm
13251251251,硐,ron-o
13251251251251112,磾,rooob+
132512521251431,磑,rolu-oh
13251252134334,碳,rolurq
132512522112143112,礋,ronht8-+
1325125232411121,磪,rolua2f-
1325125235113511,磞,rolugg
1325125235443544,磞,rolugg
13251252515,硙,roluv-v
1325125252,础,roulu
1325125312341,碅,rooO/m
132512535,砚,rona
13251311234,硃,ro/im
13251311253134,碶,roiiilviq
1325131211,砟,roalii
132513121534,硪,ro/fx\
132513121543,硪,ro/fx\
13251313425125251,礄,ro/qono
13251313432,硚,ro/q/l
1325131525,砤,roavvl
132513212154,硟,roz\/fv
1325132121554,硟,roz\/fv
13251321554,硟,roz\/fv
132513215554,硟,roz\/fv
13251324111214444,礁,roa2f-/\\\
1325132511312,碑,ro/b/+
13251325113554,磈,ro/o+ad
132513251141353134,礉,ro/b2pax
132513251141533134,礉,ro/b2pax
132513251213554,磈,ro/o+ad
13251325341,硇,ro/oOx
132513253431234134,礇,ro/n/8mq
13251325431234134,礇,ro/n/8mq
132513321531535,磃,rorfr7a
1325133234342134,磫,ro/aaafa
13251333253134,碶,roiiilviq
1325133445112,碀,ro/\\/c-
13251335125122,碥,roic/nh
13251341121,硂,roaj-
1325134112431,碒,roajh
1325134121,砼,roa--
13251341253511134,磸,ro8-4-q
1325134134,砭,ro/\v\
132513413533344454,礈,ro\z8-e
13251341353334454,礈,ro\z8-e
132513413533344554,礈,ro\z8-e
132513414431,硷,roa-\\/-
132513415,砛,roaiv
13251342524312511,磳,ro8247
13251343123425121,磻,ro/8mo+
1325134435112,碀,ro/\\/c-
132513445,砛,roaiv
132513453,砏,ro8vi
132513454,砭,ro/\v\
1325135112251,碉,ronto
1325135113511,硼,rogg
1325135121251,碉,ronto
13251351251214,碸,ro/v/od
13251351355,硊,ro9rvv
1325135151,砥,rorx\
1325135154,砥,rorx\
132513525,砘,ro-uv
1325135254,破,rorlx
1325135311345452134,礙,ro7aqdvfa
13251353251214,碸,ro/v/od
132513535,砒,ro77
132513535112,确,ro9nt
132513535121,确,ro9nt
132513541521234,磔,ro9i+vm
1325135415411234,磜,ro9i\\v2w
13251354251,硌,ro9\o
1325135443544,硼,rogg
1325135445411234,磜,ro9i\\v2w
13251355112,碀,ro/\\/c-
1325135515,砲,ro9Ovc
1325141121,砫,ro\j-
132514125125251,碻,roiiono
13251412514512,碠,roiion-l
13251412515213134,礅,roiioz-ax
13251413,矿,ro\r
13251413122112512134,礦,ro\rh--nt8
1325141312212512134,礦,ro\rh--nt8
1325141342513534,磙,roii/w8d
1325141343412,碎,roiiaa+
132514134543534,磙,roii/w8d
132514135112251,磄,ro\rc+o
1325141352513534,磙,roii/w8d
1325141431,砬,roiih
1325141431251,碚,roiiho
13251414345252,碲,roii8nnl
132514143454135,磅,roii8n2p
132514143454153,磅,roii8n2p
132514154325,硫,roii228
13251431113121,磋,roht/--
132514311213121,磋,roht/--
132514311213121534,礒,roht/fx\
132514311213121543,礒,roht/fx\
1325143122431,碰,roh4-
13251431225211,碰,roh4-
13251431234354152,磷,ro8m9i+v
13251431253511134,磸,ro8-4-q
132514313533344454,礈,ro\z8-e
13251431353334454,礈,ro\z8-e
132514313533344554,礈,ro\z8-e
13251431554554,磁,roh226
13251432524312511,磳,ro8247
13251441125111234,磲,roiii--cm
1325144115151234,磲,roiii--cm
1325144512134,碇,ro\n-fa
1325144535,砣,ro\n7
13251445354251,碦,ro\n9\o
1325144535455,碗,ro\n9ivv
1325144553,砣,ro\n7
13251451325122,碥,roic/nh
132514532411121,確,rona2f-
1325151124134,碌,ro⿼c-l3
132515131221534,碾,roc/h-v\/
1325151532,砩,ro/lcv
1325152252,础,roulu
1325153254,破,rorlx
13251533,砀,rov//
1325153311345452134,礙,ro7aqdvfa
132515353,砒,ro77
1325154121,硁,rov\--
1325154134333,碜,rodq///
13251543341251431,磴,rov\//\-oh
13251544331251431,磴,rov\//\-oh
132515454541234,磉,ro444m
1325154545434333,磣,roddda///
13251551,码,rovv-
1325155124134,碌,ro⿼c-l3
1325155414,砪,rovv3
1325155441,砪,rovv3
13251554554134534,磯,ro226-x\a
13251554554134543,磯,ro226-x\a
13252,布,xOnl
132521,存,xOlz-
132522111,面,roll2
1325221112511135,靦,roll2ea
132522124,耐,rnll-\
132522134,耎,rnllq
13252235451,鸸,rnllniv-
1325224544,恧,rnll/v\\
132522531,耍,rnlly
13252511,靣,roOo
132534,页,re8
13253422,厕,re8ll
132543112,南,+n8-+
1325431121344,献,+n8-+q\
13312343123413251,磿,r/m/mro
133125,匠,cOrr
133232411121,雁,raa2f-
1332324111212511134,贋,raa2f-e8
1332324111212534,赝,raa2f-e8
1332511111535,厩,rv⿼c-\rvv
1332511151535,厩,rv⿼c-\rvv
1332511234,原,r/bw
1332511234132511134,願,r/bwre8
13325112344544,愿,r/bw/v\\
1332511351535,厩,rv⿼c-\rvv
1332511531535,厩,rv⿼c-\rvv
1334,仄,ra
1335114143125111515111,龓,xgk2T
1335114143135111515111,龓,xgk2T
1335114143135411515111,龓,xgk2T
13351152,郁,xgzl
133511552,郁,xgzl
13351251225,匾,cOic/nh
134115,夸,q--v
13411522,刳,q--vll
13411532511154444,鴮,q--vniv-T
13411533544,瓠,q--vrd\
13411535515,匏,q--v9Ovc
1341153554234,綔,q--v/⿽vdw
13411552,郀,q--vzl
134115552,郀,q--vzl
1341211154,套,qliii-d
134121121,奎,qtt
134121312,奔,q+h
13412132,奔,q+h
13412132511,奢,q/tb
134121325114,奢,q/tb
134122111,耷,qr3l
134124,夺,q-\
13412512,奇,q-lo
1341251222,剞,q-loll
134125123534,欹,q-lo9a
1341345,奁,qcOx
134143125111515111,龎,rk2T
134143135111515111,龎,rk2T
134143135411515111,龎,rk2T
1342111154,套,qliii-d
13425115,奄,qbv
1342511535451,鹌,qbvniv-
13425121,奋,qo+
13425234343434251214,蠒,-8nlxxxxod
1342523434343432511154444,鸍,-8nlxxxxniv-T
134252343434344454,邇,\z-8nlxxxx
13425234343434454,邇,\z-8nlxxxx
134252343434344554,邇,\z-8nlxxxx
134315233534,厥,rhul9a
13431523353422,劂,rhul9all
1343152335342512134,蹷,rhul9aofa
134315233534251214,蟨,rhul9aod
134322,夼,q/ll
134334,灰,xOq
13433425221,盔,xOqnh
1343434132511134,頰,qaare8
13434343434,爽,qxxxx
134343452,郟,qaazl
1343434552,郟,qaazl
134413441344351251214,飆,q\q\q\/v/od
134413441344353251214,飆,q\q\q\/v/od
1344134413443534,飙,q\q\q\/vx
134425221,盇,q\nh
13443251123435451,鹩,q8bwniv-
13444544,态,q\/v\\
134453112,牵,qna+
134454,达,\zq
1344554,达,\zq
1345,区,cOx
134512154,瓯,cOx-vv\
13451554,瓯,cOx-vv\
13453,夯,qv/
134534,戍,rx\\
13453534,欧,cOx9a
134535451,鸥,cOxniv-
13453554,殴,cOx9x
134543,戍,rx\\
13511541535,厩,rv⿼c-\rvv
13513125125534,臧,k-x\rlc2
13513125125543,臧,k-x\rlc2
1351353334,豗,-a-e
1352231425221,尴,klla\nh
1352512134,趸,rvofa
135333412132511,豬,-e/tb
1353334121325114,豬,-e/tb
1353334121451251431,豷,-e+-n-oh
13533341251124,豧,-e+\g
135333425111,豠,-eg-
1353334251115154,豭,-elc--c4
13533343413252,豨,-exxOnl
13533344454,逐,\z-e
1353334454,逐,\z-e
13533344554,逐,\z-e
1353334512115154,豭,-elc--c4
135341134,䶮,k2-q
13534121,垄,k2t
13534122111,聋,k2r3l
13534122134,龚,k2h-8
1353413251,砻,k2ro
1353432,尬,ka/l
135344111251,詟,k24o
13534413534,袭,k2ii/w
135351,尥,k9O\
135354,尥,k9O\
1354111534,残,-9i-x\-
1354111543,残,-9i-x\-
135411534,残,-9i-x\-
135411543,残,-9i-x\-
1354121451251431,殪,-9i+-n-oh
135412251111,殖,-9i+n-iii
135412251115,殖,-9i+n-iii
1354125251541,殛,-9izo4-
135413251111,殖,-9i+n-iii
135413251115,殖,-9i+n-iii
135415251541,殛,-9izo4-
135422,列,-9ill
13542232511154444,鴷,-9illniv-T
13542235451,䴕,-9illniv-
135422413534,裂,-9illii/w
1354224444,烈,-9ill/\\\
135425111,殂,-9ig-
13542512534,殒,-9ioe8
135425134,殃,-9inq
1354311234,殊,-9i/im
1354312,歼,-9i/+
135431533,殇,-9iav//
135432411121,雄,xOda2f-
13543344521,殍,-9i/\\/z-
13543414431,殓,-9ia-\\/-
135434333,殄,-9ia///
135434333341511534,餮,-9ia///aicw
135434333344511534,餮,-9ia///aicw
13543443521,殍,-9i/\\/z-
135435,死,-9i7
1354352511,殉,-9i9Ob
135443251112,殚,-9i8b+
13544453212134,殡,-9i\nrr-8
13544454,返,\zr4
1354454,返,\zr4
13544554,返,\zr4
135452251541,殛,-9izo4-
135453,死,-9i7
1354533533,翃,xOdcc
135454,迈,\zrv
1354541541,翃,xOdcc
135454251,殆,-9ido
1355132511134,頋,rvvre8
1355132534,顾,rvvre8
13553,劢,rvv/
135534,成,rx\v
13553425221,盛,rx\vnh
13553452,郕,rx\vzl
135534552,郕,rx\vzl
135543,成,rx\v
13554325221,盛,rx\vnh
13554352,郕,rx\vzl
135543552,郕,rx\vzl
14312,平,-+8
1431234,来,im8
14312342534,赉,im8e8
143134,夹,qh
143134132534,颊,qhre8
14313452,郏,qhzl
143134552,郏,qhzl
14334,灭,-q
14334251123435451,鹩,q8bwniv-
14513251225,匾,cOic/nh
145211111111251251135345,靄,-nl44oTb9Ova
145211111154,雲,-nl4iid
1452111111543443454544354,靉,-nl4iid/\\/n/v\\9\
14521111122125113134,霰,-nl4h-gax
14521111122135113134,霰,-nl4h-gax
14521111122135413134,霰,-nl4h-gax
1452111112341234,霖,-nl4mm
14521111123425111,霜,-nl4me
1452111112342511132511154444,鸘,-nl4meniv-T
14521111132522,需,-nl4rnll
14521111132522132511134,顬,-nl4rnllre8
14521111132522132534,颥,-nl4rnllre8
145211111353,雳,-nl4rv/
145211112342511,霄,-nl4wg
145211112343511,霄,-nl4wg
145211112343541,霄,-nl4wg
145211112432511,霄,-nl4wg
145211112433511,霄,-nl4wg
145211112433541,霄,-nl4wg
14521111251115154,霞,-nl4lc--c4
1452111125115,電,-nl4bv
1452111125121,雷,-nl4o+
145211112512511134,霣,-nl4oe8
145211112512512511234341,靈,-nl4ooo--aa
1452111125125125152,酃,-nl4ooozl
14521111251251251552,酃,-nl4ooozl
145211113115,雮,-nl4/-7
14521111312154,霆,-nl4z\/t
145211113121554,霆,-nl4z\/t
1452111132151135,霓,-nl4r-ca
145211113241112132411121,靃,-nl4a2f-a2f-
1452111134435332511121,霾,-nl4/2/q\o+t
145211113453,雰,-nl48vi
145211113535225121,霤,-nl4/v\vio+
1452111135453,雾,-nl49\v/
145211113545325121,霤,-nl4/v\vio+
1452111135515,雹,-nl49Ovc
145211114111251251135345,靄,-nl44oTb9Ova
145211114125152152,霩,-nl4iioz-zl
1452111141251521552,霩,-nl4iioz-zl
145211114134,雯,-nl4iix
14521111413432,霁,-nl4iix/l
145211114135,雱,-nl42p
14521111414313415,霠,-nl4iihaiv
14521111414313445,霠,-nl4iihaiv
1452111141431531,霎,-nl4iihy
145211114153,雱,-nl42p
14521111441122111345,霮,-nl4iiih---v8
14521111441122111355,霮,-nl4iiih---v8
145211114411234,霂,-nl4iiim
145211114411252,霈,-nl4iii-nl
1452111144121251,霑,-nl4iiifo
14521111441251251,霘,-nl4iiin-o
1452111144133443121,霪,-nl4iii/\\//+-
1452111144134433121,霪,-nl4iii/\\//+-
1452111145251135345,霭,-nl44ob9Ova
14521111511,雪,-nl4⿼c-
14521111512115154,霞,-nl4lc--c4
1452111151311234124,霨,-nl4c/2w-\
145211115132514143112,霹,-nl4c/oiih+
1452111152354131121,霳,-nl4zl9\-at
1452111153353332511,霫,-nl4cc/b
1452111154154132511,霫,-nl4cc/b
14521111545233134,霚,-nl4dz/ax
1452111154523313453,霧,-nl4dz/9\v/
145211115452335453,霧,-nl4dz/9\v/
14521111552354131121,霳,-nl4zl9\-at
145241341111251251135345,靄,-nl44oTb9Ova
145241341154,雲,-nl4iid
1452413411543443454544354,靉,-nl4iid/\\/n/v\\9\
14524134122125113134,霰,-nl4h-gax
14524134122135113134,霰,-nl4h-gax
14524134122135413134,霰,-nl4h-gax
1452413412341234,霖,-nl4mm
14524134123425111,霜,-nl4me
1452413412342511132511154444,鸘,-nl4meniv-T
14524134132522,需,-nl4rnll
14524134132522132511134,顬,-nl4rnllre8
145241342342511,霄,-nl4wg
145241342343511,霄,-nl4wg
145241342343541,霄,-nl4wg
145241342432511,霄,-nl4wg
145241342433511,霄,-nl4wg
145241342433541,霄,-nl4wg
14524134251115154,霞,-nl4lc--c4
1452413425115,電,-nl4bv
1452413425121,雷,-nl4o+
145241342512511134,霣,-nl4oe8
145241342512512511234341,靈,-nl4ooo--aa
1452413425125125152,酃,-nl4ooozl
14524134251251251552,酃,-nl4ooozl
145241343115,雮,-nl4/-7
14524134312154,霆,-nl4z\/t
145241343121554,霆,-nl4z\/t
1452413432151135,霓,-nl4r-ca
145241343241112132411121,靃,-nl4a2f-a2f-
1452413434435332511121,霾,-nl4/2/q\o+t
145241343453,雰,-nl48vi
145241343535225121,霤,-nl4/v\vio+
145241343545325121,霤,-nl4/v\vio+
1452413435515,雹,-nl49Ovc
145241344111251251135345,靄,-nl44oTb9Ova
145241344125152152,霩,-nl4iioz-zl
1452413441251521552,霩,-nl4iioz-zl
145241344134,雯,-nl4iix
145241344135,雱,-nl42p
14524134414313415,霠,-nl4iihaiv
14524134414313445,霠,-nl4iihaiv
1452413441431531,霎,-nl4iihy
145241344153,雱,-nl42p
14524134441122111345,霮,-nl4iiih---v8
14524134441122111355,霮,-nl4iiih---v8
145241344411234,霂,-nl4iiim
145241344411252,霈,-nl4iii-nl
1452413444121251,霑,-nl4iiifo
14524134441251251,霘,-nl4iiin-o
1452413444133443121,霪,-nl4iii/\\//+-
1452413444134433121,霪,-nl4iii/\\//+-
14524134511,雪,-nl4⿼c-
14524134512115154,霞,-nl4lc--c4
1452413451311234124,霨,-nl4c/2w-\
145241345132514143112,霹,-nl4c/oiih+
1452413452354131121,霳,-nl4zl9\-at
1452413453353332511,霫,-nl4cc/b
1452413454154132511,霫,-nl4cc/b
14524134545233134,霚,-nl4dz/ax
1452413454523313453,霧,-nl4dz/9\v/
145241345452335453,霧,-nl4dz/9\v/
14524134552354131121,霳,-nl4zl9\-at
145244441111251251135345,靄,-nl44oTb9Ova
145244441154,雲,-nl4iid
1452444411543443454544354,靉,-nl4iid/\\/n/v\\9\
14524444122125113134,霰,-nl4h-gax
14524444122135113134,霰,-nl4h-gax
14524444122135413134,霰,-nl4h-gax
1452444412341234,霖,-nl4mm
14524444123425111,霜,-nl4me
1452444412342511132511154444,鸘,-nl4meniv-T
14524444132522,需,-nl4rnll
14524444132522132511134,顬,-nl4rnllre8
14524444132522132534,颥,-nl4rnllre8
145244441353,雳,-nl4rv/
145244442342511,霄,-nl4wg
145244442343511,霄,-nl4wg
145244442343541,霄,-nl4wg
145244442432511,霄,-nl4wg
145244442433511,霄,-nl4wg
145244442433541,霄,-nl4wg
14524444251115154,霞,-nl4lc--c4
1452444425115,電,-nl4bv
1452444425121,雷,-nl4o+
145244442512511134,霣,-nl4oe8
145244442512512511234341,靈,-nl4ooo--aa
1452444425125125152,酃,-nl4ooozl
14524444251251251552,酃,-nl4ooozl
145244443115,雮,-nl4/-7
14524444312154,霆,-nl4z\/t
145244443121554,霆,-nl4z\/t
1452444432151135,霓,-nl4r-ca
145244443241112132411121,靃,-nl4a2f-a2f-
1452444434435332511121,霾,-nl4/2/q\o+t
145244443453,雰,-nl48vi
145244443535225121,霤,-nl4/v\vio+
1452444435453,雾,-nl49\v/
145244443545325121,霤,-nl4/v\vio+
1452444435515,雹,-nl49Ovc
145244444111251251135345,靄,-nl44oTb9Ova
145244444125152152,霩,-nl4iioz-zl
1452444441251521552,霩,-nl4iioz-zl
145244444134,雯,-nl4iix
14524444413432,霁,-nl4iix/l
145244444135,雱,-nl42p
14524444414313415,霠,-nl4iihaiv
14524444414313445,霠,-nl4iihaiv
1452444441431531,霎,-nl4iihy
145244444153,雱,-nl42p
14524444441122111345,霮,-nl4iiih---v8
14524444441122111355,霮,-nl4iiih---v8
145244444411234,霂,-nl4iiim
145244444411252,霈,-nl4iii-nl
1452444444121251,霑,-nl4iiifo
14524444441251251,霘,-nl4iiin-o
1452444444133443121,霪,-nl4iii/\\//+-
1452444444134433121,霪,-nl4iii/\\//+-
1452444445251135345,霭,-nl44ob9Ova
14524444511,雪,-nl4⿼c-
14524444512115154,霞,-nl4lc--c4
1452444451311234124,霨,-nl4c/2w-\
145244445132514143112,霹,-nl4c/oiih+
1452444452354131121,霳,-nl4zl9\-at
1452444453353332511,霫,-nl4cc/b
1452444454154132511,霫,-nl4cc/b
14524444545233134,霚,-nl4dz/ax
1452444454523313453,霧,-nl4dz/9\v/
145244445452335453,霧,-nl4dz/9\v/
14524444552354131121,霳,-nl4zl9\-at
1454454,忒,-vi/v\\
151,与,v--
15112531,妻,-c+y
1511253132511154444,鶈,-c+yniv-T
1511253152,郪,-c+yzl
15112531552,郪,-c+yzl
1512111341134,辏,-v+iii/\-q
1512111343134,辏,-v+iii/\-q
1512112,轩,-v+-+
1512112154,轼,-v+-vi--
15121154,转,-v+vii\
15121212513534,辕,-v+to/w
15121221115,辄,-v+r3lv
151212251,轱,-v++o
15121251124,辅,-v++\g
151212512,轲,-v+-lo
1512125125121,辐,-v+-oo+
15121253434,辆,-v+-naa
1512134,轪,-v+q
15121355,轭,-v+rvv
1512154121,轾,-v+-dt
151221513,轳,-v+fc/
151225111535,辊,-v+b77
151225111553,辊,-v+b77
1512251122111,辑,-v+or3l
1512251125221,辒,-v+bnh
151225113535,辊,-v+b77
151225115353,辊,-v+b77
151225121,轴,-v+nt
151225132511134,頤,cOlolre8
151225134,轵,-v+o8
151225431415,辋,-v+nhiiv
151231134,轶,-v+/iia
1512313432,轿,-v+/q/l
15123211511134,舆,r2c-v+-8
15123312,斩,-v+rr
15123312121,堑,-v+rrt
151233121234,椠,-v+rrm
151233122511,暂,-v+rrb
1512331234112431,錾,-v+rrajh
1512335414,辀,-v+231ii
1512335441,辀,-v+231ii
1512341121,辁,-v+aj-
1512341251122,输,-v+a-gll
1512341351122,输,-v+a-gll
151234312,轷,-v+/-8
151234333,轸,-v+a///
15123435,轮,-v+a7
15123453,轮,-v+a7
151235,轨,-v+/9
151235234,轹,-v+/vw
15123534,软,-v+9a
1512354251,辂,-v+9\o
151241251234,辌,-v+iiow
1512413434,较,-v+ii8x
151241352211535,辘,-v+\r477
151241352211553,辘,-v+\r477
151241352213535,辘,-v+\r477
151241352215353,辘,-v+\r477
1512415425113134,辙,-v+iidgax
1512415435113134,辙,-v+iidgax
1512431234354152,辚,-v+8m9i+v
15124451112251,辖,-v+\niiilo
15124451121251,辖,-v+\niiilo
15124453112251,辖,-v+\niiilo
15124453121251,辖,-v+\niiilo
1512454,连,\z-v+
15125,轧,-v+v
15125131221534,辗,-v+c/h-v\/
151253,轨,-v+/9
151253251,轺,-v+vio
1512534,轫,-v+vi\
151254121,轻,-v+v\--
15125454,轰,-v+44
151254545454,辍,-v+xO4xO4
1512551551251,辔,vv--v+vv-o
15131344,戾,ic/q\
151321112111,扉,\c/3ll3
1513251,启,\c/o
15132511,肩,ic/g
15132511134,頃,7re8
1513251132511154444,鵳,ic/gniv-T
151325122,扁,ic/nh
1513251224454,遍,\zic/nh
151325122454,遍,\zic/nh
1513251224554,遍,\zic/nh
151325122533533,翩,ic/nhcc
151325122541541,翩,ic/nhcc
15132515215,扈,ic/ov2v
151325251,扃,ic/no
15132534,顷,7re8
151331112111,扉,\c/3ll3
15133134511112,肇,\c/axc-f
15133134554234,綮,\c/ax⿽vdw
151332411121,雇,\c/a2f-
151332411121132511134,顧,\c/a2f-re8
15133312,所,alalc/alal-ol
15133511,肩,ic/g
1513351132511154444,鵳,ic/gniv-T
15133541,肩,ic/g
1513354132511154444,鵳,ic/gniv-T
15134135,房,ic/2p
15134153,房,ic/2p
15134412,戽,\c/⿽-lii
1513533533,扇,ic/cc
1513534,欤,v--9a
1513541541,扇,ic/cc
151532511,皆,77/b
151534,夷,qcv
15153432511154444,鴺,qcvniv-T
1515431234,粊,778m
151545443,毖,77/v\\/
1521111341134,辏,-v+iii/\-q
1521111343134,辏,-v+iii/\-q
1521112,轩,-v+-+
1521112154,轼,-v+-vi--
15211154,转,-v+vii\
15211212513534,辕,-v+to/w
15211221115,辄,-v+r3lv
152112251,轱,-v++o
15211251124,辅,-v++\g
152112512,轲,-v+-lo
1521125125121,辐,-v+-oo+
15211253434,辆,-v+-naa
1521134,轪,-v+q
15211355,轭,-v+rvv
1521154121,轾,-v+-dt
152121513,轳,-v+fc/
1521251,吾,5o
152125111535,辊,-v+b77
152125111553,辊,-v+b77
1521251122111,辑,-v+or3l
1521251125221,辒,-v+bnh
152125113535,辊,-v+b77
152125115353,辊,-v+b77
152125121,轴,-v+nt
152125134,轵,-v+o8
152125431415,辋,-v+nhiiv
152131134,轶,-v+/iia
1521313432,轿,-v+/q/l
15213312,斩,-v+rr
15213312121,堑,-v+rrt
152133121234,椠,-v+rrm
152133122511,暂,-v+rrb
1521331234112431,錾,-v+rrajh
1521335414,辀,-v+231ii
1521335441,辀,-v+231ii
1521341121,辁,-v+aj-
1521341251122,输,-v+a-gll
1521341351122,输,-v+a-gll
152134312,轷,-v+/-8
152134333,轸,-v+a///
15213435,轮,-v+a7
15213453,轮,-v+a7
152135,轨,-v+/9
152135234,轹,-v+/vw
15213534,软,-v+9a
1521354251,辂,-v+9\o
152141251234,辌,-v+iiow
1521413434,较,-v+ii8x
152141352211535,辘,-v+\r477
152141352211553,辘,-v+\r477
152141352213535,辘,-v+\r477
152141352215353,辘,-v+\r477
1521415425113134,辙,-v+iidgax
1521415435113134,辙,-v+iidgax
1521431234354152,辚,-v+8m9i+v
15214451112251,辖,-v+\niiilo
15214451121251,辖,-v+\niiilo
15214453112251,辖,-v+\niiilo
15214453121251,辖,-v+\niiilo
15215131221534,辗,-v+c/h-v\/
152153,轨,-v+/9
152153251,轺,-v+vio
1521534,轫,-v+vi\
152154121,轻,-v+v\--
152154545454,辍,-v+xO4xO4
1523,牙,v-l/
1523211511134,與,r2c-8v-l
15232115111341111251,譽,r2c-8v-l4o
1523211511134112,舉,r2c-8v-l128
15232115111341251112,轝,r2c-8v-l-v+T
152321151113413251,礜,r2c-8v-lro
15232115111344111251,譽,r2c-8v-l4o
152332411121,雅,v-l/a2f-
152332511154444,鴉,v-l/niv-T
152335451,鸦,v-l/niv-
1523435451,鸫,-vwniv-
15234454,迓,\zv-l/
1523454,迓,\zv-l/
15234554,迓,\zv-l/
152352,邪,v-l/zl
1523552,邪,v-l/zl
1525,屯,-uv
152511,旨,7b
1525111534,眞,7ve8
15251132511154444,鴲,7bniv-T
1525132511134,頓,-uvre8
1525132534,顿,-uvre8
15251541,亟,zo4-
152552,邨,-uvzl
1525552,邨,-uvzl
153,万,rv
1531134511112,肄,7aqc-f
15311345452134,疑,7aqdvfa
153135,尧,/-v-a
153135541541,翘,/-v-acc
1532512134,趸,rvofa
153251214,虿,rvod
1533211511134,與,r2c-8v-l
15332115111341111251,譽,r2c-8v-l4o
1533211511134112,舉,r2c-8v-l128
15332115111341251112,轝,r2c-8v-l-v+T
153321151113413251,礜,r2c-8v-lro
15332115111344111251,譽,r2c-8v-l4o
1534153425221,盞,-x\-x\nh
153422,划,-x\ll
153454,迈,\zrv
153512,毕,77+
1535135435,毙,77-9i7
1535135453,毙,77-9i7
153515352511251214251214,蠶,kDkDbodod
15353,劢,rvv/
153532511,皆,77/b
1535431234,粊,778m
153545443,毖,77/v\\/
154121,至,-dt
1541211113431234,臻,-dtiii/\/m
154121132521,臶,-dtxOlz-
15412122,到,-dtll
1541213134,致,-dtax
15412132511154444,鵄,-dtniv-T
154121354,致,-dtax
15412152,郅,-dtzl
154121552,郅,-dtzl
15412211,甙,-vih--
154132,弃,-dh
15413452,函,u-v88
1542511,育,iidg
1542511134,貣,-vie8
1543154325221,盞,-x\-x\nh
154322,划,-x\ll
15432511154444,鳶,-viniv-T
15435,充,-da
1543511,育,iidg
1543541,育,iidg
15435451,鸢,-viniv-
154541251152,鄑,-4-bzl
1545412511552,鄑,-4-bzl
1551,互,-vv-
155312,毕,77+
1553135435,毙,77-9i7
1553135453,毙,77-9i7
155332511,皆,77/b
1553431234,粊,778m
155345443,毖,77/v\\/
211,上,f-
21111534,長,l-iiiv\/
211115431134,镻,liii-d/iia
2111154333121251,髻,r3d3+-o
21111543331213152511,鬐,r3d3/t7b
21111543331213352511,鬐,r3d3/t7b
21111543331213532511,鬐,r3d3/t7b
21111543331234,髤,r3d3m
211115433312343454,鬆,r3d3m8d
211115433313344,髮,r3d3xO4\
2111154333135,髡,r3d3-a
21111543331354,髪,r3d3xO4
211115433313544,髮,r3d3xO4\
2111154333212115,髭,r3d3f27
2111154333212135,髭,r3d3f27
2111154333212153,髭,r3d3f27
211115433321515,髭,r3d3f27
211115433321535,髭,r3d3f27
211115433321553,髭,r3d3f27
21111543332511,髥,r3d3nii
211115433325112522154,鬘,r3d3bnh4
211115433325113533,鬄,r3d3b9O//
211115433325121,髯,r3d3nt
21111543332522112513234,鬟,r3d3nh--o/w
21111543332522112513534,鬟,r3d3nh--o/w
21111543333115,髦,r3d3/-7
2111154333312344334,鬏,r3d3/mq
21111543333212134,鬂,r3d3rr-8
2111154333321234,髹,r3d3am
21111543333315112234,鬑,r3d3hch8
2111154333333132511134,鬚,r3d3///re8
211115433334113455,鬈,r3d38iiavv
2111154333342524312511,鬙,r3d38247
21111543333434121,髽,r3d3taa
2111154333345234354,鬉,r3d3ux89\
2111154333345235354,鬉,r3d3ux89\
211115433335113511,鬅,r3d3gg
211115433335254,髲,r3d3rlx
21111543333541112,髼,r3d39\iiil
211115433335443544,鬅,r3d3gg
21111543334135,髣,r3d32p
21111543334153,髣,r3d32p
211115433343113455,鬈,r3d38iiavv
2111154333431251122,鬋,r3d3hgll
2111154333431254422,鬋,r3d3hgll
2111154333431351122,鬋,r3d3hgll
2111154333431354422,鬋,r3d3hgll
21111543334315112234,鬑,r3d3hch8
2111154333432524312511,鬙,r3d38247
21111543334351523,鬀,r3d38cvl/
21111543334412343,髿,r3d3iiil8 or /l\/
211115433344511234,鬃,r3d3\n2w
211115433344512332511134,鬢,r3d3\n-/l/e8
21111543334453212134,鬓,r3d3\nrr-8
21111543334535,髧,r3d3n/v
211115433351532,髴,r3d3/lcv
211115433353251,髫,r3d3vio
211115433353254,髲,r3d3rlx
211115433354523,髳,r3d3dz/
211115433354545434333,鬖,r3d3ddda///
2111154511112,肆,liii-dc-f
211121111,韭,3ll3-
211121111251112,輩,3ll3-v+T
211121111512,辈,3ll3-v+
21112111251214,蜚,3ll3od
211121112521251431,豐,luiiiliiil-oh
211121112521251431355215,艷,luiiiliiil-oh9v2v
21112111252125143152,酆,luiiiliiil-ohzl
211121112521251431535215,艷,luiiiliiil-oh9v2v
211121112521251431552,酆,luiiiliiil-ohzl
211121114134,斐,3ll3iix
21112111413534,裴,3ll3ii/w
211121114544,悲,3ll3/v\\
21112111533533,翡,3ll3cc
21112111541541,翡,3ll3cc
2111254444113534,駥,vv-T-x\xO
2111254444113543,駥,vv-T-x\xO
2111254444121211212112,驊,vv-Th-lhii
2111254444121225125132411121,驩,vv-Thooa2f-
21112544441212511121534,驖,vv-T⿽-x\+oj-
21112544441212511121543,驖,vv-T⿽-x\+oj-
21112544441212513121534,驖,vv-T⿽-x\+oj-
21112544441212513121543,驖,vv-T⿽-x\+oj-
2111254444121525125121,驑,vv-T-cO/lco+
211125444412211154323334,驟,vv-Tr3l4a//\/
211125444412211154323434,驟,vv-Tr3l4a//\/
21112544441221122112,驊,vv-Th-lhii
2111254444122125125132411121,驩,vv-Thooa2f-
211125444412225125132411121,驩,vv-Thooa2f-
21112544441251234,駷,vv-Tmo
211125444412512512515,驅,vv-TcOooo
211125444412521111123425111,驦,vv-T-nl4me
211125444412524134123425111,驦,vv-T-nl4me
211125444412524444123425111,驦,vv-T-nl4me
21112544441315251,駵,vv-T-cO/lc
2111254444131525125121,驑,vv-T-cO/lco+
211125444413412512,騎,vv-Tq-lo
211125444413434343434,騻,vv-Tqxxxx
21112544441353334,駹,vv-Tk\///
21112544441354333,駹,vv-Tk\///
211125444414521111123425111,驦,vv-T-nl4me
211125444414524134123425111,驦,vv-T-nl4me
211125444414524444123425111,驦,vv-T-nl4me
21112544441513,馿,vv-T\c/
2111254444151325122,騙,vv-Tic/nh
21112544442111525121122134,驥,vv-T2l7o+h-8
2111254444211212112112,驊,vv-Th-lhii
2111254444211225125132411121,驩,vv-Thooa2f-
21112544442113525121122134,驥,vv-T2l7o+h-8
21112544442115325121122134,驥,vv-T2l7o+h-8
21112544442153152512125221,驢,vv-Tfr7o+nh
2111254444251112134,騠,vv-Tb-fa
211125444425111234,騍,vv-Tbm
2111254444251135345,騔,vv-Tb9Ova
21112544442512115,騁,vv-Tnt-v
211125444425121554234,騾,vv-To+⿽vdw
2111254444251225251,騧,vv-Tnvno
2111254444251341,駰,vv-ToOq
2111254444252125251,騧,vv-Tnvno
21112544442522112143112,驛,vv-Tnht8-+
211125444425251,駉,vv-Tno
211125444425525251,騧,vv-Tnvno
2111254444313425125251,驕,vv-T/qono
211125444431525,駞,vv-Tavvl
21112544443212154,駳,vv-Tz\/fv
211125444432121554,駳,vv-Tz\/fv
2111254444321554,駳,vv-Tz\/fv
21112544443215554,駳,vv-Tz\/fv
2111254444322,馴,vv-T/ll
211125444432533414544,驄,vv-T/oO/v\/v\\
211125444432535414544,驄,vv-T/oO/v\/v\\
21112544443351,馿,vv-T\c/
2111254444335125122,騙,vv-Tic/nh
211125444434112251,騇,vv-Ta-+o
21112544443412512513434,驗,vv-Ta-ooaa
2111254444341534,駣,vv-Ta88
2111254444345234354,騣,vv-Tux89\
2111254444345235354,騣,vv-Tux89\
2111254444352511,駨,vv-T9Ob
211125444441121,駐,vv-T\j-
21112544444125251125111,驙,vv-TiioOob-
2111254444413434,駮,vv-Tii8x
211125444441352211515,騼,vv-T\r477
211125444441352211535,騼,vv-T\r477
211125444441352211553,騼,vv-T\r477
211125444441352213535,騼,vv-T\r477
211125444441352215353,騼,vv-T\r477
211125444441431251112,騿,vv-Tiihb+
2111254444431234354152,驎,vv-T8m9i+v
211125444444535,駝,vv-T\n7
211125444444553,駝,vv-T\n7
21112544444513,馿,vv-T\c/
2111254444451325122,騙,vv-Tic/nh
211125444445443,駜,vv-T/v\\/
211125444451112321521512,驌,vv-Tc+kk-
21112544445111235521512,驌,vv-Tc+kk-
21112544445112321521512,驌,vv-Tc+kk-
2111254444511235521512,驌,vv-Tc+kk-
211125444451124134,騄,vv-T⿼c-l3
21112544445114554,駸,vv-Tc-n4
21112544445135251,駶,vv-Tc/vo
2111254444525,馳,vv-Tvvl
211125444453251,駋,vv-Tvio
211125444453353332511,騽,vv-Tcc/b
2111254444534332534,騛,vv-Tv2T
2111254444534335342,騛,vv-Tv2T
211125444454154132511,騽,vv-Tcc/b
21112544445431134,騃,vv-Tdaq
21112544445435,馻,vv-Tda
2111254444544251214,騷,vv-T\4\od
21112544445444251214,騷,vv-T\4\od
211125444454545434333,驂,vv-Tddda///
211125444455124134,騄,vv-T⿼c-l3
211152511,背,2l7g
2111525121122134,冀,2l7o+h-8
211153511,背,2l7g
211153541,背,2l7g
2111552,邶,2l7zl
21115552,邶,2l7zl
2112111125112132511,藷,h4oT/tb
21121111251121325114,藷,h4oT/tb
211211112513554,蔎,h4oT9x
211211121241252,鬧,lj-j-l\-ni
211211123412212511,藉,h2mh-b
2112111234251125214,藕,h2mbnd
211211123425112554,藕,h2mbnd
2112111253134,葜,hiiilviq
21121113431234,蓁,hiii/\/m
211211212511,菁,hj-g
211211212521,菁,hj-g
211211213511,菁,hj-g
21121123411234,蒜,h2w2w
21121134,芙,hiia
21121135342511134,薋,hii9ae8
21121154,芸,hiid
211212,艼,h-l
2112121,芏,ht
21121211154122134,蕻,hliii-dh-8
21121211154511112,蕼,hliii-dc-f
211212112112,華,h-lhii
2112121121121135,蕘,httt-a
2112121121124,葑,htt-\
211212113344,菝,hjxO4\
211212113544,菝,hjxO4\
211212115112134,蓵,hj-c-fa
2112121211254444,蔫,h-f2v-/\\\
211212121154444,蔫,h-f2v-/\\\
21121212122511134,蕡,h+he8
2112121222511134,蕡,h+he8
211212125132344454,薳,h\zto/w
21121212513234454,薳,h\zto/w
211212125132344554,薳,h\zto/w
211212125135344454,薳,h\zto/w
21121212513534454,薳,h\zto/w
211212125135344554,薳,h\zto/w
211212125145154121,薹,h+-on-dt
2112121252212511134,藚,h+-nhe8
2112121253512511134,藚,h+-nhe8
2112121254,茿,h--/v\
2112121315,荖,h/t7
21121213152511,蓍,h/t7b
211212132411121,蓷,hja2f-
211212132511,著,h/tb
2112121325114,著,h/tb
2112121335,荖,h/t7
21121213352511,蓍,h/t7b
211212134121354,蓺,ht8t/9\
2112121341213541154,藝,ht8t/9\iid
211212134121534,蓺,ht8t/9\
2112121341215341154,藝,ht8t/9\iid
211212134354,菱,ht89\
211212135121354,蓺,ht8t/9\
2112121351213541154,藝,ht8t/9\iid
211212135121534,蓺,ht8t/9\
2112121351215341154,藝,ht8t/9\iid
2112121353,荖,h/t7
21121213532511,蓍,h/t7b
211212135354,菱,ht89\
211212135515,菢,hj9Ovc
21121215425221,蓋,htdnh
211212211,苷,hh--
2112122111,茸,hr3l
211212211134,萁,hh-8--
2112122111345,葚,hh---v8
2112122111355,葚,hh---v8
211212211154,菆,hr3l4
211212212511121,蓳,hh-oj-
2112122151234,葉,hh-vm
211212251,苦,h+o
21121225125,茝,hcOlol
21121225125112512511,蘁,hj-oooo
2112122513511,葫,h+og
2112122513541,葫,h+og
211212341,苯,hm-
21121234121121,蓕,hmtt
2112123425111,葙,hme
21121234324111214444,藮,hma2f-/\\\
211212343312,菥,hmrr
21121234341,莁,h--aa
21121234341252511,薔,htaaoOo
211212343434,萊,hmaa
211212343454,菘,hm8d
2112123444454,蒁,h\zm\
211212344454,蒁,h\zm\
2112123444554,蒁,h\zm\
2112123544454,蒁,h\zm\
211212354454,蒁,h\zm\
2112123544554,蒁,h\zm\
21121245521,荸,h+nz-
211212511,苣,h--c
211212511124454,蓮,h\z-v+T
21121251112454,蓮,h\z-v+T
211212511124554,蓮,h\z-v+T
211212511214124,蓴,h-bl-\-\
2112125112144544,蕙,h-bl-\/v\\
211212511234,菄,hmb
21121251124,莆,h+\g
211212512,苛,h-lo
21121251211251211,薑,h-o+-o+-
211212512212511,蓸,h-bllb
211212512343534,蔌,hmo9a
2112125123435344454,藗,h\zmo9a
211212512343534454,藗,h\zmo9a
2112125123435344554,藗,h\zmo9a
21121251251122512511,蘁,hj-oooo
2112125125121,葍,h-oo+
211212512531125221,藍,hrlc2a\nh
211212512531425221,藍,hrlc2a\nh
211212512554,菣,hrlc24
2112125125542511134,藖,hrlc24e8
21121251431,荳,h-oh
211212521111132522,薷,h-nl4rnll
21121252111125121,蕾,h-nl4o+
2112125221251112,蕈,h-4b+
211212523211511134,藇,hr2c-8v-l
211212523422,莿,hmnll
21121252343134,蓛,hmnax
211212524134132522,薷,h-nl4rnll
21121252413425121,蕾,h-nl4o+
211212524444132522,薷,h-nl4rnll
21121252444425121,蕾,h-nl4o+
211212533211511134,藇,hr2c-8v-l
2112125351,茜,h-4
21121253511,莤,h-4-
21121253511324111214444,蘸,h-4-a2f-/\\\
21121254,芰,h+4
21121311534124,蓐,hr2w-\
2112131251534,葴,hrx\-o
2112131251543,葴,hrx\-o
2112131531534,葳,hrx\-y
2112131531543,葳,hrx\-y
2112132121,茬,hxOlt
21121321251534,蒧,hrx\fo
21121321251543,蒧,hrx\fo
211213241,苤,hrl\-
211213251,若,hxOo
2112132511325113251,藞,hrororo
211213251251214251214,蠚,hxOoodod
2112132514544,惹,hxOo/v\\
2112132521,荐,hxOlz-
21121331234312342121,藶,hr/m/mf2
211213344,茇,hxO4\
2112134,芖,hq
211213411234,萘,hq2w
211213412,苹,h-+8
2112134121312,莾,hq+h
211213412132,莾,hq+h
211213425115,菴,hqbv
211213425234343434,薾,h-8nlxxxx
2112134315233534,蕨,hrhul9a
21121343434,莢,hqaa
211213441312,莽,hq\h
21121344132,莽,hq\h
2112134425221,葢,hq\nh
211213513125125534,藏,hk-x\rlc2
211213513125125543,藏,hk-x\rlc2
2112135333431121,蕤,h-eat
211213534,茂,hrx\
21121354,苃,hxO4
2112135415132,葬,h-9i7h
21121354211121111,薤,h-9i3ll3-
2112135422,茢,h-9ill
211213543,茂,hrx\
2112135435132,葬,h-9i7h
211213544,茇,hxO4\
2112135453132,葬,h-9i7h
211214312,苹,h-+8
211214521111132522,薷,h-nl4rnll
21121452111125121,蕾,h-nl4o+
211214524134132522,薷,h-nl4rnll
21121452413425121,蕾,h-nl4o+
211214524444132522,薷,h-nl4rnll
21121452444425121,蕾,h-nl4o+
211215112531,萋,h-c+y
2112151225,茝,hcOlol
21121513,芦,h\c/
2112151532511,蒈,h77/b
2112151534,荑,hqcv
21121523,芽,hv-l/
21121523211511134,藇,hr2c-8v-l
211215311345452134,薿,h7aqdvfa
21121531234132511134,蘔,h7/mre8
21121533211511134,藇,hr2c-8v-l
211215341534,菚,h-x\-x\
21121535,芘,h77
2112153532511,蒈,h77/b
211215413452,菡,hu-v88
211215431543,菚,h-x\-x\
211215435,茺,h-da
2112155332511,蒈,h77/b
21122111154122134,蕻,hliii-dh-8
21122111154511112,蕼,hliii-dc-f
211221112111,菲,h3ll3
2112211121111,韮,h3ll3-
2112211121114544,蕜,h3ll3/v\\
211221123454,菽,hf-w4
21122121,芷,hf2
2112212115,茈,hf27
2112212121212121,蕋,hf2f2f2
21122121233132511134,蘋,hf2/l/re8
2112212135,茈,hf27
2112212153,茈,hf27
211221251,苫,hfo
211221253444441,蓾,hfox4
211221434,苡,hv\a
211221515,茈,hf27
211221531513533344454,蘧,h\zfr7-e
21122153151353334454,蘧,h\zfr7-e
211221531513533344554,蘧,h\zfr7-e
21122153152512125221,蘆,hfr7o+nh
2112215315251214544,藘,hfr7o+/v\\
211221535,茈,hf27
211221553,茈,hf27
2112234252343134,蔽,h8nl8ax
2112243252343134,蔽,h8nl8ax
211225111134554234,繤,hn-iii8⿽vdw
2112251112,草,hb+
2112251112211154,蕞,hbr3l4
211225111341111251,謩,hbq4o
21122511134121,墓,hbqt
211225111341211254444,驀,hbqvv-T
211225111342111254444,驀,hbqvv-T
211225111342344,慕,hbq/v\\\
211225111342511,暮,hbqb
21122511134252,幕,hbqnl
211225111343112,摹,hbq/j
211225111344111251,謩,hbq4o
2112251113452,鄚,hbqzl
2112251113453,募,hbqv/
21122511134552,鄚,hbqzl
211225111354,萈,hea\
2112251115154,葭,hlc--c4
2112251122111,葺,hor3l
21122511221111534,蕺,hor3l-x\
21122511221111543,蕺,hor3l-x\
2112251122111534,蕺,hor3l-x\
2112251122111543,蕺,hor3l-x\
21122511232115114512535113453,虋,hr2cn-on-4-8vi
211225112511125431234,蘭,hinTmo8
21122511251132411121,藺,hinTa2f-
211225112512531,蔞,ho-oly
2112251125214,萬,hbnd
21122511252142512134,躉,hbndofa
2112251125214251214,蠆,hbndod
21122511252144454,邁,\zhbnd
2112251125214454,邁,\zhbnd
21122511252144554,邁,\zhbnd
211225112522154,蔓,hbnh4
211225112554,萬,hbnd
2112251125542512134,躉,hbndofa
211225112554251214,蠆,hbndod
2112251125544454,邁,\zhbnd
211225112554454,邁,\zhbnd
2112251125544554,邁,\zhbnd
211225113511,萌,hbg
2112251135345,葛,hb9Ova
2112251211534,葨,ho+-v\/
21122512121354251,蕗,hof29\o
21122512125132341,薗,hoOto/w
21122512125135341,薗,hoOto/w
21122512132511154444,鶓,ho+niv-T
2112251214,茧,hod
2112251214544,葸,ho+/v\\
2112251215354251,蕗,hof29\o
211225121554234,蔂,ho+⿽vdw
2112251225251,萵,hnvno
21122512252514454,薖,h\znvno
2112251225251454,薖,h\znvno
21122512252514554,薖,h\znvno
21122512452511,蓇,hnvng
21122512453511,蓇,hnvng
21122512453541,蓇,hnvng
21122512511134,蒷,hoe8
2112251251115,萼,hoo--v
2112251251251115,蕚,hooo--v
211225125132115114512535113453,虋,hr2cn-on-4-8vi
211225125132411121,雚,hooa2f-
211225125132411121132511134,顴,hooa2f-re8
2112251251324111212511135,觀,hooa2f-ea
21122513251,莒,hoo
2112251341,茵,hoOq
21122513414544,蒽,hoOq/v\\
21122513522,莂,ho9Oll
21122515132115114512535113453,虋,hr2cn-on-4-8vi
21122515134,茣,ho-q
21122515322,莂,ho9Oll
2112252125251,萵,hnvno
21122521252514454,薖,h\znvno
2112252125251454,薖,h\znvno
21122521252514554,薖,h\znvno
21122521452511,蓇,hnvng
21122521453511,蓇,hnvng
21122521453541,蓇,hnvng
21122522112132511,薯,hnh/tb
211225221121325114,薯,hnh/tb
211225221134534,蔑,hnhrx\\
211225221134543,蔑,hnhrx\\
211225221251,萜,hnlfo
2112252212511134,蕒,hnhe8
2112252214512154,甍,hnhn-vv\
21122522145135415,薨,-lfnhn-9i7
21122522145135435,薨,-lfnhn-9i7
21122522145135453,薨,-lfnhn-9i7
211225221451554,甍,hnhn-vv\
2112252214525111,瞢,hnhne
2112252215425111515,藣,hnhdg77
2112252215425113535,藣,hnhdg77
2112252215425115353,藣,hnhdg77
2112252215435111515,藣,hnhdg77
2112252215435113535,藣,hnhdg77
2112252215435115353,藣,hnhdg77
2112252215435411515,藣,hnhdg77
2112252215435413535,藣,hnhdg77
2112252215435415353,藣,hnhdg77
21122522155423432411121,蘿,hnhvd3Ta2f-
21122522155444432411121,蘿,hnhvd3Ta2f-
211225251,苘,hno
2112252511,茴,hoOo
211225252,茁,hulu
211225312341,菌,hoO/m
21122534,芮,hna
21122534125221,蒕,hoOanh
211225431415,菵,hnhiiv
211225525251,萵,hnvno
2112255252514454,薖,h\znvno
211225525251454,薖,h\znvno
2112255252514554,薖,h\znvno
2112255452511,蓇,hnvng
2112255453511,蓇,hnvng
2112255453541,蓇,hnvng
211231112111,菲,h3ll3
2112311121114544,蕜,h3ll3/v\\
211231121,苼,hat
211231123412212511,藉,h2mh-b
2112311234251125214,藕,h2mbnd
211231123425112554,藕,h2mbnd
2112311253134,葜,hiiilviq
21123113432411121,薙,haqa2f-
2112312,芊,h/+
211231211,苲,halii
2112312121211,菙,h/+--h
211231212211,菙,h/+--h
21123121534,莪,h/fx\
2112312154,莛,hz\/t
21123121543,莪,h/fx\
21123121554,莛,hz\/t
2112312211211,菙,h/+--h
21123123412134354,薐,h/mt89\
21123123412135354,薐,h/mt89\
21123123422,莉,h/mll
21123123432511312,薭,h/m/b/+
21123123435,莠,h/mv/
21123123435251214444,蘓,h𮃣
211231234353,菞,h/mv/
2112312343533424134,藜,h/mv/al3
2112312344334,萩,h/mq
2112312344351523,蕛,h/m8cvl/
21123123453,莠,h/mv/
211231234531,萎,h/my
2112312511121,董,h/+o+t
21123155414,莓,havv3
211231554143134554234,蘩,havv3ax⿽vdw
21123155441,莓,havv3
211231554413134554234,蘩,havv3ax⿽vdw
2112321113554,葮,hliiii9x
2112321121,荏,ha/+-
21123211212511,蒨,haj-g
21123211212521,蒨,haj-g
21123211213511,蒨,haj-g
21123211511254,蓃,halalh-oiiaa2f-oll3
2112321151134,萸,hr-ca
2112321152,茚,h/l--vl
21123212154,莚,hz\/fv
211232121554,莚,hz\/fv
211232124,苻,ha-\
21123212512,荷,ha-lo
2112321344,茯,haq\
21123215,花,hav/
2112321511254,蓃,halalh-oiiaa2f-oll3
211232151134,萸,hr-ca
2112321534,茷,ha-x\
2112321543,茷,ha-x\
2112321554,莚,hz\/fv
21123215554,莚,hz\/fv
21123223134,莜,halax
211232231342511,蓨,halaxg
21123223134333,蓚,hal9\///
211232231343511,蓨,halaxg
211232231343541,蓨,halaxg
21123223542511,蓨,halaxg
2112322354333,蓚,hal9\///
21123223543511,蓨,halaxg
21123223543541,蓨,halaxg
2112322511234,葆,haom
2112322511234413534,藵,h𧛱
2112322512,茽,haol
2112323121,荏,ha/+-
211232411121321511,舊,hTa2f-r-c
2112324111214444,蕉,ha2f-/\\\
2112324111215422,劐,ha2f-4ll
21123241431,莅,haiih
21123241431251,蓓,haiiho
211232511154444,蔦,hniv-T
2112325112534,葲,h/bl3
211232511312,萆,h/b/+
2112325113251132511,藠,h/b/b/b
211232511351,菂,h/b9O\
211232511354,菂,h/b9O\
211232511355135,蔸,h兜
2112325113554,蒐,h/o+ad
21123251141353134,薂,h/b2pax
21123251141533134,薂,h/b2pax
2112325114554,葠,hac-n4
2112325115215,葩,h/bvcl
2112325115545541234,藥,h⿽vd/b⿽vdm
21123251213554,蒐,h/o+ad
2112325131134,葔,hav-aq
21123251514143112,薛,h/lcciih+
211232515141431121234,蘖,h/lcciih+m
21123251514143112431234,糵,h/lcciih+8m
21123251514143112521,孽,h/lcciih+z-
211232533414544,蔥,h/oO/v\/v\\
21123253411515,蓖,h/oOx77
21123253411535,蓖,h/oOx77
21123253411553,蓖,h/oOx77
21123253413535,蓖,h/oOx77
21123253415353,蓖,h/oOx77
211232535414544,蔥,h/oO/v\/v\\
2112325434354,葰,had89\
2112325435354,葰,had89\
21123312,芹,hrr
211233124454,菦,h\zrr
21123312454,菦,h\zrr
211233124554,菦,h\zrr
21123315112234,蒹,hhch8
2112332112,荇,h/a--l
21123321212134,蓗,h/atfa
211233221212134,蓰,h/af2fa
2112332252111213134,藢,h/alu-/tax
2112332252131213134,藢,h/alu-/tax
21123322521353134,薇,h/a𡵂ax
211233231121215211234,蘌,h/aa+-vvl2w
21123323112155211234,蘌,h/aa+-vvl2w
2112332312511354,蕧,h/aab9\
211233234342134,蓯,h/aaafa
21123323525121134112,蘅,h/a--l9o+q
2112332511112,葎,h/ac-f
2112333132511134,蕦,h///re8
2112333253134,葜,hiiilviq
211233441234,菜,h/\\/m
21123344321511,蓞,h/\\/r-c
2112334435554444,蔿,h/\\//vvv/\\\
21123344521,莩,h/\\/z-
21123344531,荽,h/\\/y
21123351,芦,h\c/
21123351153554,蒑,hr⿼c-v9x
211233544,苽,hrd\
21123354433544,蓏,hrd\rd\
2112341121,荃,haj-
21123411234,荼,ha-m
211234112431,菳,hajh
2112341234,茶,ham
21123412343554,蔱,hxm9x
211234123443554,蔱,hxm9x
21123412353554,蔱,hxm9x
211234123543554,蔱,hxm9x
2112341251,荅,ha-o
21123415113251,蒼,haic/-o
211234152,苓,haid
211234154,苓,haid
211234154544,菍,haiv/v\\
21123422,苅,hxll
211234234,苶,haw
211234252343134,蔽,h8nl8ax
2112343123425121,蕃,h/8mo+
21123432,芥,ha/l
21123432511154444,鴱,hxniv-T
211234431234,菜,h/\\/m
21123443321511,蓞,h/\\/r-c
2112344335554444,蔿,h/\\//vvv/\\\
2112344345354152,蕣,h/\\/n9i+v
21123443454544354,薆,h/\\/n/v\\9\
21123443521,莩,h/\\/z-
21123443531,荽,h/\\/y
211234435333251135,藐,h/2/q\/ba
21123445,芩,haiv
21123445113251,蒼,haic/-o
211234454,苓,haid
211234454544,菍,haiv/v\\
2112345425111,督,f-w4e
21123454533533,蓊,h8dcc
21123454541541,蓊,h8dcc
211235112554,菔,hgvl4
2112351134113424134,藤,hg𣳾
2112351134113453,蕂,hg8iiav/
21123511351122,蒯,hggll
2112351135251,葋,hg9Oo
2112351143113424134,藤,hg𣳾
2112351143113453,蕂,hg8iiav/
211235115254,菔,hgvl4
2112351251124,葡,h9O+\g
2112351251214,葻,h/v/od
211235125125121,蔔,h9O-oo+
21123513341111251,薝,h9r84o
21123513344111251,薝,h9r84o
21123513351111251,薝,h9r84o
21123513354111251,薝,h9r84o
21123515,芪,hrx
211235152,茚,h/l--vl
2112352511,荀,h9Ob
21123525121444431234,蘇,h9u-T/m
2112352513134,敬,h9Ooax
21123525131341111251,警,h9Ooax4o
21123525131341211254444,驚,h9Ooaxvv-T
21123525131341234,檠,h9Ooaxm
21123525131342111254444,驚,h9Ooaxvv-T
2112352513134251214,蟼,h9Ooaxod
21123525131343112,擎,h9Ooax/j
21123525131344111251,警,h9Ooax4o
211235251354,菟,h9oa\
21123525153,莻,hv/ov/
2112352534251113134,藑,h/vnaeax
211235253425111354,藑,h/vnaeax
211235311252,萄,h9Oa+u
211235311345452134,薿,h7aqdvfa
21123531234132511134,蘔,h7/mre8
211235321511,萏,h9r-c
2112353251214,葻,h/v/od
21123533,芴,h9O//
211235334,茐,h9O//\
2112353344544,葱,h9O//\/v\\
21123534,芡,h9a
21123534334,荻,hq\q
21123535,芘,h77
21123535112533112,薢,h9ntvia+
21123535121533112,薢,h9ntvia+
211235352,茆,h/v/vl
2112353523411243122,藰,h𨥫ll
2112353532511,蒈,h77/b
211235411124454,蓬,h\z9\iiil
21123541112454,蓬,h\z9\iiil
211235411124554,蓬,h\z9\iiil
2112354135251,葋,hg9Oo
2112354152,荈,h9i+v
211235415411234,蔡,h9i\\v2w
211235431234,菊,h9O8m
2112354341511534,蕵,h9iaicw
2112354344511534,蕵,h9iaicw
211235442554,菔,hgvl4
2112354434113424134,藤,hg𣳾
2112354434113453,蕂,hg8iiav/
21123544354422,蒯,hggll
2112354443113424134,藤,hg𣳾
2112354443113453,蕂,hg8iiav/
211235445254,菔,hgvl4
211235445411234,蔡,h9i\\v2w
2112354533411243122,藰,h𨥫ll
211235455,苑,h9ivv
2112354554544,葾,h9ivv/v\\
211235515,苞,h9Ovc
21123552335523,蒭,h9Oul9Oul
21124,卡,f-f
2112411125112132511,藷,h4oT/tb
21124111251121325114,藷,h4oT/tb
211241112513554,蔎,h4oT9x
21124124,苄,hiif
21124125113534,蓑,hii/wo-
211241251251112213534,蘘,hiioo-h-/w
21124125125251,蒿,hiiono
211241251252511234,藁,hiionom
2112412512525131234,藳,hiiono/m
2112412514512,葶,hiion-l
211241251452511234,藁,hiionom
2112412514525131234,藳,hiiono/m
21124131221252,蓆,h\rh-nl
211241312214444,蔗,h\rh-/\\\
211241312341234,蔴,h\rmm
21124131234123413251,蘑,h\rmmro
21124131234123421112111,蘼,h\rmm3ll3
21124131234123431112111,蘼,h\rmm3ll3
2112413123412343112,藦,h\rmm/j
211241312351235,蔴,h\rmm
21124131235123513251,蘑,h\rmmro
21124131235123521112111,蘼,h\rmm3ll3
21124131235123531112111,蘼,h\rmm3ll3
2112413123512353112,藦,h\rmm/j
21124133434121,蓙,h\rtaa
211241335151,菧,h\rrx\
211241335154,菧,h\rrx\
21124134131134,蒺,h\r2aq
2112413434,茭,hii8x
211241343412,萃,hiiaa+
211241352211254444,薦,h\rcllv-/\\\
211241352211515431234,蘪,h\r4778m
2112413522115154444,藨,h\r477/\\\
211241352211535431234,蘪,h\r4778m
2112413522115354444,藨,h\r477/\\\
21124135221154444,薦,h\rcllv-/\\\
211241352211553431234,蘪,h\r4778m
2112413522115534444,藨,h\r477/\\\
211241352213535431234,蘪,h\r4778m
2112413522135354444,藨,h\r477/\\\
211241352215353431234,蘪,h\r4778m
2112413522153534444,藨,h\r477/\\\
211241353131134,蔟,h2paaq
211241353144,菸,h2paii
211241353152134,蔙,h2pavfa
2112413531525,葹,h2pavvl
21124135342511134,薋,hii9ae8
211241353444,菸,h2paii
211241431,苙,hiih
21124143112,莘,hiih+
21124143112343312,薪,hiihmrr
211241431251,菩,hiiho
211241431251112,蔁,hiihb+
21124143125114544,薏,hiihb/v\\
21124143125152,蔀,hiihozl
211241431251552,蔀,hiihozl
21124143135251,蒟,hiih9Oo
2112414313533343554,藙,hiihe9x
211241431531,菨,hiihy
21124143253354211121111,虀,hiivi8l/v\3ll3-
2112414345252,蒂,hii8nnl
21124143454135,蒡,hii8n2p
21124143454153,蒡,hii8n2p
2112415,芒,hiiv
21124153,芳,h2p
2112415325,荒,hiiv-
211241533131134,蔟,h2paaq
211241533144,菸,h2paii
211241533152134,蔙,h2pavfa
2112415331525,葹,h2pavvl
2112415334,荄,hiiv/a
211241533444,菸,h2paii
2112415435,茺,h-da
21124155332411121,蕹,hiivv/a2f-
21124155425121,蓄,hii⿽vdo+
21124311214444,蓔,hht/\\\
21124312344454,蒾,h\z8m
2112431234454,蒾,h\z8m
21124312344554,蒾,h\z8m
21124315112234,蒹,hhch8
21124315233511,蒴,hhulg
211243252343134,蔽,h8nl8ax
21124334132511134,薠,hqre8
211243342511112,蔊,hqb-+
21124334334411354,蕿,hq/\\/-xO4
21124334344311354,蕿,hq/\\/-xO4
211243344334454334,藀,hqqnq
211244112511,菃,hiii--c
2112441125111234,蕖,hiii--cm
21124411251124,蒲,hiii+\g
21124411251124124,薄,hiii+\g-\
211244112512,菏,hiii-lo
2112441125221251112,藫,hiii-4b+
211244113412,萍,hiii-+8
211244114312,萍,hiii-+8
21124411515,菃,hiii--c
211244115151234,蕖,hiii--cm
21124412343,莎,hiiil8 or /l\/
211244125111,菹,hiiig-
2112441251125214,蕅,hiiibnd
2112441251125221,蕰,hiiibnh
211244125112554,蕅,hiiibnd
21124412512512511234,藻,hiiiooom
21124412534125221,薀,hiiioOanh
211244131133112,蓱,hiii8-h
21124413241431,蒞,hiiiaiih
2112441343123425121,藩,hiii/8mo+
211244134341211121111534,虃,hiii⿽-x\aa3ll3-
211244134341211121111543,虃,hiii⿽-x\aa3ll3-
211244135254,菠,hiiirlx
2112441354251,落,hiii9\o
21124414125125251,薃,hiiiiiono
2112441415,茫,hiiiiiv
2112441431132,蓱,hiii8-h
21124414511534,蒗,hiii\c-w
2112441511112,葏,hiiic-f
21124415114554,蓡,hiiic-n4
211244153251,菬,hiiivio
211244153254,菠,hiiirlx
211244154251,菭,hiiido
211244155,范,hiiivv
2112445112,荢,h\n-+
211244511234,萗,h\n2w
21124451135,莞,h\n--a
211244511352154,蔻,h\n--af4
211244511353134,蔲,h\n--aax
211244512,苧,h\n-l
2112445125111,萱,h\n-b-
211244513251,菪,h\nro
211244525151,菅,h\nlcc
211244532132511,蓿,h\na-/b
2112445321511354444,藛,h\nr-c9O/\\\
2112445341344,葖,h\n8q\
2112445343251113515,藭,h\n8/e/cv
21124453434251,蓉,h\n8ao
2112445351344,葖,h\n8q\
2112445353251113515,藭,h\n8/e/cv
211244535455,菀,h\n9ivv
211244551251,菅,h\nlcc
2112451135124,蒄,hn--a-\
21124511353334,蒙,hn--e
21124511534,莨,h\c-w
2112451234,荣,hnm
2112451251112,葷,hn-v+T
21124513,芦,h\c/
21124525114134,蓂,hnbra
2112454,芝,h\v\
21124544,芯,h/v\\
211245443,苾,h/v\\/
2112454445444544,蕊,h/v\\/v\\/v\\
2112511121251124,蕁,h⿼c---o-\
211251124134,菉,h⿼c-l3
2112511534,茛,hc-w
2112512115154,葭,hlc--c4
211251311234124,蔚,hc/2w-\
2112513112341244544,藯,hc/2w-\/v\\
21125132514143112,薜,hc/oiih+
21125134,芵,hvq
2112513444,荩,hc/\ii
2112515122111,葞,hcvr3l
211251515,苠,hvc-v
211251532,茀,h/lcv
21125153351533,蒻,hcviicvii
21125154151541,蒻,hcviicvii
211252121154325,蔬,hvf2ii228
2112521214154325,蔬,hvf2ii228
21125212511234,蔯,hzlmb
2112521251152,葦,hco+v
21125213121,莊,hk+-
211252133541124,蔣,hk9i\-\
211252133544,菰,hz-rd\
211252133544124,蔣,hk9i\-\
21125215154325,蔬,hvf2ii228
211252154154325,蔬,hvf2ii228
211252251212511134,藬,hzlol-e8
211252252,茁,hulu
211252413452,菡,hu-v88
21125253414444,蒸,hvl3-/\\\
211253112251,菇,hy+o
21125311311534124,薅,hyr2w-\
2112531251,茹,hyo
21125312513112,蒘,hyo/j
2112531531531,葌,hyyy
211253251354,菟,h9oa\
21125325153,莻,hv/ov/
211253311345452134,薿,h7aqdvfa
21125331234132511134,蘔,h7/mre8
21125334334,荻,hq\q
211253353334333,蓼,hcca///
2112534,芄,h/9\
21125353,芘,h77
2112535332511,蒈,h77/b
211254154134333,蓼,hcca///
211254251,苔,hdo
2112543341134,葵,hv\//\-q
2112543345153554,蕟,hv\//\cv9x
21125434,苡,hv\a
2112544331134,葵,hv\//\-q
2112544335153554,蕟,hv\//\cv9x
21125452132511134,蕷,hdzre8
211254523,茅,hdz/
21125452332511154444,鶜,hdz/niv-T
211254545434333,蔘,hddda///
211255124134,菉,h⿼c-l3
2112551353334,蒃,hvv-e
211255212511234,蔯,hzlmb
2112552251212511134,藬,hzlol-e8
2112554234251125221,藴,hvd3Tbnh
2112554234334411354,藧,hvd3T/\\/-xO4
2112554234344311354,藧,hvd3T/\\/-xO4
2112554234351,葯,hvd3T9O\
2112554234354,葯,hvd3T9O\
2112554234355215,蕝,hvd3Tvivcl
2112554234535215,蕝,hvd3Tvivcl
2112554444251125221,藴,hvd3Tbnh
2112554444334411354,藧,hvd3T/\\/-xO4
2112554444344311354,藧,hvd3T/\\/-xO4
2112554444351,葯,hvd3T9O\
2112554444354,葯,hvd3T9O\
2112554444355215,蕝,hvd3Tvivcl
2112554444535215,蕝,hvd3Tvivcl
2112554554,茲,h226
21125545544544,慈,h226/v\\
211352511,背,2l7g
2113525121122134,冀,2l7o+h-8
211353511,背,2l7g
211353541,背,2l7g
2113552,邶,2l7zl
21135552,邶,2l7zl
2114544,忐,f-/v\\
211532511,背,2l7g
2115325121122134,冀,2l7o+h-8
211533511,背,2l7g
211533541,背,2l7g
2115352,邶,2l7zl
21153552,邶,2l7zl
21211254,歧,f2+4
2121131233534132511134,顪,f2rx\-/l/re8
2121131233543132511134,顪,f2rx\-/l/re8
2121132511134,頉,f2re8
212115,此,f27
21211511,些,f27ii
2121151111251,訾,f274o
2121151234,柴,f27m
21211513251,砦,f27ro
21211525111,眥,f27e
2121152511134,貲,f27e8
212115253434,胔,f27g
21211532411121,雌,f27a2f-
212115341511534,飺,f27aicw
212115344511534,飺,f27aicw
2121153535112,觜,f279nt
2121153535121,觜,f279nt
2121154111251,訾,f274o
212115554234,紫,f27⿽vdw
2121233,步,f2/l/
2121233132511134,頻,f2/l/re8
2121233132534,频,f2/l/re8
212123313253432511312,颦,f2/l/re8/b/+
21212511,肯,f2g
21213434134345212212511,齰,f2auTh-b
21213434134345212215,齛,f2auTh-v
2121343413434521225111134,齻,f2auT+n-iii8
2121343413434521234123411234,齽,f2auTmm2w
2121343413434521234123452134,齼,f2auTmmvfa
2121343413434521325111134,齻,f2auT+n-iii8
21213434134345213412512,齮,f2auTq-lo
2121343413434521525111534,齻,f2auT+n-iii8
21213434134345232151135,齯,f2auTr-ca
212134341343452325125214,齲,f2auT/ond
21213434134345232512554,齲,f2auT/ond
2121343413434523312,齗,f2auTrr
2121343413434523413425221,齸,f2auTh8nh
21213434134345234152,齡,f2auTaid
21213434134345234154,齡,f2auTaid
21213434134345234454,齡,f2auTaid
21213434134345235251,齣,f2auT9Oo
2121343413434523525111534,齻,f2auT+n-iii8
2121343413434523552335523,齺,f2auT9Oul9Oul
2121343413434524313425221,齸,f2auTh8nh
212134341343452511534,齦,f2auTc-w
2121343413434525325111534,齻,f2auT+n-iii8
212134521251251,龉,f2au5o
212134521521251,龉,f2au5o
21213452212135,龇,f2auf27
21213452212153,龇,f2auf27
2121345221535,龇,f2auf27
2121345221553,龇,f2auf27
2121345225111,龃,f2aug-
212134522512134,龊,f2auofa
21213452315,龁,f2aua9
21213452325125214,龋,f2au/ond
2121345232512554,龋,f2au/ond
212134523312,龂,f2aurr
2121345234454,龄,f2auaid
2121345235,龀,f2au7
2121345235515,龅,f2au9Ovc
21213452511534,龈,f2auc-w
21213452513154121,龌,f2auc/-dt
2121345253,龀,f2au7
2121345253251,龆,f2auvio
212135,此,f27
2121351111251,訾,f274o
2121351234,柴,f27m
21213513251,砦,f27ro
21213525111,眥,f27e
2121352511134,貲,f27e8
2121352534,赀,f27e8
212135253434,胔,f27g
21213532411121,雌,f27a2f-
212135341511534,飺,f27aicw
212135344511534,飺,f27aicw
2121353535112,觜,f279nt
2121353535121,觜,f279nt
21213541,肯,f2g
2121354111251,訾,f274o
212135554234,紫,f27⿽vdw
21214312345234152,齢,f2u8maid
21214312345234154,齢,f2u8maid
21214312345234454,齢,f2u8maid
212153,此,f27
21215311,些,f27ii
2121531111251,訾,f274o
2121531234,柴,f27m
21215313251,砦,f27ro
21215325111,眥,f27e
2121532511134,貲,f27e8
2121532534,赀,f27e8
212153253434,胔,f27g
21215332411121,雌,f27a2f-
212153341511534,飺,f27aicw
212153344511534,飺,f27aicw
2121533535112,觜,f279nt
2121533535121,觜,f279nt
2121534111251,訾,f274o
212153554234,紫,f27⿽vdw
21251112,卓,fb+
2125111234,桌,fbm
212511134,貞,fe8
212511151321212,鼑,fekk
21251115132125,鼑,fekk
2125111521321212,鼑,fekk
212511152132125,鼑,fekk
212511534,战,fo-x\
212511543,战,fo-x\
212512535,觇,fona
212514444,点,fo/\\\
212515,乩,fov
212534,贞,fe8
2125341,卤,foOx
2125341431113121,鹾,foOxht/--
21253444441131251534,鹹,fox4rx\-o
21253444441131251543,鹹,fox4rx\-o
212534444413412512513434,鹼,fox4a-ooaa
2125511,卣,fox4
21255114454,逌,\zfox4
2125511454,逌,\zfox4
21255114554,逌,\zfox4
21353334135333452,豳,lu-e-e
2135454211121111,韰,-9i43ll3-
2135454341511534,餐,-9i4aicw
2135454344511534,餐,-9i4aicw
2135454431234,粲,-9i48m
21434,以,v\a
21451343425111,睿,-8ae
21451343425154121,壑,-8ao4t
21452511,肻,f2g
21453511,肻,f2g
21453541,肻,f2g
2151254,歧,f2+4
21513,卢,fc/
21513132534,颅,fc/re8
215132511134,頉,f2re8
2151335451,鸬,fc/niv-
21515,此,f27
2151511,些,f27ii
215151111251,訾,f274o
215151234,柴,f27m
2151513251,砦,f27ro
2151525111,眥,f27e
215152511134,貲,f27e8
21515253434,胔,f27g
2151532411121,雌,f27a2f-
21515341511534,飺,f27aicw
21515344511534,飺,f27aicw
215153535112,觜,f279nt
215153535121,觜,f279nt
215154111251,訾,f274o
21515554234,紫,f27⿽vdw
21531512512535121344212134341343452,齾,fr7-onhlq\f2auT
21531512512543121344212134341343452,齾,fr7-onhlq\f2auT
21531513533344454,遽,\zfr7-e
2153151353334454,遽,\zfr7-e
21531513533344554,遽,\zfr7-e
215315151,虐,fr7⿾c-
21531522431,虚,fr74-
215315224312535,觑,fr74-na
2153152243134,虡,fr7h-8
215315225211,虛,fr7h-
21531522521134,虡,fr7h-8
21531525111,虘,fr7g-
2153152511134,虞,fr7𠃑qo
215315251153,虜,fr7o+v/
215315251212511,膚,fr7o+g
2153152512125221132511134,顱,fr7o+nhre8
215315251213511,膚,fr7o+g
215315251213541,膚,fr7o+g
2153152512153,虜,fr7o+v/
2153152515134,虞,fr7𠃑qo
21531532121,虗,fr7rr-
21531532411121115,虧,fr7a2f---v
21531534312,虖,fr7/-8
215315352512113134,䲣,fr79u-ax
21531535333,彪,fr7a///
215315353533,虝,fr7a9O//
21531535435,處,fr79\/v
2153154134,虔,fr7iix
2153154544,虑,fr7/v\\
21531545443,虙,fr7/v\\/
21535,此,f27
2153511,些,f27ii
215351111251,訾,f274o
215351234,柴,f27m
2153513251,砦,f27ro
2153525111,眥,f27e
215352511134,貲,f27e8
215352534,赀,f27e8
21535253434,胔,f27g
2153532411121,雌,f27a2f-
21535341511534,飺,f27aicw
21535344511534,飺,f27aicw
215353535112,觜,f279nt
215353535121,觜,f279nt
215354111251,訾,f274o
21535554234,紫,f27⿽vdw
2154,攴,f4
21552,凸,l-l㇎-
21553,此,f27
2155311,些,f27ii
215531111251,訾,f274o
215531234,柴,f27m
2155313251,砦,f27ro
2155325111,眥,f27e
215532511134,貲,f27e8
215532534,赀,f27e8
21553253434,胔,f27g
2155332411121,雌,f27a2f-
21553341511534,飺,f27aicw
21553344511534,飺,f27aicw
215533535112,觜,f279nt
215533535121,觜,f279nt
215534111251,訾,f274o
21553554234,紫,f27⿽vdw
223142521,临,lla\ol
2231425221,监,lla\nh
223142535,览,lla\na
2231434112431,鉴,lla\ajh
2243123425234,黹,4-8nl8
22431234252341251124,黼,4-8nl8+\g
224312342523413344,黻,4-8nl8xO4\
224312342523413544,黻,4-8nl8xO4\
22431234252343453,黺,4-8nl88vi
2243124325234,黹,4-8nl8
22431243252341251124,黼,4-8nl8+\g
224312432523413344,黻,4-8nl8xO4\
224312432523413544,黻,4-8nl8xO4\
22431243252343453,黺,4-8nl88vi
224313425234,黹,4-8nl8
2243134252341251124,黼,4-8nl8+\g
22431342523413344,黻,4-8nl8xO4\
22431342523413544,黻,4-8nl8xO4\
2243134252343453,黺,4-8nl88vi
224314311134,菐,4-hiia
2243143112321511355434112431,鑿,4-8-+r-c9xajh
224314311252,凿,4-u8-+
224314325234,黹,4-8nl8
2243143252341251124,黼,4-8nl8+\g
22431432523413344,黻,4-8nl8xO4\
22431432523413544,黻,4-8nl8xO4\
2243143252343453,黺,4-8nl88vi
2243152,邺,4-zl
22431552,邺,4-zl
22511,旧,lb
2254121,坚,ll4t
22542511,肾,ll4g
22542534,贤,ll4e8
22543511,肾,ll4g
225441431,竖,ll4iih
2254554234,紧,ll4⿽vdw
231252,师,ll-ni
23252,帅,l/nl
234121,尘,wt
234134,尖,l8q
234134234,尜,l8qw
2342511,肖,wg
2342511135,覍,wea
234251122,削,wgll
23425114454,逍,\zwg
2342511454,逍,\zwg
23425114554,逍,\zwg
234252343134,敝,8nl8ax
234252343134132,弊,8nl8axh
23425234313425111,瞥,8nl8axe
2342523431342511251211511,鼈,8nl8axorvT
2342523431342511521211511,鼈,8nl8axorvT
2342523431342512134,蹩,8nl8axofa
23425234313432511154444,鷩,8nl8axniv-T
23425234313435251214444,鱉,8nl8ax9u-T
2342523431344544,憋,8nl8ax/v\\
234252513134,敞,wnoax
2342525131343115,氅,wnoax/-7
2343,少,l8 or /l\/
23432411121,雀,wa2f-
234325111,省,l8 or /l\/e
2343511,肖,wg
234351122,削,wgll
23435114454,逍,\zwg
2343511454,逍,\zwg
23435114554,逍,\zwg
234353,劣,qalalqc/
2343541,肖,wg
234354122,削,wgll
23435414454,逍,\zwg
2343541454,逍,\zwg
23435414554,逍,\zwg
23511,归,l/⿼c-
241121,壮,iil+-
241121413534,装,iil+-ii/w
2411344,状,iilq\
2413344124,将,iil9i-\
2413443124,将,iil9i-\
2413541234,桨,iil9im
241354124,将,iil9i-\
241354124251214,螀,iil9i-\od
2413541253511,酱,iil9i-4-
241354134,奖,iil9iq
2413542534,浆,iil9il3
241531,妆,iily
243135,光,w-a
243135122112512134,黋,w-ah--nt8
24313512212512134,黋,w-ah--nt8
243135451251112,輝,w-an-v+T
243135451512,辉,w-an-v+
24313553353332411121,耀,w-acca2f-
24313554154132411121,耀,w-acca2f-
2432511,肖,wg
2432511154444,鳪,fniv-T
243251122,削,wgll
24325114454,逍,\zwg
2432511454,逍,\zwg
24325114554,逍,\zwg
243252343134,敝,8nl8ax
243252343134132,弊,8nl8axh
24325234313425111,瞥,8nl8axe
2432523431342511251211511,鼈,8nl8axorvT
2432523431342511521211511,鼈,8nl8axorvT
2432523431342512134,蹩,8nl8axofa
24325234313432511154444,鷩,8nl8axniv-T
24325234313435251214444,鱉,8nl8ax9u-T
2432523431344544,憋,8nl8ax/v\\
24325251,尚,wno
243252513134,敞,wnoax
2432525131343115,氅,wnoax/-7
2433511,肖,wg
243351122,削,wgll
24335114454,逍,\zwg
2433511454,逍,\zwg
24335114554,逍,\zwg
2433541,肖,wg
243354122,削,wgll
24335414454,逍,\zwg
2433541454,逍,\zwg
24335414554,逍,\zwg
243451154,尝,wniid
24345251121,堂,wnot
243452511234,棠,wnom
243452512511134,賞,wnoe8
24345251252,常,wnonl
243452512534,赏,wnoe8
24345251254311214444,黨,wno4t4
243452513112,掌,wno/j
2434525135,党,wnoa
24345251413534,裳,wnoii/w
243511,当,w⿼c-
24411212511,情,/v\\j-g
24411212521,情,/v\\j-g
24411213511,情,/v\\j-g
2441121554234,愫,/v\\j-⿽vdw
244112251,恬,/v\\/+o
24411431345,惬,/v\\cOqh
244115453,恸,/v\\iidv/
244121124,恃,/v\\t-\
24412121,怔,/v\\-f2
244121222534,愤,/v\\+he8
2441212252214525111,懵,/v\\hnhne
2441212312511121,懂,/v\\h/+o+t
2441212415325,慌,/v\\hiiv-
24412143112,悻,/v\\t8-+
24412154,怯,/v\\td
2441221115454,慑,/v\\r3l44
24412212511,惜,/v\\h-b
2441221252214525111,懵,/v\\hnhne
244122252214525111,懵,/v\\hnhne
244122312511121,懂,/v\\h/+o+t
244122415325,慌,/v\\hiiv-
24412251,怙,/v\\+o
2441225111134,慎,/v\\+n-iii8
2441234123452134,憷,/v\\mmvfa
24412344,怵,/v\\+a\
24412354,怵,/v\\+a\
244124,忖,/v\\-\
2441245521,悖,/v\\+nz-
244125111,恒,/v\\-b-
2441251234,悚,/v\\mo
2441251234352534,懒,/v\\mo9e8
2441251251,悟,/v\\5o
24412521111132522,懦,/v\\-nl4rnll
24412524134132522,懦,/v\\-nl4rnll
24412524444132522,懦,/v\\-nl4rnll
2441254,忮,/v\\+4
244131212511,惰,/v\\xO--g
244131213511,惰,/v\\xO--g
244131213541,惰,/v\\xO--g
2441312514544534,憾,/v\\rx\-o/v\\
2441312514544543,憾,/v\\rx\-o/v\\
2441312515344544,憾,/v\\rx\-o/v\\
2441312515434544,憾,/v\\rx\-o/v\\
244131344,恹,/v\\rq\
2441324,怀,/v\\rl\
2441325111134,慎,/v\\+n-iii8
24413252,怖,/v\\xOnl
244134334,恢,/v\\xOq
2441345,怄,/v\\cOx
24414312,怦,/v\\-+8
24414521111132522,懦,/v\\-nl4rnll
24414524134132522,懦,/v\\-nl4rnll
24414524444132522,懦,/v\\-nl4rnll
24415123312,惭,/v\\-v+rr
2441521251,悟,/v\\5o
24415213312,惭,/v\\-v+rr
24421112111,悱,/v\\3ll3
2442112252214525111,懵,/v\\hnhne
2442112312511121,懂,/v\\h/+o+t
2442112415325,慌,/v\\hiiv-
24421251112,悼,/v\\fb+
2442254121,悭,/v\\ll4t
2442342511,悄,/v\\wg
24423425251,惝,/v\\wno
2442343511,悄,/v\\wg
2442343541,悄,/v\\wg
244243135,恍,/v\\w-a
2442432511,悄,/v\\wg
24424325251,惝,/v\\wno
2442433511,悄,/v\\wg
2442433541,悄,/v\\wg
2442454134,悯,/v\\iniix
2442511112,悍,/v\\b-+
24425111134,惧,/v\\n-iii8
244251125221,愠,/v\\bnh
24425112522154,慢,/v\\bnh4
244251131121,惺,/v\\bat
24425113533,惕,/v\\b9O//
244251141251234,憬,/v\\biiow
2442512,忡,/v\\ol
244251212534,愦,/v\\ol-e8
2442512341,悃,/v\\oOm
244251251,恫,/v\\n-o
244251251115,愕,/v\\oo--v
2442515215,悒,/v\\ov2v
244252132522,惴,/v\\lurnll
244252214135,愣,/v\\nh2p
244252214153,愣,/v\\nh2p
244252515,恺,/v\\luv-v
244253422,恻,/v\\e8ll
24425431415,惘,/v\\nhiiv
24431112111,悱,/v\\3ll3
2443112,忤,/v\\a+
24431121,性,/v\\at
2443115,忾,/v\\a-v
244312,忏,/v\\/+
24431211,怍,/v\\alii
244312251,恬,/v\\/+o
244312344334,愀,/v\\/mq
24431234521,悸,/v\\/mz-
244312511354,愎,/v\\ab9\
2443154,怅,/v\\v-\/ or v-/\
2443155414,悔,/v\\avv3
2443155441,悔,/v\\avv3
24432411121,惟,/v\\a2f-
244324111214444,憔,/v\\a2f-/\\\
24432511,怕,/v\\/b
24432511111535,慨,/v\\v⿼c-\rvv
244325111121,惶,/v\\/bj-
24432511151535,慨,/v\\v⿼c-\rvv
24432511351535,慨,/v\\v⿼c-\rvv
244325113554,愧,/v\\/o+ad
24432511531535,慨,/v\\v⿼c-\rvv
2443251213554,愧,/v\\/o+ad
244325221,恤,/v\\/nh
2443253431234134,懊,/v\\/n/8mq
244325431234134,懊,/v\\/n/8mq
2443312,忻,/v\\rr
2443315112234,慊,/v\\hch8
244341251,恰,/v\\a-o
244341251122,愉,/v\\a-gll
244341251155,愉,/v\\a-gll
244341254455,愉,/v\\a-gll
244341351122,愉,/v\\a-gll
244341351155,愉,/v\\a-gll
244341354455,愉,/v\\a-gll
24434152,怜,/v\\aid
24434154,怜,/v\\aid
244342524312511,憎,/v\\8247
24434454,怜,/v\\aid
2443454,忪,/v\\8d
2443455,怆,/v\\avv
24435112251,惆,/v\\nto
24435121251,惆,/v\\nto
24435334544,惚,/v\\9O///v\\
2443535112533112,懈,/v\\9ntvia+
2443535121533112,懈,/v\\9ntvia+
244354251,恪,/v\\9\o
2444124,忭,/v\\iif
24441251234,惊,/v\\iiow
2444125251111234,懔,/v\\iioOo2w
24441321251,惦,/v\\\rfo
24441343412,悴,/v\\iiaa+
244413452,恼,/v\\iiux
24441351124134,慷,/v\\\rc-l3
24441351125112,慵,/v\\\r𬎾
24441351135112,慵,/v\\\r𬎾
244414312511121,憧,/v\\iiho+t
244415,忙,/v\\iiv
2444254134,悯,/v\\iniix
2444315112234,慊,/v\\hch8
24443251112,惮,/v\\8b+
2444325135,悦,/v\\8oa
244432524312511,憎,/v\\8247
2444351523,悌,/v\\8cvl/
24444535455,惋,/v\\\n9ivv
244451512,恽,/v\\n-v+
2444535,忱,/v\\n/v
2445,忆,/v\\9
244511534,恨,/v\\c-w
244511541535,慨,/v\\v⿼c-\rvv
2445121,忸,/v\\c+
24451315,怩,/v\\c/7
24451335,怩,/v\\c/7
2445134,快,/v\\vq
24451353,怩,/v\\c/7
24451532,怫,/v\\/lcv
2445211,忸,/v\\c+
24453251,怊,/v\\vio
24454112,怿,/v\\4128
24454121,怪,/v\\4t
24454134333,惨,/v\\dq///
24454251,怡,/v\\do
2445434354,悛,/v\\d89\
2445435354,悛,/v\\d89\
24455122534,惯,/v\\vv+e8
24455212534,惯,/v\\vv+e8
2451,闩,in-
245111,闫,iniii
2451121,闰,inj-
2451152,闱,iniivl
245121121,闺,intt
24512132511,阇,in/tb
2451215425221,阖,intdnh
245122111,闻,inr3l
2451225111134,阗,in+n-iii8
245123,闭,in-/
2451234,闲,inm
245123435451,鹇,inmniv-
24512511534,阈,in-x\o-
24512511543,阈,in-x\o-
245125431234,阑,inmo8
2451325111134,阗,in+n-iii8
24513425115,阉,inqbv
245134454,闼,in\zq
2451354,闳,inxOd
245251,问,ino
2452511,间,inb
245251111344,阒,ineq\
24525112,闸,inbi
24525112511,阊,inbb
2452511541541,阘,inbcc
245251212534,阓,inol-e8
245251214,闽,inod
2452512341,阃,inoOm
245251251,闾,inoo
2452522112513534,阛,innh--o/w
245252515,闿,inluv-v
24532151135,阋,inr-ca
245321534,阀,ina-x\
245321543,阀,ina-x\
24534,闪,ina
24534434554,阌,in/\\/n4
24535152511,阍,inrxb
2453525115,阄,in9bv
24535321511,阎,in9r-c
245354251,阁,in9\o
245355112,䦶,in9c-l
2454111251,訚,in4o
24541252,闹,in\-ni
2454134,闵,iniix
2454135,闶,inii/v
24541353444,阏,in2paii
245415334,阂,iniiv/a
24541533444,阏,in2paii
2454315233534,阙,inhul9a
24543251112,阐,in8b+
2454325135,阅,in8oa
245441312251,阔,iniii/+o
2454511534,阆,in\c-w
2454544,闷,in/v\\
24551221113134,阚,invr3lax
245543341134,阕,inv\//\-q
245544331134,阕,inv\//\-q
245551,闯,invv-
251111111251322,瞓,e4oT/ll
251111112,盽,eiiil
25111111215,眶,ecOj-
2511111212511,睛,ej-g
2511111212521,睛,ej-g
2511111213511,睛,ej-g
2511111251,唁,o4o
2511111342511135,瞡,eiiaea
251111154,眃,eiid
25111121,旺,bj-
25111121121,眭,ett
25111121221113134,瞰,evr3lax
25111121225121,瞄,eho+
25111121225125132411121,矔,ehooa2f-
251111212252214525111,矒,ehnhne
2511112124511353334,矇,ehn--e
251111212511,晴,bj-g
251111212521,晴,bj-g
2511112132511,睹,e/tb
25111121325114,睹,e/tb
2511112134121,睦,et8t
2511112134354,睖,et89\
251111213511,晴,bj-g
2511112135121,睦,et8t
2511112135354,睖,et89\
251111215,哐,ocOj-
251111215425221,瞌,etdnh
25111122111,眲,er3l
25111122125125132411121,矔,ehooa2f-
251111221252214525111,矒,ehnhne
251111221253434,瞒,eh-naa
2511112225121,瞄,eho+
2511112225125132411121,矔,ehooa2f-
25111122252214525111,矒,ehnhne
251111224511353334,矇,ehn--e
251111225111134,瞋,e+n-iii8
2511112343434,睞,emaa
2511112343554234,縣,n-iiiw/⿽vdw
2511112522111234,瞟,e-42w
25111125221251112,瞫,e-4b+
251111255,眄,e-vlv
2511113121121,睚,ertt
251111325111134,瞋,e+n-iii8
25111134112,唪,oiii/\128
2511113431234,嗪,oiii/\/m
25111134432511234,瞭,eq8bw
25111134435451,䴗,eq\niv-
251111345,眍,ecOx
2511113534,眬,ek2
251111354,眅,er4
251111431234,睐,eim8
25111143342511234,瞭,eq8bw
2511115112134,睫,e-c-fa
2511115131344,睙,eic/q\
251111525,盹,e-uv
251111525111534,瞋,e+n-iii8
25111154,昙,biid
25111154121,眰,e-dt
25111211225121,瞄,eho+
25111211225125132411121,矔,ehooa2f-
251112112252214525111,矒,ehnhne
2511121124511353334,矇,ehn--e
25111212115,眦,ef27
25111212135,眦,ef27
25111212153,眦,ef27
25111212534,啧,oj-e8
2511121341152,韪,b-faiivl
251112134132511134,題,b-fare8
251112134132534,题,b-fare8
25111213415,匙,b-fa7
25111213432511154444,鶗,b-faniv-T
25111213435,匙,b-fa7
2511121344454,遈,\zb-fa
251112134454,遈,\zb-fa
2511121344554,遈,\zb-fa
25111213453,匙,b-fa7
2511121353134,嗷,o+-2pax
2511121354,唛,oj-9\
25111214444,黒,o+t/\\\
25111214454,逞,\zoj-
2511121454,逞,\zoj-
25111214554,逞,\zoj-
2511121515,眦,ef27
2511121533134,嗷,o+-2pax
2511121535,眦,ef27
25111215452,野,o+tdz
25111215452121,墅,o+tdzt
2511121552,郢,oj-zl
2511121553,眦,ef27
2511121554234,嗉,oj-⿽vdw
251112211154,最,br3l4
251112213424134,暴,bh-8l3
25111234132511134,顆,bmre8
25111234132534,颗,bmre8
251112342511,睄,ewg
251112343,眇,el8 or /l\/
251112343312,晰,bmrr
251112343511,睄,ewg
251112343541,睄,ewg
25111234354354,夥,bm9i9i
2511124,时,b-\
251112432511,睄,ewg
251112433511,睄,ewg
251112433541,睄,ewg
2511124345251121,瞠,ewnot
2511124345251254311214444,矘,ewno4t4
251112511112,睅,eb-+
251112511125111,瞐,eee
251112511132411121,瞿,eea2f-
2511125111324111213115,氍,eea2f-/-7
25111251113241112154,矍,eea2f-4
251112511135,睍,eea
25111251124,晡,b+\g
2511125112511121221113134,矙,einTvr3lax
25111251125112511,瞷,einTb
251112511251151221113134,矙,einTvr3lax
251112511251211511,鼂,b-orvT
2511125112512531,瞜,eo-oly
251112511521211511,鼂,b-orvT
25111251212534,瞆,eol-e8
251112512341,睏,eoOm
251112512511,睊,eog
2511125125124544,瞣,eool/v\\
251112512512511234,矂,eooom
2511125134,眏,enq
2511125135,眖,eoa
251112513511,睊,eog
251112513541,睊,eog
2511125351,晒,b-4
251113115,眊,e/-7
25111311534,晨,br2w
25111312121211,睡,glualal+-
2511131212211,睡,glualal+-
251113121534,睋,e/fx\
251113121543,睋,e/fx\
25111312211211,睡,glualal+-
25111312344334,瞅,e/mq
251113211511254,瞍,ealalh-oiiaa2f-oll3
25111321511254,瞍,ealalh-oiiaa2f-oll3
2511132151135,睨,er-ca
25111324111214444,瞧,ea2f-/\\\
2511132511312,睥,e/b/+
25111325131134,睺,eav-aq
251113322521353134,矀,e/a𡵂ax
25111334,昃,bra
2511133441234,睬,e/\\/m
2511133511344,睙,eic/q\
251113354,眅,er4
2511134111342511,賰,e8iii/\b
2511134112,眫,e8128
251113411212154,賦,e8⿽-vi-f2
251113411212511,䝼,e8j-g
251113411212521,䝼,e8j-g
251113411213511,䝼,e8j-g
25111341121554,賦,e8⿽-vi-f2
25111341122125121,購,e8-h-nt
25111341134,眹,e8-q
2511134113455,睠,e8iiavv
25111341135,貦,e8--a
2511134113534,賊,e8-x\xO
2511134113534251214,蠈,e8-x\xOod
2511134113543,賊,e8-x\xO
2511134113543251214,蠈,e8-x\xOod
2511134121251534,賳,e8⿽-x\+o
2511134121251543,賳,e8⿽-x\+o
2511134123,財,e8-/
251113412512513434,瞼,ea-ooaa
2511134125221251112,贉,e8-4b+
2511134132511,賄,e8xg
251113413252,睎,exxOnl
2511134133511,賄,e8xg
2511134134,眨,e/\v\
2511134134413441344,贆,e8q\q\q\
25111341354,販,e8r4
251113414431,睑,ea-\\/-
251113415,盻,e8-v
251113421251,貼,e8fo
2511134224314311134,贌,e84-hiia
251113425111341111251,譻,e8e84o
251113425111343134,贁,e8e8ax
251113425111344111251,譻,e8e84o
251113425113533,賜,e8b9O//
25111343315112234,賺,e8hch8
2511134333,眕,ea///
25111343354,販,e8r4
251113434121,睉,etaa
25111343413425221,賹,e8h8nh
2511134342524312511,贈,e88247
2511134352511521,賯,e89Obz-
2511134354251,賂,e89\o
2511134415334,賅,e8iiv/a
2511134431234,睬,e/\\/m
25111344313425221,賹,e8h8nh
25111344315112234,賺,e8hch8
2511134432524312511,贈,e88247
25111344345354152,瞬,e/\\/n9i+v
251113444512,貯,e8\n-l
2511134451251112,賱,e8n-v+T
2511134525,貤,e8vvl
251113453,盼,e8vi
251113454,眨,e/\v\
251113454251,貽,e8do
251113454545434333,贂,e8ddda///
251113513341111251,瞻,e9r84o
251113513344111251,瞻,e9r84o
251113513351111251,瞻,e9r84o
251113513354111251,瞻,e9r84o
2511135152511,睧,erxb
251113525,盹,e-uv
251113525111534,瞋,e+n-iii8
25111352534251113134,矎,e/vnaeax
2511135253425111354,矎,e/vnaeax
2511135334454,逿,\zb-9O//
251113533454,逿,\zb-9O//
2511135334554,逿,\zb-9O//
25111353434,覐,eaxx
25111354354,眵,e9i9i
25111355112,睁,e9c-l
251114111251322,瞓,e4oT/ll
251114134,盿,eiix
251114135,眆,e2p
2511141431251112,瞕,eiihb+
25111414312511121,瞳,eiiho+t
25111415,盳,eiiv
251114153,眆,e2p
2511141554,眩,eii⿽vd
2511143112,眫,e8128
25111431134,眹,e8-q
2511143113455,睠,e8iiavv
25111431234,眯,e8m
25111431234354152,瞵,e8m9i+v
251114312344454,瞇,e\z8m
25111431234454,瞇,e\z8m
251114312344554,瞇,e\z8m
25111431234531,䁖,e8my
2511143344334,睒,eqq
251114351523,睇,e8cvl/
251114451112251,瞎,e\niiilo
251114451121251,瞎,e\niiilo
251114451135,睆,e\n--a
251114453112251,瞎,e\niiilo
251114453121251,瞎,e\niiilo
2511144535455,睕,e\n9ivv
2511144545442522112,矃,e\n/v\\nh-l
25111451251112,睴,en-v+T
2511145131344,睙,eic/q\
251114525114134,瞑,enbra
251114535,眈,en/v
2511151124134,睩,e⿼c-l3
25111511534,眼,ec-w
2511151221113134,瞰,evr3lax
25111513211112522135251214,矚,ec/l88nh𠣜
25111513241342522135251214,矚,ec/l88nh𠣜
25111513325125214,瞩,ec//ond
2511151332512554,瞩,ec//ond
2511151515,眠,evc-v
2511151544454,遐,\zlc--c4
251115154454,遐,\zlc--c4
2511151544554,遐,\zlc--c4
25111521251,晤,b5o
251115234,県,vew
2511152343554234,縣,n-iiiw/⿽vdw
2511153,助,g-v/
2511153135,晓,b/-v-a
251115325111534,瞋,e+n-iii8
2511153353332411121,矅,ecca2f-
25111535,昆,b77
2511153535451,鹍,b77niv-
2511154154132411121,矅,ecca2f-
2511154251,眙,edo
25111543112,眸,eda+
25111543341134,睽,ev\//\-q
25111543341251431,瞪,ev\//\-oh
251115434354,睃,ed89\
251115435354,睃,ed89\
25111544331134,睽,ev\//\-q
25111544331251431,瞪,ev\//\-oh
25111544544,悬,g-d/v\\
2511155124134,睩,e⿼c-l3
25111553,昆,b77
2511155335451,鹍,b77niv-
2511155423432511252,矊,evd3T/bnl
2511155444432511252,矊,evd3T/bnl
251121121,哇,ott
251121213251,喏,ohxOo
251121222534,喷,o+he8
2511212251135345,噶,ohb9Ova
251121225121,喵,oho+
25112123212512,嗬,oha-lo
251121234,哎,ohx
2511212341251,嗒,oha-o
25112124125125251,嚆,ohiiono
251121251,咭,o+-o
251121251431251,嘻,o+-oho
251121251431333,嘭,o+-oh///
25112125211,圊,oOj-g
2511213152511,嗜,o/t7b
2511213234,哧,otw/
25112132511452,嘟,o/tbzl
251121325114552,嘟,o/tbzl
2511213251152,嘟,o/tbzl
25112132511552,嘟,o/tbzl
2511213312,哳,ojrr
2511213352511,嗜,o/t7b
25112135111,圊,oOj-g
2511213521,哮,o/tz-
2511213532511,嗜,o/t7b
25112141,国,oO-t\
25112141353134,嗷,o+-2pax
25112141431,啦,ojiih
25112141533134,嗷,o+-2pax
251121451251431,噎,o+-n-oh
2511215425221,嗑,otdnh
2511221111534,戢,or3l-x\
2511221111543,戢,or3l-x\
251122111343312,嘶,oh-8--rr
251122111534,戢,or3l-x\
251122111543,戢,or3l-x\
2511221115454,嗫,or3l44
25112212511253,嘞,oh-o+v/
25112213251,喏,ohxOo
251122134,哄,oh-8
251122151234,喋,oh-vm
251122251135345,噶,ohb9Ova
25112225121,喵,oho+
2511223212512,嗬,oha-lo
25112234,哎,ohx
251122341251,嗒,oha-o
2511224125125251,嚆,ohiiono
251122431132511134,顕,b4-re8
2511224553,唠,ohnv/
2511225,呓,oh9
25112251,咕,o+o
2511225111134,嗔,o+n-iii8
251122511123511,嘲,o+b+g
251122511123544,嘲,o+b+g
2511225251152,鄙,o+oOozl
25112252511552,鄙,o+oOozl
251122543112,喃,o+n8-+
2511232115114511214,璺,r2cn-on-t\
25112321151145123412341344334,爨,r2cn-onmmqq
2511232115114525111,舋,r2cn-ong-
2511232511154444,鴨,biniv-T
25112341234,啉,omm
2511234123411234,噤,omm2w
251123425111,喳,omb-
2511235451,鸭,biniv-
25112452512152134,嚏,o+no+vfa
2511245554234,嗦,o+n⿽vdw
251125111111251,誾,inT4o
251125111121,閏,inTj-
25112511113112,開,inT-h
251125111132,開,inT-h
2511251111342511135,闚,inTiiaea
25112511122111,聞,inTr3l
25112511122134,閧,inTh-8
2511251112213424134,曝,bbh-8l3
25112511122134515,闀,inTh-8vc
25112511123,閉,inT-/
251125111234,閑,inTm
25112511123432511154444,鷴,inTmniv-T
251125111251112,閳,inT-v+T
2511251112511534,閾,inT-x\o-
2511251112511543,閾,inT-x\o-
25112511125221121,闉,inT-4t
25112511125221531,闄,inT-4y
25112511125351121,闉,inT-4t
25112511125431234,闌,inTmo8
2511251113412,閛,inT-+8
2511251113425115,閹,inTqbv
2511251114312,閛,inT-+8
2511251115154,暇,blc--c4
2511251124,哺,o+\g
2511251124345251121,闛,inTwnot
25112511251111344,闃,inTeq\
25112511251112154,闅,inTef4
251125112511134,閴,inTe8
25112511251132511154444,鷼,inTbniv-T
2511251125114134,閺,inTbiix
251125112511533533,闒,inTbcc
251125112511541541,闒,inTbcc
25112511251251,閭,inTo/o
25112511251251251,闆,inTooo
25112511251251251112,闡,inToob+
251125112513251,閭,inTo/o
25112511312154,閮,inTz\/t
251125113121554,閮,inTz\/t
251125113211511,閰,inTr-c
25112511321511,閰,inTr-c
25112511341251,閤,inTa-o
25112511341251533533,闟,inTa-occ
25112511341251541541,闟,inTa-occ
251125113425135,閱,inT8oa
2511251134434554,閿,inT/\\/n4
251125113511,閒,inTg
2511251135112511135,覵,inTgea
25112511351132511154444,鷳,inTgniv-T
2511251135152511,閽,inTrxb
2511251135321511,閻,inT9r-c
25112511354251,閣,inT9\o
251125114111251,誾,inT4o
251125114134,閔,inTiix
25112511414312511,闇,inTiihb
251125114315233534,闕,inThul9a
25112511441112251,闊,inTiii/+o
251125114412,閗,inT⿽-lii
251125114412343,閯,inTiiil8 or /l\/
25112511441312251,闊,inTiii/+o
251125114511534,閬,inT\c-w
2511251145443,閟,inT/v\\/
251125115132514143112,闢,inTc/oiih+
2511251155455453212,關,inT226h
25112512,呵,o-lo
251125121151152,鄳,orvTzl
2511251211511552,鄳,orvTzl
25112512212511,嘈,o-bllb
251125123422,喇,omoll
25112512343534,嗽,omo9a
2511251245251251112213534,囔,o-olnoo-h-/w
2511251253512,嗝,o-onhl
2511251254312,嗝,o-onhl
251125134,映,bnq
25112521111132522,嚅,o-nl4rnll
251125214,禺,bnd
251125214132511134,顒,bndre8
251125214132534,颙,bndre8
2511252144454,遇,\zbnd
251125214454,遇,\zbnd
2511252144544,愚,bnd/v\\
2511252144554,遇,\zbnd
25112522111234,嘌,o-42w
25112522112132511,曙,bnh/tb
251125221121325114,曙,bnh/tb
25112522154,曼,bnh4
2511252215452,鄤,bnh4zl
25112522154552,鄤,bnh4zl
25112524134132522,嚅,o-nl4rnll
25112524444132522,嚅,o-nl4rnll
25112525,咂,ocOnl
25112533,畅,blv//
25112533533,翈,bicc
251125351,哂,o-4
2511254,吱,o+4
25112541541,翈,bicc
25112554,禺,bnd
25112554132511134,顒,bndre8
25112554132534,颙,bndre8
251125544454,遇,\zbnd
25112554454,遇,\zbnd
251125544544,愚,bnd/v\\
251125544554,遇,\zbnd
2511311211534,戥,bat-x\
2511311211543,戥,bat-x\
251131211,昨,balii
251131251534,喊,orx\-o
251131251543,喊,orx\-o
25113155414,晦,bavv3
25113155441,晦,bavv3
25113211234534,嘁,orx\f-w
25113211234543,嘁,orx\f-w
2511323512,晔,bav/+
25113241,呸,orl\-
2511324111214454,暹,\zba2f-
251132411121454,暹,\zba2f-
2511324111214554,暹,\zba2f-
2511325111134,嗔,o+n-iii8
25113251111534,嘎,o-/e-x\
25113251111543,嘎,o-/e-x\
251132511121,喱,oro+t
2511325111354,嗄,o-/e9\
2511325312,晔,bav/+
251132543112,喃,o+n8-+
251134121121,喹,oqtt
25113415251,晗,baivo
251134315233534,噘,orhul9a
251134334,咴,oxOq
251134432511234,嘹,oq8bw
25113443451354,暧,b/\\/nxO4
25113445251,晗,baivo
2511345,呕,ocOx
2511351125221,盟,bgnh
2511352514444,煦,b9Oo/\\\
2511353,呖,orv/
2511353322,剔,b9O//ll
2511353332511154444,鶍,b9O//niv-T
25113533434,啄,o-e\
251135334454,逷,\zb9O//
25113533454,逷,\zb9O//
251135334554,逷,\zb9O//
251135345,曷,b9Ova
25113534532511154444,鶡,b9Ovaniv-T
2511353453534,歇,b9Ova9a
25113534535451,鹖,b9Ovaniv-
2511353454454,遏,\zb9Ova
251135345454,遏,\zb9Ova
2511353454554,遏,\zb9Ova
25113535,昆,b77
251135352,昴,b/v/vl
2511353535451,鹍,b77niv-
25113541,昀,b9Oii
251135422,咧,o-9ill
251135424251,晷,b9\fo
251135434251,晷,b9\fo
2511355,呃,orvv
25113552,昂,b/vvl
251141251234132534,颢,biiowre8
251141251234333,影,biiow///
251141251251112213534,曩,biioo-h-/w
2511412515213134,暾,biioz-ax
2511413,旷,b\r
251141431,昱,biih
2511414312511,暗,biihb
25114311213123415534,曦,bht/m-x\-v
25114311213123415543,曦,bht/m-x\-v
251143342511234,嘹,oq8bw
2511445125111,暄,b\n-b-
251144553132511154444,鷃,b\nyniv-T
25114521111132522,嚅,o-nl4rnll
25114524134132522,嚅,o-nl4rnll
25114524444132522,嚅,o-nl4rnll
25114525114134,暝,bnbra
2511512115154,暇,blc--c4
25115121154,啭,o-v+vii\
25115131344,唳,oic/q\
251151315,昵,bc/7
251151335,昵,bc/7
251151353,昵,bc/7
251151532511,喈,o77/b
251151534,咦,oqcv
251152,凸,l-l㇎-
25115211154,啭,o-v+vii\
251152121151152,鄳,orvTzl
2511521211511552,鄳,orvTzl
2511521251,唔,o5o
2511521531535,號,o-vfr7a
2511521531535341511534,饕,o-vfr7aaicw
2511521531535344511534,饕,o-vfr7aaicw
2511523,呀,ov-l/
2511525,吨,o-uv
2511525111534,嗔,o+n-iii8
251153135,哓,o/-v-a
251153251,昭,bvio
2511532514444,照,bvio/\\\
251153353332411121,曜,bcca2f-
25115335334454,遢,\zbcc
2511533533454,遢,\zbcc
25115335334554,遢,\zbcc
25115341511534,飸,o-vaicw
25115344511534,飸,o-vaicw
2511535,吡,o77
251153512,哔,o77+
25115353,昆,b77
251153532511,喈,o77/b
2511535335451,鹍,b77niv-
2511535451,鸮,o-vniv-
251154154132411121,曜,bcca2f-
25115415414454,遢,\zbcc
2511541541454,遢,\zbcc
25115415414554,遢,\zbcc
2511542511,唷,oiidg
2511543341134,暌,bv\//\-q
2511543511,唷,oiidg
2511543541,唷,oiidg
2511544331134,暌,bv\//\-q
2511553,吡,o77
251155312,哔,o77+
251155332511,喈,o77/b
25115545544444132511134,顯,b226/\\\re8
2512,中,ol
251211113124,畴,o+iii/-\
25121112111,啡,o3ll3
25121121121,畦,o+tt
251211213251,喏,ohxOo
2512112251135345,噶,ohb9Ova
251211225121,喵,oho+
25121123212512,嗬,oha-lo
251211234,哎,ohx
2512112341251,嗒,oha-o
25121124,咔,of-f
25121124125125251,嚆,ohiiono
2512113412512,畸,o+q-lo
251211344,畎,o+q\
251211354,畈,o+r4
251211534,畏,o+-v\/
251212111112514334433454,躞,of2q4oq4
25121211113124,踌,of2iii/-\
251212111134321511,蹖,of2iii/\r-c
2512121111534,践,of2-x\-
2512121111543,践,of2-x\-
2512121112,趶,of2-+
251212111212511134,蹟,of2j-e8
251212111234,跊,of2im
2512121113112,趼,of2-h
25121211134,趺,of2iia
251212111534,践,of2-x\-
251212111543,践,of2-x\-
2512121121121,跬,of2tt
2512121121124,跱,of2t-\
2512121121212132511,躇,of2h/tb
25121211212121325114,躇,of2h/tb
2512121122111345,踸,of2h---v8
2512121122111355,踸,of2h---v8
25121211221115454,蹑,of2r3l44
251212112212132511,躇,of2h/tb
2512121122121325114,躇,of2h/tb
251212112212511,踖,of2h-b
251212112212523434,蹣,of2h-nl/\/\
25121211221253434,蹒,of2h-naa
2512121122151234,蹀,of2h-vm
251212112224532411121,躏,of2hina2f-
251212112242532411121,躏,of2hina2f-
251212112251,跍,of2+o
25121211225111134,蹎,of2+n-iii8
2512121123425111,蹅,of2mb-
251212112511,距,of2--c
251212112512,跒,of2-lo
251212112512212511,蹧,of2-bllb
25121211254,跂,of2+4
2512121131251431124,蹰,of2r23O
251212113251,跖,of2ro
25121211325111134,蹎,of2+n-iii8
251212113344,跋,of2xO4\
2512121134115,跨,of2q--v
251212113412512,踦,of2q-lo
2512121134315233534,蹶,of2rhul9a
2512121134432511234,蹽,of2q8bw
2512121134454,跶,of2\zq
251212113544,跋,of2xO4\
2512121143342511234,蹽,of2q8bw
251212115,呲,of27
251212115132511134,蹞,of27re8
2512121151325122,蹁,of2ic/nh
25121211515,距,of2--c
25121211525111534,蹎,of2+n-iii8
2512121153135,跷,of2/-v-a
251212115341534,踐,of2-x\-x\
2512121153512,跸,of277+
2512121153535112,嘴,of279nt
2512121153535121,嘴,of279nt
251212115431543,踐,of2-x\-x\
2512121155312,跸,of277+
2512121211212132511,躇,of2h/tb
25121212112121325114,躇,of2h/tb
251212121123454,踧,of2f-w4
25121212121,趾,of2f2
2512121212115,跐,of2f27
25121212121233,踄,of2f2/l/
2512121212135,跐,of2f27
2512121212153,跐,of2f27
251212121251112,踔,of2fb+
2512121224314311134,蹼,of24-hiia
25121212342511,踃,of2wg
25121212343511,踃,of2wg
25121212343541,踃,of2wg
25121212432511,踃,of2wg
25121212433511,踃,of2wg
25121212433541,踃,of2wg
251212124345251121,蹚,of2wnot
25121212511,啃,of2g
251212125111234,踝,of2bm
251212125111251113241112154,躩,of2eea2f-4
251212125113533,踢,of2b9O//
25121212511533533,蹋,of2bcc
25121212511541541,蹋,of2bcc
25121212512134,踀,of2ofa
251212125122,跚,of2nn-
25121212512512511234,躁,of2ooom
2512121252132522,踹,of2lurnll
251212125221,跚,of2nn-
25121212522135251214,躅,of2nh𠣜
251212125235113511,蹦,of2lugg
251212125235443544,蹦,of2lugg
251212125251,跚,of2nn-
251212131133112,跰,of28-h
251212131134,跌,of2/iia
251212131134251,踟,of2aqo
2512121312135,跣,of2163a
25121213121353121352534,躜,of2163a163ae8
2512121312454,跹,of2\z/+
2512121312511121,踵,of2/+o+t
25121213134,跃,of2/q
2512121313425125251,蹻,of2/qono
2512121315,趷,of2a9
251212132124,跗,of2a-\
2512121325125214,踽,of2/ond
251212132512554,踽,of2/ond
251212133122534,踬,of2r+e8
251212133124,跅,of2rr\
251212133132534,踬,of2r+e8
251212133234342134,蹤,of2/aaafa
251212133441234,踩,of2/\\/m
25121213344321511,蹈,of2/\\/r-c
25121213344554134,蹊,of2/\\/𡗞
2512121335125122,蹁,of2ic/nh
251212134,趴,of28
251212134112,跘,of28128
251212134113455,踡,of28iiavv
2512121341251122,踰,of2a-gll
2512121341251155,踰,of2a-gll
2512121341251533533,蹹,of2a-occ
2512121341251541541,蹹,of2a-occ
2512121341253511124,蹲,of28-4--\
2512121341254455,踰,of2a-gll
2512121341351122,踰,of2a-gll
2512121341351155,踰,of2a-gll
2512121341354455,踰,of2a-gll
25121213415113251,蹌,of2aic/-o
251212134152,跉,of2aid
2512121341534,跳,of2a88
251212134154,跉,of2aid
2512121342524312511,蹭,of28247
2512121343123425121,蹯,of2/8mo+
251212134333,跈,of2a///
251212134342134,踨,of2aafa
251212134431234,踩,of2/\\/m
25121213443321511,蹈,of2/\\/r-c
25121213443554134,蹊,of2/\\/𡗞
25121213445113251,蹌,of2aic/-o
251212134454,跉,of2aid
25121213452,啮,of2au
25121213455,跄,of2avv
251212135,呲,of27
2512121351,趵,of29O\
251212135132511134,蹞,of27re8
2512121351355,跪,of29rvv
251212135251,跔,of29Oo
25121213525111534,蹎,of2+n-iii8
251212135254,跛,of2rlx
251212135351,跚,of2nn-
2512121353512,跸,of277+
25121213535225121,蹓,of2/v\vio+
2512121353535112,嘴,of279nt
2512121353535121,嘴,of279nt
25121213541,啃,of2g
2512121354113444444,蹨,of29i\q\/\\\
2512121354251,路,of29\o
251212135425135451,鹭,of29\oniv-
251212135431234,踘,of29O8m
2512121354413444444,蹨,of29i\q\/\\\
25121213545325121,蹓,of2/v\vio+
251212135515,跑,of29Ovc
251212141112514334433454,躞,of2q4oq4
251212141121,跓,of2\j-
2512121412512341354,蹴,of2iiowk\
2512121412515213134,蹾,of2iioz-ax
251212141312214444,蹠,of2\rh-/\\\
2512121413122154,踱,of2\rh-4
251212141321251,踮,of2\rfo
2512121413234,跡,of2iiw/
2512121413251112134121,躔,of2\ro+t8t
2512121413251112135121,躔,of2\ro+t8t
2512121413432,跻,of2iix/l
2512121413434,跤,of2ii8x
251212141431251,踣,of2iiho
2512121414312511121,蹱,of2iiho+t
25121214143125111515111,躘,of2k2T
25121214143135111515111,躘,of2k2T
25121214143135411515111,躘,of2k2T
251212141431531,踥,of2iihy
2512121414345252,蹄,of2ii8nnl
25121214153,趽,of22p
2512121431113121,蹉,of2ht/--
251212143112,跘,of28128
25121214311213121,蹉,of2ht/--
2512121431132,跰,of28-h
251212143113452,踯,of28-qzl
251212143113455,踡,of28iiavv
2512121431134552,踯,of28-qzl
251212143122431,踫,of2h4-
2512121431225211,踫,of2h4-
2512121431253511124,蹲,of28-4--\
2512121432524312511,蹭,of28247
251212144511234,踪,of2\n2w
2512121445342512512,蹿,of2\n8ool
251212144535,跎,of2\n7
251212144553,跎,of2\n7
25121214511534,踉,of2\c-w
2512121451325122,蹁,of2ic/nh
251212151111254,踺,of2z\c-f
2512121511112554,踺,of2z\c-f
2512121511534,跟,of2c-w
25121215115344454,蹆,of2\zc-w
2512121511534454,蹆,of2\zc-w
25121215115344554,蹆,of2\zc-w
251212151312251,踞,of2c/+o
25121215134,趹,of2vq
25121215135251,跼,of2c/vo
25121215154544,跽,of2v-v/v\\
251212152133541124,蹡,of2k9i\-\
251212152133544124,蹡,of2k9i\-\
25121215215,跁,of2vcl
251212153,呲,of27
251212153132511134,蹞,of27re8
251212153251,跏,of2v/o
25121215325111534,蹎,of2+n-iii8
251212153254,跛,of2rlx
251212153353332411121,躍,of2cca2f-
2512121533535112,嘴,of279nt
2512121533535121,嘴,of279nt
2512121535312,跸,of277+
251212154154132411121,躍,of2cca2f-
251212154251,跆,of2do
25121215425112,踊,of2dn128
2512121542511253,踴,of2dn128v/
2512121543341251431,蹬,of2v\//\-oh
2512121543345153554,蹳,of2v\//\cv9x
25121215434354,踆,of2d89\
25121215435354,踆,of2d89\
2512121544331251431,蹬,of2v\//\-oh
2512121544335153554,蹳,of2v\//\cv9x
2512121545231234,蹂,of2dz/m
251212511134,貴,ol-e8
2512125111344454,遺,\zol-e8
251212511134454,遺,\zol-e8
2512125111344554,遺,\zol-e8
25121251212512113251,礨,o+o+o+ro
251212512125121311252,罍,o+o+o+a+u
251212512125121554234,纍,o+o+o+⿽vdw
25121251514454,遣,\zol-lcc
2512125151454,遣,\zol-lcc
25121251514554,遣,\zol-lcc
2512125251152,鄙,o+oOozl
25121252511552,鄙,o+oOozl
251212534,贵,ol-e8
251212534454,遗,\zol-e8
251213134,畋,o+ax
2512132511154444,鴫,o+niv-T
251213354,畈,o+r4
2512134112,畔,o+8128
2512134333,畛,o+a///
251214111125112132511,蠩,od4oT/tb
2512141111251121325114,蠩,od4oT/tb
2512141112,蚌,odiiil
251214111342511,蝽,odiii/\b
2512141113431234,螓,odiii/\/m
25121411212511,蜻,odj-g
25121411212521,蜻,odj-g
25121411213511,蜻,odj-g
251214112251,蛞,od/+o
251214113112,蚈,od-h
2512141132,蚈,od-h
2512141134,蚨,odiia
2512141135,蚖,od--a
25121412,虰,od-l
251214121,虹,od--
251214121121,蛙,odtt
251214121121121135,蟯,odttt-a
2512141211254444,螞,odvv-T
2512141212134121312,蠎,odhq+h
251214121213412132,蠎,odhq+h
251214121213441312,蟒,odhq\h
25121412121344132,蟒,odhq\h
25121412122511134,蟆,odhbq
251214121225221134534,蠛,odhnhrx\\
251214121225221134543,蠛,odhnhrx\\
25121412123241112154,蠖,odha2f-4
25121412124511353334,蠓,odhn--e
251214121251,蛣,od+-o
251214121251431333,蟛,od+-oh///
251214121315,蛯,od/t7
251214121335,蛯,od/t7
251214121353,蛯,od/t7
2512141215453,蜐,odtdv/
25121412211,蚶,odh--
25121412211134,蜞,odh-8--
251214122112512134,蟥,odh-nt8
25121412212511,蜡,odh-b
25121412212512134,蟥,odh-nt8
251214122125221134534,蠛,odhnhrx\\
251214122125221134543,蠛,odhnhrx\\
2512141221253434,螨,odh-naa
25121412213241112154,蠖,odha2f-4
251214122134121312,蠎,odhq+h
25121412213412132,蠎,odhq+h
25121412213441312,蟒,odhq\h
2512141221344132,蟒,odhq\h
251214122151234,蝶,odh-vm
2512141222511134,蟆,odhbq
25121412225221134534,蠛,odhnhrx\\
25121412225221134543,蠛,odhnhrx\\
2512141223241112154,蠖,odha2f-4
2512141224511353334,蠓,odhn--e
251214122451234,蝾,odhnm
25121412251,蛄,od+o
251214122513511,蝴,od+og
251214122513541,蝴,od+og
251214122543112,蝻,od+n8-+
25121412343312,蜥,odmrr
2512141241344,蛷,od-l3\
251214125112144544,蟪,od-bl-\/v\\
25121412511234,蝀,odmb
251214125115315,蝘,odcOby
25121412511534,蜮,od-x\o-
25121412511543,蜮,od-x\o-
25121412512,蚵,od-lo
25121412512212511,螬,od-bllb
251214125125121,蝠,od-oo+
25121412521111132522,蠕,od-nl4rnll
25121412522111234,螵,od-42w
251214125221251112,蟫,od-4b+
25121412523434,蜽,od-ni/\/\
25121412524134132522,蠕,od-nl4rnll
25121412524444132522,蠕,od-nl4rnll
2512141254,蚑,od+4
251214131212251125214,蠣,odrhbnd
25121413121225112554,蠣,odrhbnd
25121413122251125214,蠣,odrhbnd
2512141312225112554,蠣,odrhbnd
25121413135,蛎,odrrv
25121413153,蛎,odrrv
251214132112251125214,蠣,odrhbnd
25121413211225112554,蠣,odrhbnd
251214132543112,蝻,od+n8-+
2512141332511234,螈,odr/bw
251214134121121,蝰,odqtt
2512141354,蚘,odk\
251214135422,蛚,od-9ill
2512141354333,蛖,odk\///
25121414312511121,疃,o+iiho+t
251214143134,蛱,odqh
25121414521111132522,蠕,od-nl4rnll
25121414524134132522,蠕,od-nl4rnll
25121414524444132522,蠕,od-nl4rnll
25121415112134,蜨,od-c-fa
251214151325122,蝙,odic/nh
2512141515121,蜌,od77t
2512141523,蚜,odv-l/
251214153135,蛲,od/-v-a
2512141535,蚍,od77
2512141535121,蜌,od77t
251214154121,蛭,od-dt
2512141553,蚍,od77
2512141553121,蜌,od77t
2512142111254444,螞,odvv-T
2512142112134121312,蠎,odhq+h
251214211213412132,蠎,odhq+h
251214211213441312,蟒,odhq\h
25121421121344132,蟒,odhq\h
25121421122511134,蟆,odhbq
251214211225221134534,蠛,odhnhrx\\
251214211225221134543,蠛,odhnhrx\\
25121421123241112154,蠖,odha2f-4
25121421124511353334,蠓,odhn--e
251214231252,蛳,odll-ni
2512142342511,蛸,odwg
2512142343511,蛸,odwg
2512142343541,蛸,odwg
25121424,虲,odf
2512142432511,蛸,odwg
2512142433511,蛸,odwg
2512142433541,蛸,odwg
25121424345251121,螳,odwnot
25121425111234,蜾,odbm
251214251112511132411121,蠷,odeea2f-
25121425111251113241112154,蠼,odeea2f-4
2512142511135,蜆,odea
25121425111515,蜫,odb77
251214251115154,蝦,odlc--c4
25121425111535,蜫,odb77
25121425111553,蜫,odb77
25121425112141,蝈,odoO-t\
251214251125115,蝿,odo+bv
2512142511251211511,蠅,odorvT
251214251125221,蝹,odbnh
25121425113533,蜴,odb9O//
251214251135345,蝎,odb9Ova
2512142511353453534,蠍,odb9Ova9a
25121425113535,蜫,odb77
2512142511521211511,蠅,odorvT
25121425115353,蜫,odb77
251214251212511,蝟,odo+g
251214251212512125121,蠝,odo+o+o+
251214251213511,蝟,odo+g
251214251213541,蝟,odo+g
251214251214251214,蟲,ododod
25121425121554234,螺,odo+⿽vdw
251214251221,蛐,odbll
251214251225251,蝸,odnvno
2512142512452511,螖,odnvng
2512142512453511,螖,odnvng
2512142512453541,螖,odnvng
2512142512511,蜎,odog
25121425125115,蝇,odobv
251214251251251112,蟬,odoob+
2512142512534,蜗,odona
2512142513511,蜎,odog
2512142513541,蜎,odog
2512142515134,蜈,od𠃑qo
2512142521251431,螘,odlu-oh
251214252125251,蝸,odnvno
2512142521452511,螖,odnvng
2512142521453511,螖,odnvng
2512142521453541,螖,odnvng
25121425221,蛊,odnh
2512142522112143112,蠌,odnht8-+
2512142522135251214,蠋,odnh𠣜
251214252511,蛔,odoOo
25121425312341,蜠,odoO/m
2512142534,蚋,odna
2512142534125221,蝹,odbnh
2512142535,蚬,odna
25121425431415,蝄,odnhiiv
25121425525251,蝸,odnvno
251214255452511,螖,odnvng
251214255453511,螖,odnvng
251214255453541,螖,odnvng
25121431121,圉,oOt8-+
251214311234,蛛,od/im
25121431133112,蛢,od8-h
25121431134251,蜘,odaqo
2512143115,蚝,od/-7
25121431211,蚱,odalii
2512143121534,蛾,od/fx\
251214312154,蜓,odz\/t
2512143121543,蛾,od/fx\
2512143121554,蜓,odz\/t
251214312251,蛞,od/+o
2512143123422,蜊,od/mll
2512143123435,蜏,od/mv/
251214312344412,蝌,od/m⿽-lii
2512143123453,蜏,od/mv/
251214312511354,蝮,odab9\
251214313425125251,蟜,od/qono
2512143152134,蜁,odavfa
2512143211511254,螋,odalalh-oiiaa2f-oll3
25121432121,蚯,odrr-
2512143212154,蜒,odz\/fv
25121432121554,蜒,odz\/fv
251214321511254,螋,odalalh-oiiaa2f-oll3
25121432151135,蜺,odr-ca
251214321554,蜒,odz\/fv
2512143215554,蜒,odz\/fv
251214324111214444,蟭,oda2f-/\\\
251214325111121,蝗,od/bj-
2512143251111344,螑,od/eq\
251214325111152,蝍,odv⿼c-\vl
2512143251114544,螅,od/e/v\\
25121432511151234,蟂,od-niv-T/\\\m
251214325111552,蝍,odv⿼c-\vl
251214325113,蛜,odacxO
25121432511312,蜱,od/b/+
251214325113552,蝍,odv⿼c-\vl
251214325113554,螝,od/o+ad
251214325115352,蝍,odv⿼c-\vl
2512143251154444,螐,od/vc-/\\\
2512143251213554,螝,od/o+ad
251214325125214,蝺,od/ond
25121432512554,蝺,od/ond
2512143253411515,螕,od/oOx77
2512143253411535,螕,od/oOx77
2512143253411553,螕,od/oOx77
2512143253413535,螕,od/oOx77
2512143253415353,螕,od/oOx77
2512143344124,蛶,od/\\/-\
2512143344521,蜉,od/\\/z-
251214335125122,蝙,odic/nh
2512143411234,蜍,oda-m
25121434113455,蜷,od8iiavv
251214341251,蛤,oda-o
251214341251122,蝓,oda-gll
251214341251155,蝓,oda-gll
251214341253511,蝤,od8-4-
251214341254455,蝓,oda-gll
251214341351122,蝓,oda-gll
251214341351155,蝓,oda-gll
251214341354455,蝓,oda-gll
2512143415113251,螥,odaic/-o
25121434152,蛉,odaid
25121434154,蛉,odaid
2512143425135,蛻,od8oa
251214343123425121,蟠,od/8mo+
25121434312344544,蟋,od/8m/v\\
2512143432,蚧,oda/l
251214344,蚁,odx\
2512143441345225214,蠄,odaiiuxnd
251214344134522554,蠄,odaiiuxnd
2512143443124,蛶,od/\\/-\
2512143443521,蜉,od/\\/z-
2512143445113251,螥,odaic/-o
25121434454,蛉,odaid
2512143453,蚡,od8vi
2512143454,蚣,od8d
25121435,虮,od/v
25121435112251,蜩,odnto
25121435121251,蜩,odnto
2512143513341111251,蟾,od9r84o
2512143513344111251,蟾,od9r84o
2512143513351111251,蟾,od9r84o
2512143513354111251,蟾,od9r84o
2512143525121,蜔,od9Oo+
25121435251353334,蟓,od9oe
251214352521353334,蟓,od9oe
251214352534353334,蟓,od9oe
25121435254,蚾,odrlx
25121435311252,蜪,od9Oa+u
2512143535,蚍,od77
2512143535112533112,蠏,od9ntvia+
2512143535121,蜌,od77t
2512143535121533112,蠏,od9ntvia+
2512143541112,蜂,od9\iiil
251214354354,蛥,od9i9i
251214411125112132511,蠩,od4oT/tb
2512144111251121325114,蠩,od4oT/tb
25121441121,蛀,od\j-
25121441251451353334,蠔,odiion-e
2512144133315112234,蠊,od\rhch8
2512144134,蚊,odiix
2512144134315112234,蠊,od\rhch8
251214413432,蛴,odiix/l
251214413434,蛟,odii8x
25121441345225214,螭,odiiuxnd
2512144134522554,螭,odiiuxnd
2512144135112251,螗,od\rc+o
251214413531521,蝣,od2paz-
25121441431251112,蟑,odiihb+
2512144143454135,螃,odii8n2p
2512144143454153,螃,odii8n2p
251214415,虻,odiiv
251214415331521,蝣,od2paz-
25121441554,蚿,odii⿽vd
25121441554413412,蟀,odii⿽vd88+
251214431112,蛘,odh128
251214431112431251,蟮,odh128ho
2512144311135,蜣,odh128v
2512144311213121534,蟻,odht/fx\
2512144311213121543,蟻,odht/fx\
25121443112135,蜣,odh128v
251214431121431251,蟮,odh128ho
251214431132,蛢,od8-h
25121443113455,蜷,od8iiavv
251214431234531,蝼,od8my
251214431253511,蝤,od8-4-
25121443251112,蝉,od8b+
2512144325135,蜕,od8oa
251214434,蚁,odx\
2512144412,蚪,od⿽-lii
251214443251112,蝉,od8b+
25121444512332511134,蠙,od\n-/l/e8
25121444535,蛇,od\n7
25121444535455,蜿,od\n9ivv
25121444553,蛇,od\n7
251214451153452,螂,od\c-wzl
2512144511534552,螂,od\c-wzl
25121445115452,螂,od\c-wzl
251214451154552,螂,od\c-wzl
251214451325122,蝙,odic/nh
2512144525114134,螟,odnbra
2512144535455,畹,o+\n9ivv
251214454,迪,\znt
2512145,虬,odv
251214511121251124,蟳,od⿼c---o-\
2512145115344454,螁,od\zc-w
251214511534454,螁,od\zc-w
2512145115344554,螁,od\zc-w
2512145115452,蝍,odv⿼c-\vl
251214512115154,蝦,odlc--c4
251214513211112522135251214,蠾,odc/l88nh𠣜
251214513241342522135251214,蠾,odc/l88nh𠣜
2512145152,蚓,odcvl
25121452,虯,odvl
25121452125221,蜢,odz-nh
251214525,虵,odvvl
25121453254,蚾,odrlx
251214533533,蛡,odcc
25121453353332411121,蠗,odcca2f-
2512145353,蚍,od77
2512145353121,蜌,od77t
25121454,迪,\znt
25121454121,蛏,od4t
251214541541,蛡,odcc
25121454154132411121,蠗,odcca2f-
2512145425112,蛹,oddn128
251214543112,蛑,odda+
251214544,思,o+/v\\
251214551,蚂,odvv-
251214551353334,蝝,odvv-e
251214554,迪,\znt
25121455453,蚴,od⿽vdv/
25121511112514334433454,躞,of2q4oq4
2512151113124,踌,of2iii/-\
25121511134321511,蹖,of2iii/\r-c
251215111534,践,of2-x\-
251215111543,践,of2-x\-
251215112,趶,of2-+
25121511212511134,蹟,of2j-e8
25121511234,跊,of2im
251215113112,趼,of2-h
2512151134,趺,of2iia
25121511534,践,of2-x\-
25121511543,践,of2-x\-
251215121121,跬,of2tt
251215121124,跱,of2t-\
251215121212132511,躇,of2h/tb
2512151212121325114,躇,of2h/tb
251215122111345,踸,of2h---v8
251215122111355,踸,of2h---v8
2512151221115454,蹑,of2r3l44
25121512212132511,躇,of2h/tb
251215122121325114,躇,of2h/tb
25121512212511,踖,of2h-b
25121512212523434,蹣,of2h-nl/\/\
2512151221253434,蹒,of2h-naa
251215122151234,蹀,of2h-vm
25121512224532411121,躏,of2hina2f-
25121512242532411121,躏,of2hina2f-
25121512251,跍,of2+o
2512151225111134,蹎,of2+n-iii8
251215123425111,蹅,of2mb-
25121512511,距,of2--c
25121512512,跒,of2-lo
25121512512212511,蹧,of2-bllb
25121512514454,遣,\zol-lcc
2512151251454,遣,\zol-lcc
25121512514554,遣,\zol-lcc
2512151254,跂,of2+4
251215131251431124,蹰,of2r23O
25121513251,跖,of2ro
2512151325111134,蹎,of2+n-iii8
25121513344,跋,of2xO4\
251215134115,跨,of2q--v
25121513412512,踦,of2q-lo
251215134315233534,蹶,of2rhul9a
251215134432511234,蹽,of2q8bw
251215134454,跶,of2\zq
25121513544,跋,of2xO4\
251215143342511234,蹽,of2q8bw
25121515,呲,of27
25121515132511134,蹞,of27re8
251215151325122,蹁,of2ic/nh
2512151515,距,of2--c
2512151525111534,蹎,of2+n-iii8
251215153135,跷,of2/-v-a
25121515341534,踐,of2-x\-x\
251215153512,跸,of277+
251215153535112,嘴,of279nt
251215153535121,嘴,of279nt
25121515431543,踐,of2-x\-x\
251215155312,跸,of277+
2512152,邮,ntzl
251215211212132511,躇,of2h/tb
2512152112121325114,躇,of2h/tb
25121521123454,踧,of2f-w4
2512152121,趾,of2f2
2512152121233,踄,of2f2/l/
25121521251112,踔,of2fb+
25121521515,跐,of2f27
25121521535,跐,of2f27
25121521553,跐,of2f27
251215224314311134,蹼,of24-hiia
2512152342511,踃,of2wg
2512152343511,踃,of2wg
2512152343541,踃,of2wg
2512152432511,踃,of2wg
2512152433511,踃,of2wg
2512152433541,踃,of2wg
25121524345251121,蹚,of2wnot
25121525111234,踝,of2bm
25121525111251113241112154,躩,of2eea2f-4
25121525113533,踢,of2b9O//
2512152511533533,蹋,of2bcc
2512152511541541,蹋,of2bcc
2512152512134,踀,of2ofa
25121525122,跚,of2nn-
2512152512512511234,躁,of2ooom
251215252132522,踹,of2lurnll
25121525221,跚,of2nn-
2512152522135251214,躅,of2nh𠣜
25121525235113511,蹦,of2lugg
25121525235443544,蹦,of2lugg
25121525251,跚,of2nn-
25121531133112,跰,of28-h
25121531134,跌,of2/iia
25121531134251,踟,of2aqo
251215312135,跣,of2163a
2512153121353121352534,躜,of2163a163ae8
251215312454,跹,of2\z/+
251215312511121,踵,of2/+o+t
2512153134,跃,of2/q
251215313425125251,蹻,of2/qono
251215315,趷,of2a9
2512153151353334,噱,ofr7-e
25121531522431,嘘,ofr74-
25121531535,唬,ofr7a
25121532124,跗,of2a-\
251215325125214,踽,of2/ond
25121532512554,踽,of2/ond
25121533122534,踬,of2r+e8
25121533124,跅,of2rr\
25121533132534,踬,of2r+e8
25121533234342134,蹤,of2/aaafa
25121533441234,踩,of2/\\/m
2512153344321511,蹈,of2/\\/r-c
2512153344554134,蹊,of2/\\/𡗞
251215335125122,蹁,of2ic/nh
25121534,趴,of28
25121534112,跘,of28128
25121534113455,踡,of28iiavv
251215341251122,踰,of2a-gll
251215341251155,踰,of2a-gll
251215341251533533,蹹,of2a-occ
251215341251541541,蹹,of2a-occ
251215341253511124,蹲,of28-4--\
251215341254455,踰,of2a-gll
251215341351122,踰,of2a-gll
251215341351155,踰,of2a-gll
251215341354455,踰,of2a-gll
2512153415113251,蹌,of2aic/-o
25121534152,跉,of2aid
251215341534,跳,of2a88
25121534154,跉,of2aid
251215342524312511,蹭,of28247
251215343123425121,蹯,of2/8mo+
25121534333,跈,of2a///
25121534342134,踨,of2aafa
25121534431234,踩,of2/\\/m
2512153443321511,蹈,of2/\\/r-c
2512153443554134,蹊,of2/\\/𡗞
2512153445113251,蹌,of2aic/-o
25121534454,跉,of2aid
2512153455,跄,of2avv
25121535,呲,of27
251215351,趵,of29O\
25121535132511134,蹞,of27re8
251215351355,跪,of29rvv
25121535251,跔,of29Oo
2512153525111534,蹎,of2+n-iii8
25121535254,跛,of2rlx
25121535312512153,嬲,o+v/yo+v/
25121535351,跚,of2nn-
251215353512,跸,of277+
2512153535225121,蹓,of2/v\vio+
251215353535112,嘴,of279nt
251215353535121,嘴,of279nt
251215354113444444,蹨,of29i\q\/\\\
251215354251,路,of29\o
25121535425135451,鹭,of29\oniv-
25121535431234,踘,of29O8m
251215354413444444,蹨,of29i\q\/\\\
2512153545325121,蹓,of2/v\vio+
25121535515,跑,of29Ovc
25121541112514334433454,躞,of2q4oq4
25121541121,跓,of2\j-
251215412512341354,蹴,of2iiowk\
251215412515213134,蹾,of2iioz-ax
25121541312214444,蹠,of2\rh-/\\\
251215413122154,踱,of2\rh-4
25121541321251,踮,of2\rfo
251215413234,跡,of2iiw/
251215413251112134121,躔,of2\ro+t8t
251215413251112135121,躔,of2\ro+t8t
251215413432,跻,of2iix/l
251215413434,跤,of2ii8x
25121541431251,踣,of2iiho
251215414312511121,蹱,of2iiho+t
2512154143125111515111,躘,of2k2T
2512154143135111515111,躘,of2k2T
2512154143135411515111,躘,of2k2T
25121541431531,踥,of2iihy
251215414345252,蹄,of2ii8nnl
2512154153,趽,of22p
251215431113121,蹉,of2ht/--
25121543112,跘,of28128
2512154311213121,蹉,of2ht/--
251215431132,跰,of28-h
25121543113452,踯,of28-qzl
25121543113455,踡,of28iiavv
251215431134552,踯,of28-qzl
25121543122431,踫,of2h4-
251215431225211,踫,of2h4-
251215431253511124,蹲,of28-4--\
251215432524312511,蹭,of28247
25121544511234,踪,of2\n2w
251215445342512512,蹿,of2\n8ool
25121544535,跎,of2\n7
25121544553,跎,of2\n7
2512154511534,踉,of2\c-w
251215451325122,蹁,of2ic/nh
25121551111254,踺,of2z\c-f
251215511112554,踺,of2z\c-f
251215511534,跟,of2c-w
2512155115344454,蹆,of2\zc-w
251215511534454,蹆,of2\zc-w
2512155115344554,蹆,of2\zc-w
25121551312251,踞,of2c/+o
2512155134,趹,of2vq
2512155135251,跼,of2c/vo
2512155154544,跽,of2v-v/v\\
25121552133541124,蹡,of2k9i\-\
25121552133544124,蹡,of2k9i\-\
2512155215,跁,of2vcl
25121553,呲,of27
25121553132511134,蹞,of27re8
25121553251,跏,of2v/o
2512155325111534,蹎,of2+n-iii8
25121553254,跛,of2rlx
25121553353332411121,躍,of2cca2f-
251215533535112,嘴,of279nt
251215533535121,嘴,of279nt
251215535312,跸,of277+
25121554154132411121,躍,of2cca2f-
25121554234,累,o+⿽vdw
25121554251,跆,of2do
2512155425112,踊,of2dn128
251215542511253,踴,of2dn128v/
251215543341251431,蹬,of2v\//\-oh
251215543345153554,蹳,of2v\//\cv9x
2512155434354,踆,of2d89\
2512155435354,踆,of2d89\
251215544331251431,蹬,of2v\//\-oh
251215544335153554,蹳,of2v\//\cv9x
251215545231234,蹂,of2dz/m
251221,曲,bll
2512211251431,豊,bll-oh
2512211251431355215,艶,bll-oh9v2v
251221125143152,鄷,bll-ohzl
2512211251431535215,艶,bll-oh9v2v
2512211251431552,鄷,bll-ohzl
2512211311534,農,bllr2w
25122134,典,bll8
251221342511135,覥,bll8ea
251221342535,觍,bll8na
251224314311134,噗,o4-hiia
25122511,固,oO+o
251225221,盅,olnh
2512252514454,過,\znvno
251225251454,過,\znvno
2512252514554,過,\znvno
251231,团,oO-/
2512341,困,oOm
2512342511,哨,owg
2512343,吵,ol8 or /l\/
2512343511,哨,owg
2512343541,哨,owg
25124,卟,of
251243135,咣,ow-a
2512432511,哨,owg
2512432534,唢,owe8
2512433511,哨,owg
2512433541,哨,owg
25124525111212135415132,髒,nvngh-9i7h
25124525111212135435132,髒,nvngh-9i7h
25124525111212135453132,髒,nvngh-9i7h
2512452511122135415132,髒,nvngh-9i7h
2512452511122135435132,髒,nvngh-9i7h
2512452511122135453132,髒,nvngh-9i7h
251245251112251,骷,nvng+o
25124525111251124124,髆,nvng+\g-\
25124525111251134,骾,nvng-bx
25124525111312125114454,髓,nvng\zxO--g
2512452511131212511454,髓,nvng\zxO--g
25124525111312125114554,髓,nvng\zxO--g
2512452511132511134,顝,nvngre8
2512452511134115,骻,nvngq--v
25124525112112135415132,髒,nvngh-9i7h
25124525112112135435132,髒,nvngh-9i7h
25124525112112135453132,髒,nvngh-9i7h
251245251125111234,髁,nvngbm
251245251125112512531,髏,nvngo-oly
25124525112512211251431,體,nvngbll-oh
25124525112522135251214,髑,nvngnh𠣜
251245251132511312,髀,nvng/b/+
2512452511331251,骺,nvngr-o
25124525113432,骱,nvnga/l
251245251135,骩,nvng/9
251245251135151,骶,nvngrx\
251245251135154,骶,nvngrx\
251245251135254,骳,nvngrlx
2512452511354251,骼,nvng9\o
25124525113554,骰,nvng9x
2512452511413434,骹,nvngii8x
25124525114135,骯,nvngii/v
2512452511415334,骸,nvngiiv/a
251245251144512332511134,髕,nvng\n-/l/e8
2512452511445354251,髂,nvng\n9\o
25124525114532411121,髉,nvngna2f-
251245251153254,骳,nvngrlx
2512452511534,骫,nvng/9\
25124535111212135415132,髒,nvngh-9i7h
25124535111212135435132,髒,nvngh-9i7h
25124535111212135453132,髒,nvngh-9i7h
2512453511122135415132,髒,nvngh-9i7h
2512453511122135435132,髒,nvngh-9i7h
2512453511122135453132,髒,nvngh-9i7h
251245351112251,骷,nvng+o
25124535111251124124,髆,nvng+\g-\
25124535111251134,骾,nvng-bx
25124535111312135114454,髓,nvng\zxO--g
2512453511131213511454,髓,nvng\zxO--g
25124535111312135114554,髓,nvng\zxO--g
2512453511132511134,顝,nvngre8
2512453511134115,骻,nvngq--v
25124535112112135415132,髒,nvngh-9i7h
25124535112112135435132,髒,nvngh-9i7h
25124535112112135453132,髒,nvngh-9i7h
251245351125111234,髁,nvngbm
251245351125112512531,髏,nvngo-oly
25124535112512211251431,體,nvngbll-oh
25124535112522135251214,髑,nvngnh𠣜
251245351132511312,髀,nvng/b/+
2512453511331251,骺,nvngr-o
25124535113432,骱,nvnga/l
251245351135,骩,nvng/9
251245351135151,骶,nvngrx\
251245351135154,骶,nvngrx\
251245351135254,骳,nvngrlx
2512453511354251,骼,nvng9\o
25124535113554,骰,nvng9x
2512453511413434,骹,nvngii8x
25124535114135,骯,nvngii/v
2512453511415334,骸,nvngiiv/a
251245351144512332511134,髕,nvng\n-/l/e8
2512453511445354251,髂,nvng\n9\o
25124535114532411121,髉,nvngna2f-
251245351153254,骳,nvngrlx
2512453511534,骫,nvng/9\
25124535411212135415132,髒,nvngh-9i7h
25124535411212135435132,髒,nvngh-9i7h
25124535411212135453132,髒,nvngh-9i7h
2512453541122135415132,髒,nvngh-9i7h
2512453541122135435132,髒,nvngh-9i7h
2512453541122135453132,髒,nvngh-9i7h
251245354112251,骷,nvng+o
25124535411251124124,髆,nvng+\g-\
25124535411251134,骾,nvng-bx
25124535411312135414454,髓,nvng\zxO--g
2512453541131213541454,髓,nvng\zxO--g
25124535411312135414554,髓,nvng\zxO--g
2512453541132511134,顝,nvngre8
2512453541134115,骻,nvngq--v
25124535412112135415132,髒,nvngh-9i7h
25124535412112135435132,髒,nvngh-9i7h
25124535412112135453132,髒,nvngh-9i7h
251245354125111234,髁,nvngbm
251245354125112512531,髏,nvngo-oly
25124535412512211251431,體,nvngbll-oh
25124535412522135251214,髑,nvngnh𠣜
251245354132511312,髀,nvng/b/+
2512453541331251,骺,nvngr-o
25124535413432,骱,nvnga/l
251245354135,骩,nvng/9
251245354135151,骶,nvngrx\
251245354135154,骶,nvngrx\
251245354135254,骳,nvngrlx
2512453541354251,骼,nvng9\o
25124535413554,骰,nvng9x
2512453541413434,骹,nvngii8x
25124535414135,骯,nvngii/v
2512453541415334,骸,nvngiiv/a
251245354144512332511134,髕,nvng\n-/l/e8
2512453541445354251,髂,nvng\n9\o
25124535414532411121,髉,nvngna2f-
251245354153254,骳,nvngrlx
2512453541534,骫,nvng/9\
25124544,忠,ol/v\\
2512511,肙,og
251251112211154,嘬,obr3l4
251251115132511134,顎,oo--vre8
251251115132534,颚,oo--vre8
25125111532511154444,鶚,oo--vniv-T
25125111535451,鹗,oo--vniv-
251251115552,鄂,oo--vzl
2512511211254444,駡,oovv-T
2512511241,圃,oO+\g
251251125214,喁,obnd
25125112554,喁,obnd
251251132534251251,嚣,oore8oo
2512511344,哭,ooq\
2512511344251251,器,ooq\oo
251251135345,喝,ob9Ova
251251135451,鹃,ogniv-
2512512,串,ool
2512512111254444,駡,oovv-T
251251211534,喂,oo+-v\/
251251212511,喟,oo+g
251251213511,喟,oo+g
251251213541,喟,oo+g
251251214,虽,ood
251251214251214,蝨,v+odod
25125121432411121,雖,ooda2f-
2512512251251,嗣,onhv-o
25125124544,患,ool/v\\
2512512511,圄,oO5o
2512512512112511251211511,鼉,ooo+-orvT
2512512512112511521211511,鼉,ooo+-orvT
25125125121125125115,鼍,ooo+-obv
2512512512511234,噪,oooom
2512513211511134,興,r2cn-o-8
25125132115111342511,臖,r2cn-o-8g
25125132115111343511,臖,r2cn-o-8g
25125132115111343541,臖,r2cn-o-8g
25125132115114511214,璺,r2cn-on-t\
251251321151145123412341344334,爨,r2cn-onmmqq
25125132115114525111,舋,r2cn-ong-
251251341,咽,ooOq
2512513414544,嗯,ooOq/v\\
251251551,骂,oovv-
251251552,郘,oozl
251252132522,喘,olurnll
25125235113511,嘣,olugg
251252354,哕,olu9i
25125235443544,嘣,olugg
25125252,咄,oulu
251253422,剐,onall
25125342534531,嘤,oe8e8y
251253452,郧,oe8zl
251253453,勋,oe8v/
2512534552,郧,oe8zl
251254311214444,嘿,o4t4
25131112111,啡,o3ll3
2513121,呈,oj-
25131211,咋,oalii
251312121211,唾,o/+--h
25131212211,唾,o/+--h
25131214454,逞,\zoj-
2513121454,逞,\zoj-
25131214554,逞,\zoj-
251312152,郢,oj-zl
2513121534,哦,o/fx\
2513121543,哦,o/fx\
2513121552,郢,oj-zl
251312211211,唾,o/+--h
251312344334,啾,o/mq
2513143141234341,噬,oalal--aa
2513211511254,嗖,oalalh-oiiaa2f-oll3
251321234,咻,oam
25132124,咐,oa-\
251321511254,嗖,oalalh-oiiaa2f-oll3
251323512,哗,oav/+
25132411121,唯,oa2f-
251324111214444,噍,oa2f-/\\\
2513251111344,嗅,o/eq\
2513251113412,嗥,o/bq+
2513251115,唣,o/b7
251325113,咿,oacxO
25132511312,啤,o/b/+
251325131134,喉,oav-aq
251325152,郘,oozl
2513251552,郘,oozl
251325251,响,o/no
251325312,哗,oav/+
2513253431234134,噢,o/n8mq
251325431234134,噢,o/n8mq
251333234,哌,or/l/\ or r/v\/
251333534,哌,or/l/\ or r/v\/
251334425221511211124,嚼,o/\\/nhv⿼c-\-\
25133442522151154124,嚼,o/\\/nhv⿼c-\-\
251335111,囿,oOxg
25133511344,唳,oic/q\
25133544,呱,ord\
251341,因,oOq
25134112251,啥,oa-+o
251341154,哙,oaiid
251341251,哈,oa-o
251341251122,喻,oa-gll
2513413252,唏,oxxOnl
2513413425221,嗌,oh8nh
251341351122,喻,oa-gll
2513414544,恩,oOq/v\\
25134152,呤,oaid
25134154,呤,oaid
2513425221,盎,nqnh
251342524312511,噌,o8247
25134312,呼,o/-8
2513432511154444,鴦,nqniv-T
2513434121,唑,otaa
2513434354354,嗲,o8x9i9i
2513435451,鸯,nqniv-
2513441345225214,噙,oaiiuxnd
251344134522554,噙,oaiiuxnd
251344325221511211124,嚼,o/\\/nhv⿼c-\-\
25134432522151154124,嚼,o/\\/nhv⿼c-\-\
2513443451354,嗳,o/\\/nxO4
2513445,吟,oaiv
25134454,呤,oaid
2513453,吩,o8vi
2513454533533,嗡,o8dcc
2513454541541,嗡,o8dcc
2513455,呛,oavv
25135112251,啁,onto
251351135451,鹃,ogniv-
25135121251,啁,onto
251351234,哚,o/vm
2513525,吨,o-uv
2513525111534,嗔,o+n-iii8
251352512112511,噜,o9u-b
2513525134,唤,o9nq
25135311252,啕,o9Oa+u
2513533,吻,o9O//
25135334544,唿,o9O///v\\
2513534,吹,o9a
2513535,吡,o77
251353512,哔,o77+
251353532511,喈,o77/b
251354354,哆,o9i9i
25135441,咚,o9\ii
25135444,咚,o9\ii
25135451,鸣,oniv-
2513551,呜,o/vv-
25135515,咆,o9Ovc
2514111251,唁,o4o
25141251251112213534,嚷,oiioo-h-/w
25141251451353334,嚎,oiion-e
2514125152,哼,oiioz
2514125251152,鄙,o+oOozl
25141252511552,鄙,o+oOozl
25141312341234,嘛,o\rmm
25141312351235,嘛,o\rmm
251413432,哜,oiix/l
251413434,咬,oii8x
25141343412,啐,oiiaa+
25141353131134,嗾,o2paaq
251414312511,喑,oiihb
2514143125114544,噫,oiihb/v\\
25141431531,唼,oiihy
25141432512251,嘀,oii8n+o
251414345252,啼,oii8nnl
25141533131134,嗾,o2paaq
251415334,咳,oiiv/a
25141542511,唷,oiidg
25141543511,唷,oiidg
25141543541,唷,oiidg
251431112,咩,oh128
251431113121,嗟,oht/--
2514311213121,嗟,oht/--
251431234,咪,o8m
251431234531,喽,o8my
2514313425221,嗌,oh8nh
2514315233511,嗍,ohulg
251432,吖,o8l
251432524312511,噌,o8247
25143344334,啖,oqq
2514413155414,嗨,oiiiavv3
2514413155441,嗨,oiiiavv3
25144135254,啵,oiiirlx
25144153254,啵,oiiirlx
2514451122134121,噻,o\n-h-8t
25144512,咛,o\n-l
25144512134,啶,o\n-fa
251445125111,喧,o\n-b-
251445315,咤,oin/7
25144535415411234,嚓,o\n9i\\v2w
251445354251,喀,o\n9\o
25144535445411234,嚓,o\n9i\\v2w
2514454,迅,\zv+
25144545443252,嘧,o\n/v\\/lu
251451153452,啷,o\c-wzl
2514511534552,啷,o\c-wzl
25145115452,啷,o\c-wzl
251451154552,啷,o\c-wzl
25145131344,唳,oic/q\
251453534,哝,on/w
251454,迅,\zv+
2514544,吣,o/v\\
25145534,咏,o\vv\/
2514554,迅,\zv+
25151123234,啸,oc+8/l
251511352,哪,o224zl
2515113552,哪,o224zl
251511534,哏,oc-w
2515115452,唧,ov⿼c-\vl
25151315,呢,oc/7
251513154121,喔,oc/-dt
2515132115114511214,璺,r2cn-on-t\
25151321151145123412341344334,爨,r2cn-onmmqq
2515132115114525111,舋,r2cn-ong-
2515132514143112,噼,oc/oiih+
25151325222,唰,oc/nlll
251513325125214,嘱,oc//ond
25151332512554,嘱,oc//ond
25151335,呢,oc/7
25151353,呢,oc/7
2515152,吲,ocvl
2515212511,圄,oO5o
2515212512,啊,ozl-lo
2515221251214,嗤,oul-od
25152252,咄,oulu
2515231251214,嗤,oul-od
2515251,囤,oO-uv
25153154,呶,oy4
2515322,别,ov/ll
25153251,咖,ov/o
2515325111534,嗔,o+n-iii8
2515353,吡,o77
251535312,哔,o77+
251535332511,喈,o77/b
25154,叹,o4
25154251124454,嗵,o\zdn128
2515425112454,嗵,o\zdn128
25154251124554,嗵,o\zdn128
251543112,哞,oda+
2515431134,唉,odaq
251543341251431,噔,ov\//\-oh
2515434354,唆,od89\
2515435,吮,oda
2515435354,唆,od89\
251544331251431,噔,ov\//\-oh
2515454541234,嗓,o444m
25154545454,啜,oxO4xO4
251551,吗,ovv-
251551353334,喙,ovv-e
251551354,哟,ovd39O\
25155212512,啊,ozl-lo
251554,吆,o⿽vd
25155453,呦,o⿽vdv/
25155551,咝,ovvvv-
2521111251,訔,lu4o
2521113124,帱,nliii/-\
25211212534,帻,nlj-e8
252113112,岍,lu-h
2521132,岍,lu-h
2521152,帏,nliivl
252121124,峙,lut-\
2521212554554,嵫,luh226
252122113534,嵌,lu𣢟
252122451234,嵘,luhnm
2521224553,崂,luhnv/
25212251,岵,lu+o
2521225111134132534,巅,lu+n-iii8re8
252125125121,幅,nl-oo+
2521251431,豈,lu-oh
2521251431132511134,顗,lu-ohre8
252125221531,崾,lu-4y
2521252514454,過,\znvno
252125251454,過,\znvno
2521252514554,過,\znvno
2521254,岐,lu+4
252131531534,崴,lurx\-y
252131531543,崴,lurx\-y
25213251,岩,luro
2521325111134132534,巅,lu+n-iii8re8
252132522132511134,顓,lurnllre8
252132522132534,颛,lurnllre8
2521325224454,遄,\zlurnll
252132522454,遄,\zlurnll
2521325224554,遄,\zlurnll
2521341251112,輋,luq-v+T
252134334,炭,lurq
2521345,岖,lucOx
2521431234,崃,luim8
252143134,峡,luqh
25214525111212135415132,髒,nvngh-9i7h
25214525111212135435132,髒,nvngh-9i7h
25214525111212135453132,髒,nvngh-9i7h
2521452511122135415132,髒,nvngh-9i7h
2521452511122135435132,髒,nvngh-9i7h
2521452511122135453132,髒,nvngh-9i7h
252145251112251,骷,nvng+o
25214525111251124124,髆,nvng+\g-\
25214525111251134,骾,nvng-bx
25214525111312125114454,髓,nvng\zxO--g
2521452511131212511454,髓,nvng\zxO--g
25214525111312125114554,髓,nvng\zxO--g
2521452511132511134,顝,nvngre8
2521452511134115,骻,nvngq--v
25214525112112135415132,髒,nvngh-9i7h
25214525112112135435132,髒,nvngh-9i7h
25214525112112135453132,髒,nvngh-9i7h
252145251125111234,髁,nvngbm
252145251125112512531,髏,nvngo-oly
25214525112512211251431,體,nvngbll-oh
25214525112522135251214,髑,nvngnh𠣜
252145251132511312,髀,nvng/b/+
2521452511331251,骺,nvngr-o
25214525113432,骱,nvnga/l
252145251135,骩,nvng/9
252145251135151,骶,nvngrx\
252145251135154,骶,nvngrx\
252145251135254,骳,nvngrlx
2521452511354251,骼,nvng9\o
25214525113554,骰,nvng9x
2521452511413434,骹,nvngii8x
25214525114135,骯,nvngii/v
2521452511415334,骸,nvngiiv/a
252145251144512332511134,髕,nvng\n-/l/e8
2521452511445354251,髂,nvng\n9\o
25214525114532411121,髉,nvngna2f-
252145251153254,骳,nvngrlx
2521452511534,骫,nvng/9\
25214535111212135415132,髒,nvngh-9i7h
25214535111212135435132,髒,nvngh-9i7h
25214535111212135453132,髒,nvngh-9i7h
2521453511122135415132,髒,nvngh-9i7h
2521453511122135435132,髒,nvngh-9i7h
2521453511122135453132,髒,nvngh-9i7h
252145351112251,骷,nvng+o
25214535111251124124,髆,nvng+\g-\
25214535111251134,骾,nvng-bx
25214535111312135114454,髓,nvng\zxO--g
2521453511131213511454,髓,nvng\zxO--g
25214535111312135114554,髓,nvng\zxO--g
2521453511132511134,顝,nvngre8
2521453511134115,骻,nvngq--v
25214535112112135415132,髒,nvngh-9i7h
25214535112112135435132,髒,nvngh-9i7h
25214535112112135453132,髒,nvngh-9i7h
252145351125111234,髁,nvngbm
252145351125112512531,髏,nvngo-oly
25214535112512211251431,體,nvngbll-oh
25214535112522135251214,髑,nvngnh𠣜
252145351132511312,髀,nvng/b/+
2521453511331251,骺,nvngr-o
25214535113432,骱,nvnga/l
252145351135,骩,nvng/9
252145351135151,骶,nvngrx\
252145351135154,骶,nvngrx\
252145351135254,骳,nvngrlx
2521453511354251,骼,nvng9\o
25214535113554,骰,nvng9x
2521453511413434,骹,nvngii8x
25214535114135,骯,nvngii/v
2521453511415334,骸,nvngiiv/a
252145351144512332511134,髕,nvng\n-/l/e8
2521453511445354251,髂,nvng\n9\o
25214535114532411121,髉,nvngna2f-
252145351153254,骳,nvngrlx
2521453511534,骫,nvng/9\
25214535411212135415132,髒,nvngh-9i7h
25214535411212135435132,髒,nvngh-9i7h
25214535411212135453132,髒,nvngh-9i7h
2521453541122135415132,髒,nvngh-9i7h
2521453541122135435132,髒,nvngh-9i7h
2521453541122135453132,髒,nvngh-9i7h
252145354112251,骷,nvng+o
25214535411251124124,髆,nvng+\g-\
25214535411251134,骾,nvng-bx
25214535411312135414454,髓,nvng\zxO--g
2521453541131213541454,髓,nvng\zxO--g
25214535411312135414554,髓,nvng\zxO--g
2521453541132511134,顝,nvngre8
2521453541134115,骻,nvngq--v
25214535412112135415132,髒,nvngh-9i7h
25214535412112135435132,髒,nvngh-9i7h
25214535412112135453132,髒,nvngh-9i7h
252145354125111234,髁,nvngbm
252145354125112512531,髏,nvngo-oly
25214535412512211251431,體,nvngbll-oh
25214535412522135251214,髑,nvngnh𠣜
252145354132511312,髀,nvng/b/+
2521453541331251,骺,nvngr-o
25214535413432,骱,nvnga/l
252145354135,骩,nvng/9
252145354135151,骶,nvngrx\
252145354135154,骶,nvngrx\
252145354135254,骳,nvngrlx
2521453541354251,骼,nvng9\o
25214535413554,骰,nvng9x
2521453541413434,骹,nvngii8x
25214535414135,骯,nvngii/v
2521453541415334,骸,nvngiiv/a
252145354144512332511134,髕,nvng\n-/l/e8
2521453541445354251,髂,nvng\n9\o
25214535414532411121,髉,nvngna2f-
252145354153254,骳,nvngrlx
2521453541534,骫,nvng/9\
252151,屿,luv--
25215123312,崭,lu-v+rr
25215213312,崭,lu-v+rr
2521523,岈,luv-l/
25215234,岽,lu-vw
252211111251,詈,nh4o
25221111125122,罰,nh4oTll
252211111251554234554234,羉,nhvd3T4o⿽vdw
252211111251554444554444,羉,nhvd3T4o⿽vdw
25221121121,罣,nhtt
252211211254444,罵,nhvv-T
2522112121,罡,nh-f2
252211212513234,瞏,nhto/w
252211212513534,瞏,nhto/w
2522112132511,署,nh/tb
25221121325114,署,nh/tb
2522112143112,睪,nht8-+
2522112154,罢,nhtd
25221121544444,罴,nhtd/\\\
252211221251121211254444,羈,nhh-o+vv-T
2522112212511213412512,羇,nhh-o+q-lo
252211221251122111254444,羈,nhh-o+vv-T
25221122125112551,羁,nhh-o+vv-
2522112251,罟,nh+o
2522112251111,置,nh+n-iii
2522112251115,置,nh+n-iii
25221122543112,罱,nh+n8-+
2522112513234,睘,nh--o/w
25221125132344454,還,\znh--o/w
2522112513234454,還,\znh--o/w
25221125132344554,還,\znh--o/w
2522112513534,睘,nh--o/w
252211251353435451,鹮,nh--o/wniv-
25221125135344454,還,\znh--o/w
2522112513534454,還,\znh--o/w
25221125135344554,還,\znh--o/w
2522112554554,嵫,luh226
252211324,罘,nhrl\
2522113251111,置,nh+n-iii
2522113251115,置,nh+n-iii
25221132543112,罱,nh+n8-+
2522113425115,罨,nhqbv
25221134334433422,罽,nhrqqll
2522121112111,罪,nh3ll3
252212111254444,罵,nhvv-T
2522121251112,罩,nhfb+
25221233344454,遝,\znhl3
2522123334454,遝,\znhl3
25221233344554,遝,\znhl3
25221233444454,遝,\znhl3
2522123344454,遝,\znhl3
25221233444554,遝,\znhl3
25221241344454,遝,\znhl3
2522124134454,遝,\znhl3
25221241344554,遝,\znhl3
2522124432411121,罹,nh/v\\a2f-
2522125111,罝,nhg-
2522125111212112,罼,nho+h-+
2522125112112112,罼,nho+h-+
2522125121122112,罼,nho+h-+
252212512511,罥,nhog
252212513511,罥,nhog
252212513541,罥,nhog
252212534,帧,nlfe8
2522131112111,罪,nh3ll3
25221323434,眾,nhaaa
25221342524312511,罾,nh8247
2522135251214,蜀,nh𠣜
252213525121432511154444,鸀,nh𠣜niv-T
252213535225121,罶,nh/v\vio+
25221354,罗,nh9i
25221354454,逻,\znh9i
252213545325121,罶,nh/v\vio+
252214111251,詈,nh4o
25221411125122,罰,nh4oTll
252214111251554234554234,羉,nhvd3T4o⿽vdw
252214111251554444554444,羉,nhvd3T4o⿽vdw
25221414312511,罯,nhiihb
2522142432411121,罹,nh/v\\a2f-
25221432524312511,罾,nh8247
2522144232411121,罹,nh/v\\a2f-
252214522,罚,nh4oll
252215425111515,罷,nhdg77
252215425113535,罷,nhdg77
252215425115353,罷,nhdg77
252215435111515,罷,nhdg77
252215435113535,罷,nhdg77
252215435115353,罷,nhdg77
252215435411515,罷,nhdg77
252215435413535,罷,nhdg77
252215435415353,罷,nhdg77
2522155423432411121,羅,nhvd3Ta2f-
25221554234324111214454,邏,\znhvd3Ta2f-
2522155423432411121454,邏,\znhvd3Ta2f-
25221554234324111214554,邏,\znhvd3Ta2f-
2522155444432411121,羅,nhvd3Ta2f-
25221554444324111214454,邏,\znhvd3Ta2f-
2522155444432411121454,邏,\znhvd3Ta2f-
25221554444324111214554,邏,\znhvd3Ta2f-
252224314311134,幞,nl4-hiia
25223511,岿,lul/⿼c-
25225112,岬,lubi
25225112141,帼,nloO-t\
2522511243135,幌,nlbw-a
252251125111,帽,nlbe
25225112522154,幔,nlbnh4
252251214544,崽,luo+/v\\
2522535,岘,luna
2523122111534,嵊,lu/m2l7
2523122113534,嵊,lu/m2l7
2523122115334,嵊,lu/m2l7
25231234531325113554,巍,lu/my/o+ad
252312345313251213554,巍,lu/my/o+ad
252313432,峤,lu/q/l
252315,屹,lua9
2523154,帐,nlv-\/ or v-/\
2523251514143112251214,蠥,ul/lcciih+od
2523251514143112431234,糱,ul/lcciih+8m
25234132511,崤,luxxg
25234133511,崤,luxxg
25234133541,崤,luxxg
2523434251,峪,lu8ao
25235113511,崩,lugg
25235251,岣,lu9Oo
25235352,峁,lu/v/vl
25235422,刿,lu9ill
25235443544,崩,lugg
252354541541,翙,lu9icc
252355112,峥,lu9c-l
2524111251,訔,lu4o
25241251521,崞,luiioz-
252431234354152,嶙,lu8m9i+v
252431234531,嵝,lu8my
252431554554,嵫,luh226
25244511234,崇,lu\n2w
25244534121,崆,lu\n8--
25244535121,崆,lu\n8--
252511,回,oOo
2525114454,迴,\zoOo
252511454,迴,\zoOo
2525114554,迴,\zoOo
2525122,删,nn-ll
2525125341,圆,oOoe8
252513154121,幄,nlc/-dt
2525135,兕,u㇅-la
252514454,迥,\zno
25251454,迥,\zno
252514554,迥,\zno
25251515,岷,luvc-v
25251522,剀,luv-vll
2525152535,觊,luv-vna
25251535,凯,luv-v/v
2525211234,祟,ulu2w
252521325111,嵋,luc/le
2525221125132341,圜,oOnh--o/w
2525221125135341,圜,oOnh--o/w
25252431234,粜,ulu8m
25254112,峄,lu4128
2525434354,峻,lud89\
2525435354,峻,lud89\
253134,收,vlax
253411212154,赋,e8⿽-vi-f2
253411212511,䞍,e8j-g
253411213511,䞍,e8j-g
25341121554,赋,e8⿽-vi-f2
25341134551,圈,oO8iiavv
2534113534,贼,e8-x\xO
2534113543,贼,e8-x\xO
253411534,贱,e8-x\-
253411543,贱,e8-x\-
253412132511,赌,e8/tb
2534123,财,e8-/
25341241344,赇,e8-l3\
25341251124124,赙,e8+\g-\
253412544134,赎,e8+v⿽iiq
25341311534,赈,e8r2w
2534132511,贿,e8xg
2534133511,贿,e8xg
25341521,囹,oOaid
25341541,囹,oOaid
253421251,贴,e8fo
25342511,沓,l3b
2534251125111,赗,e8be
253425113533,赐,e8b9O//
253425135,贶,e8oa
25342534311252,罂,e8e8a+u
25342534531,婴,e8e8y
2534253453135451,鹦,e8e8yniv-
25343134,败,e8ax
25343154,账,e8v-\/ or v-/\
2534321151125221,盥,r2cl3nh
25343354,贩,e8r4
25343411234,赊,e8a2w
253434121525125121,羀,nxx-cO/lco+
253434131525125121,羀,nxx-cO/lco+
253434134,贬,e8/\v\
25343454,贬,e8/\v\
2534351,囵,oOa7
253435112251,赒,e8nto
253435121251,赒,e8nto
25343513344111251,赡,e89r84o
2534354251,赂,e89\o
25343554,购,e89Od
2534413121,赃,e8\rt
253441431251,赔,e8iiho
2534415334,赅,e8iiv/a
25344315112234,赚,e8hch8
2534432524312511,赠,e88247
253443344334,赕,e8qq
25344451,贮,e8\n-
25344541,囹,oOaid
2534513444,赆,e8c/\ii
253452,凼,ul3
2534531,囵,oOa7
253454251,贻,e8do
2535,见,na
2535331,囫,oO9O//
25354441,图,oO9\ii
254311214444121,墨,4t4t
254311214444121251,黠,4t4+-o
254311214444122111345,黮,4t4h---v8
254311214444122111355,黮,4t4h---v8
25431121444412544134,黩,4t4+v⿽iiq
2543112144441344,默,4t4q\
25431121444421251,點,4t4fo
25431121444425252,黜,4t4ulu
2543112144443415,黔,4t4aiv
2543112144443445,黔,4t4aiv
254311214444354354,黟,4t49i9i
25431121444441251234,黥,4t4iiow
254311214444414312511,黯,4t4iihb
25431121444452252,黜,4t4ulu
25431121444454134333,黪,4t4dq///
2543112144445434354,黢,4t4d89\
2543112144445435354,黢,4t4d89\
25431121444455453,黝,4t4⿽vdv/
25431134551,圈,oO8iiavv
25431415,罔,nhiiv
255211,囝,oOz-
255252514454,過,\znvno
25525251454,過,\znvno
255252514554,過,\znvno
255311,囡,oOy
2554525111212135415132,髒,nvngh-9i7h
2554525111212135435132,髒,nvngh-9i7h
2554525111212135453132,髒,nvngh-9i7h
255452511122135415132,髒,nvngh-9i7h
255452511122135435132,髒,nvngh-9i7h
255452511122135453132,髒,nvngh-9i7h
25545251112251,骷,nvng+o
2554525111251124124,髆,nvng+\g-\
2554525111251134,骾,nvng-bx
2554525111312125114454,髓,nvng\zxO--g
255452511131212511454,髓,nvng\zxO--g
2554525111312125114554,髓,nvng\zxO--g
255452511132511134,顝,nvngre8
255452511134115,骻,nvngq--v
2554525112112135415132,髒,nvngh-9i7h
2554525112112135435132,髒,nvngh-9i7h
2554525112112135453132,髒,nvngh-9i7h
25545251125111234,髁,nvngbm
25545251125112512531,髏,nvngo-oly
2554525112512211251431,體,nvngbll-oh
2554525112522135251214,髑,nvngnh𠣜
25545251132511312,髀,nvng/b/+
255452511331251,骺,nvngr-o
2554525113432,骱,nvnga/l
25545251135,骩,nvng/9
25545251135151,骶,nvngrx\
25545251135154,骶,nvngrx\
25545251135254,骳,nvngrlx
255452511354251,骼,nvng9\o
25545251135451,鹘,nvngniv-
2554525113554,骰,nvng9x
255452511413434,骹,nvngii8x
2554525114135,骯,nvngii/v
255452511415334,骸,nvngiiv/a
255452511431234531,髅,nvng8my
2554525114451222535,髋,nvng\nhna
25545251144512332511134,髕,nvng\n-/l/e8
2554525114453212134,髌,nvng\nrr-8
255452511445354251,髂,nvng\n9\o
2554525114532411121,髉,nvngna2f-
25545251153254,骳,nvngrlx
255452511534,骫,nvng/9\
2554535111212135415132,髒,nvngh-9i7h
2554535111212135435132,髒,nvngh-9i7h
2554535111212135453132,髒,nvngh-9i7h
255453511122135415132,髒,nvngh-9i7h
255453511122135435132,髒,nvngh-9i7h
255453511122135453132,髒,nvngh-9i7h
25545351112251,骷,nvng+o
2554535111251124124,髆,nvng+\g-\
2554535111251134,骾,nvng-bx
2554535111312135114454,髓,nvng\zxO--g
255453511131213511454,髓,nvng\zxO--g
2554535111312135114554,髓,nvng\zxO--g
255453511132511134,顝,nvngre8
255453511134115,骻,nvngq--v
2554535112112135415132,髒,nvngh-9i7h
2554535112112135435132,髒,nvngh-9i7h
2554535112112135453132,髒,nvngh-9i7h
25545351125111234,髁,nvngbm
25545351125112512531,髏,nvngo-oly
2554535112512211251431,體,nvngbll-oh
2554535112522135251214,髑,nvngnh𠣜
25545351132511312,髀,nvng/b/+
255453511331251,骺,nvngr-o
2554535113432,骱,nvnga/l
25545351135,骩,nvng/9
25545351135151,骶,nvngrx\
25545351135154,骶,nvngrx\
25545351135254,骳,nvngrlx
255453511354251,骼,nvng9\o
25545351135451,鹘,nvngniv-
2554535113554,骰,nvng9x
255453511413434,骹,nvngii8x
2554535114135,骯,nvngii/v
255453511415334,骸,nvngiiv/a
255453511431234531,髅,nvng8my
2554535114451222535,髋,nvng\nhna
25545351144512332511134,髕,nvng\n-/l/e8
2554535114453212134,髌,nvng\nrr-8
255453511445354251,髂,nvng\n9\o
2554535114532411121,髉,nvngna2f-
25545351153254,骳,nvngrlx
255453511534,骫,nvng/9\
2554535411212135415132,髒,nvngh-9i7h
2554535411212135435132,髒,nvngh-9i7h
2554535411212135453132,髒,nvngh-9i7h
255453541122135415132,髒,nvngh-9i7h
255453541122135435132,髒,nvngh-9i7h
255453541122135453132,髒,nvngh-9i7h
25545354112251,骷,nvng+o
2554535411251124124,髆,nvng+\g-\
2554535411251134,骾,nvng-bx
2554535411312135414454,髓,nvng\zxO--g
255453541131213541454,髓,nvng\zxO--g
2554535411312135414554,髓,nvng\zxO--g
255453541132511134,顝,nvngre8
255453541134115,骻,nvngq--v
2554535412112135415132,髒,nvngh-9i7h
2554535412112135435132,髒,nvngh-9i7h
2554535412112135453132,髒,nvngh-9i7h
25545354125111234,髁,nvngbm
25545354125112512531,髏,nvngo-oly
2554535412512211251431,體,nvngbll-oh
2554535412522135251214,髑,nvngnh𠣜
25545354132511312,髀,nvng/b/+
255453541331251,骺,nvngr-o
2554535413432,骱,nvnga/l
25545354135,骩,nvng/9
25545354135151,骶,nvngrx\
25545354135154,骶,nvngrx\
25545354135254,骳,nvngrlx
255453541354251,骼,nvng9\o
2554535413554,骰,nvng9x
255453541413434,骹,nvngii8x
2554535414135,骯,nvngii/v
255453541415334,骸,nvngiiv/a
25545354144512332511134,髕,nvng\n-/l/e8
255453541445354251,髂,nvng\n9\o
2554535414532411121,髉,nvngna2f-
25545354153254,骳,nvngrlx
255453541534,骫,nvng/9\
255455452,幽,lu226
311121111251112,輩,3ll3-v+T
311121111512,辈,3ll3-v+
31112111251214,蜚,3ll3od
311121114134,斐,3ll3iix
31112111413534,裴,3ll3ii/w
311121114544,悲,3ll3/v\\
31112111533533,翡,3ll3cc
31112111541541,翡,3ll3cc
31115111253134,锲,ajhiiilviq
311151113124,铸,ajhiii/-\
3111511212511,锖,ajhj-g
3111511213511,锖,ajhj-g
3111511214,钰,ajh-t\
311151132,钘,ajh-h
31115113222,铏,ajh-hll
3111511534,钱,ajh-x\-
3111511543,钱,ajh-x\-
31115121,钍,ajht
3111512121,钲,ajh-f2
31115121315,铐,ajh/t-v
3111512132511,锗,ajh/tb
31115121335,铑,ajh/t7
31115121353,铑,ajh/t7
311151215,钙,ajh-vf
3111512211,钳,ajhh--
31115122111,铒,ajhr3l
311151221115454,镊,ajhr3l44
3111512212132511,䦃,ajhh/tb
3111512212511,错,ajhh-b
3111512213251,锘,ajhhxOo
311151222511134,镆,ajhhbq
3111512225121,锚,ajhho+
3111512225134,锳,ajhhnq
311151223241112154,镬,ajhha2f-4
31115122415,铓,ajhhiiv
31115122431,铔,ajh-4-
311151224553,铹,ajhhnv/
3111512251,钴,ajh+o
311151225111134,镇,ajh+n-iii8
3111512341,钵,ajhm-
3111512511,钜,ajh--c
311151251124,铺,ajh+\g
311151251124124,镈,ajh+\g-\
3111512512,钶,ajh-lo
311151251251,铻,ajh5o
311151251254312,镉,ajh-onhl
3111512515,钷,ajhcOo
311151252111125121,镭,ajh-nl4o+
3111512522111234,镖,ajh-42w
31115125221251112,镡,ajh-4b+
311151252444425121,镭,ajh-nl4o+
311151324,钚,ajhrl\
31115132511,铕,ajhxg
311151325111134,镇,ajh+n-iii8
3111513252,钸,ajhxOnl
31115133511,铕,ajhxg
3111513412132,锛,ajhq+h
3111513412512,锜,ajhq-lo
31115134315233534,镢,ajhrhul9a
311151344,钛,ajhq\
31115134432511234,镣,ajhq8bw
3111513544,钹,ajhxO4\
31115135534,铖,ajhrx\v
31115135543,铖,ajhrx\v
311151431234,铼,ajhim8
31115143134,铗,ajhqh
31115143342511234,镣,ajhq8bw
311151452111125121,镭,ajh-nl4o+
311151452444425121,镭,ajh-nl4o+
311151454454,铽,ajh-vi/v\\
311151512454,链,ajh\z-v+
311151515,钜,ajh--c
311151521251,铻,ajh5o
311151523,䥺,ajhv-l/
311151525,钝,ajh-uv
31115153135,铙,ajh/-v-a
31115153532511,锴,ajh77/b
31115154121,铚,ajh-dt
31115155332511,锴,ajh77/b
3111515534,钺,ajhv-x\
3111515543,钺,ajhv-x\
3111521251,钻,ajhfo
3111522,钊,ajhll
31115224314311134,镤,ajh4-hiia
311152254121,铿,ajhll4t
311152343,钞,ajhl8 or /l\/
3111524,钋,ajhf
31115241354124,锵,ajhiil9i-\
311152432511,销,ajhwg
311152432534,锁,ajhwe8
311152433511,销,ajhwg
3111524345251121,镗,ajhwnot
31115243511,铛,ajhw⿼c-
31115245,钔,ajhin
311152451132,锎,ajhin-h
31115245125431234,镧,ajhinmo8
311152452511,锏,ajhinb
3111525111124,锝,ajhb--\
3111525111234,锞,ajhbm
3111525111251113241112154,䦆,ajheea2f-4
311152511153,锄,ajhg-v/
3111525111535,锟,ajhb77
3111525111553,锟,ajhb77
3111525112522154,镘,ajhbnh4
3111525113533,锡,ajhb9O//
3111525113535,锟,ajhb77
3111525115353,锟,ajhb77
311152512,钟,ajhol
31115251214544,锶,ajho+/v\\
3111525121554234,镙,ajho+⿽vdw
3111525122511,锢,ajhoO+o
31115251251115,锷,ajhoo--v
31115251252,铞,ajhonl
311152512534,锅,ajhona
311152513121,锃,ajhoj-
31115251341,铟,ajhoOq
311152522112513534,镮,ajhnh--o/w
311152522135251214,镯,ajhnh𠣜
3111525221354,锣,ajhnh9i
3111525235113511,镚,ajhlugg
31115252515,铠,ajhluv-v
31115253422,铡,ajhe8ll
311153112251,锆,ajh163o
31115311234,铢,ajh/im
3111531134,铁,ajh/iia
31115312,钎,ajh/+
3111531212211,锤,ajh/+--h
311153121251,锆,ajh163o
31115312135,铣,ajh163a
311153121534,锇,ajh/fx\
311153121543,锇,ajh/fx\
311153121554,铤,ajhz\/t
31115312251,铦,ajh/+o
31115312321511,锸,ajh/+r-c
311153123435,锈,ajh/mv/
31115312344334,锹,ajh/mq
311153123453,锈,ajh/mv/
31115312511121,锺,ajh/+o+t
31115321113554,锻,ajhliiii9x
31115321511254,锼,ajhalalh-oiiaa2f-oll3
31115322,钏,ajh/ll
31115323512,铧,ajhav/+
3111532411121,锥,ajha2f-
311153241112135,镌,ajha2f-v/
311153241112153,镌,ajha2f-v/
3111532511,铂,ajh/b
31115325111121,锽,ajh/bj-
311153251111234,镍,ajh/em
3111532511252,锦,ajh/bnl
31115325312,铧,ajhav/+
3111533122534,锧,ajhr+e8
3111533123534,锨,ajhrr9a
3111533132534,锧,ajhr+e8
31115333,钐,ajh///
311153354,钣,ajhr4
31115341121,铨,ajhaj-
31115341234,铩,ajhxm
31115341251,铪,ajha-o
311153412513112,镎,ajha-o/j
311153415,钤,ajhaiv
31115341534,铫,ajha88
311153434121,锉,ajhtaa
31115344311354,锾,ajh/\\/-xO4
311153443124,锊,ajh/\\/-\
311153445,钤,ajhaiv
3111534454,铃,ajhaid
311153511,钥,ajhg
3111535234,铄,ajh/vw
311153525,钝,ajh-uv
3111535251153535251354,镵,ajh9o779oa\
3111535251155335251354,镵,ajh9o779oa\
31115352512112511,镥,ajh9u-b
3111535251353535251354,镵,ajh9o779oa\
3111535251535335251354,镵,ajh9o779oa\
3111535254,铍,ajhrlx
3111535334544,锪,ajh9O///v\\
311153534,钦,ajh9a
3111535352,铆,ajh/v/vl
31115353532511,锴,ajh77/b
311153541,钧,ajh9Oii
311153541112,锋,ajh9\iiil
311153545325121,镏,ajh/v\vio+
311153551,钨,ajh/vv-
31115355112,铮,ajh9c-l
31115355215,铯,ajh9v2v
31115412354124,锵,ajhiil9i-\
3111541251251112213534,镶,ajhiioo-h-/w
311154125125251,镐,ajhiiono
31115412513534,锿,ajhiio/w
31115412515213134,镦,ajhiioz-ax
3111541252,铈,ajh\-ni
31115413122154,镀,ajh\rh-4
311154134315112234,镰,ajh\rhch8
31115413434,铰,ajhii8x
3111541351125112,镛,ajh\r𬎾
3111541351135112,镛,ajh\r𬎾
31115413522115354444,镳,ajh\r477/\\\
31115413522115534444,镳,ajh\r477/\\\
31115413522135354444,镳,ajh\r477/\\\
31115413522153534444,镳,ajh\r477/\\\
3111541353131134,镞,ajh2paaq
3111541353152134,镟,ajh2pavfa
31115413534,铱,ajhii/w
311154143112,锌,ajhiih+
3111541431251,锫,ajhiiho
3111541431251135,镜,ajhiihba
311154143125114544,镱,ajhiihb/v\\
31115414313,铲,ajhii8r
3111541432512251,镝,ajhii8n+o
311154143454135,镑,ajhii8n2p
311154143454153,镑,ajhii8n2p
311154153,钫,ajh2p
3111541533131134,镞,ajh2paaq
3111541533152134,镟,ajh2pavfa
311154154325,锍,ajhii228
31115415435,铳,ajh-da
3111541554,铉,ajhii⿽vd
31115425,钔,ajhin
311154251132,锎,ajhin-h
31115425125431234,镧,ajhinmo8
311154252511,锏,ajhinb
31115431121134,镁,ajhhtq
3111543113455,锩,ajh8iiavv
31115431224312511,镨,ajhh4-b
31115431234531,镂,ajh8my
311154313425221,镒,ajhh8nh
31115431554554,镃,ajhh226
311154325135,锐,ajh8oa
311154334,钬,ajhq
3111543344334,锬,ajhqq
311154351523,锑,ajh8cvl/
311154412,钭,ajh⿽-lii
3111544512134,锭,ajh\n-fa
311154451353334,镓,ajh\n-e
311154453212134,镔,ajh\nrr-8
31115445342512512,镩,ajh\n8ool
311154453434251,镕,ajh\n8ao
3111544535,铊,ajh\n7
3111544535445411234,镲,ajh\n9i\\v2w
3111544553,铊,ajh\n7
31115445531,铵,ajh\ny
311154511534,锒,ajh\c-w
311154513541541,䦂,ajhic/cc
3111545443,铋,ajh/v\\/
3111551111254,键,ajhz\c-f
31115511112554,键,ajhz\c-f
311155114554,锓,ajhc-n4
31115511534,银,ajhc-w
311155121,钮,ajhc+
3111551312251,锯,ajhc/+o
3111551335,铌,ajhc/7
311155135251,锔,ajhc/vo
3111551353,铌,ajhc/7
31115515251251214,镪,ajhcvood
31115515322534,镄,ajh/lcve8
3111552,钌,ajhz
311155211,钮,ajhc+
311155212512,锕,ajhzl-lo
3111552125221,锰,ajhz-nh
31115521325111,镅,ajhc/le
311155215,钯,ajhvcl
31115531,钕,ajhy
31115531251,铷,ajhyo
3111553254,铍,ajhrlx
31115533,钖,ajhv//
31115535332511,锴,ajh77/b
3111554112,铎,ajh4128
3111554154134333,镠,ajhcca///
31115543341251431,镫,ajhv\//\-oh
31115544,钗,ajh4\
31115544331251431,镫,ajhv\//\-oh
3111555212512,锕,ajhzl-lo
311211112,拜,/ii/-iiil
311212,年,a+v
3112121124,特,a+t-\
311212251,牯,a-l+o
3112125111,眚,ate
311212512153,甥,ato+v/
3112125351,牺,a-l-4
311212544134,犊,a-l+v⿽iiq
311213251,砉,iiilro
311213412512,犄,a-lq-lo
3112151325122,犏,a-lic/nh
31122221354152,舞,ah〢-9i+v
31122221444452,鄦,ah〢-/\\\zl
311222214444552,鄦,ah〢-/\\\zl
311225111134,犋,a-ln-iii8
311225121112111,靠,163o3ll3
311225131112111,靠,163o3ll3
311225135451,鹄,163oniv-
31122514454,造,\z163o
3112251454,造,\z163o
31122514554,造,\z163o
311225152,郜,163ozl
3112251552,郜,163ozl
311231121,牲,a-lat
31123112251,牿,a-l163o
31123115,牦,a+/-7
31123121251,牿,a-l163o
31123134,牧,a-lax
3112335125122,犏,a-lic/nh
3112341122125121,耩,2m-h-nt
3112341132,耕,2m-h
3112341154,耘,2miid
3112341224553,耢,2mhnv/
31123412513112,搿,/ii/a-o/j
3112341311534124,耨,2mr2w-\
311234132511454544354,耰,2mrgn/v\\9\
31123423425251,耥,2mwno
3112342343,耖,2ml8 or /l\/
31123424325251,耥,2mwno
3112342511153,耡,2mg-v/
3112342511251211511,鼄,/imorvT
311234251125214,耦,2mbnd
31123425112554,耦,2mbnd
3112342511521211511,鼄,/imorvT
31123425151,耜,2mlcc
3112343115,耗,2m/-7
3112344131234123413251,耱,2m\rmmro
3112344131235123513251,耱,2m\rmmro
3112344143454135,耪,2mii8n2p
3112344143454153,耪,2mii8n2p
311234431234531,耧,2m8my
311234433443344553,耮,2mqqnv/
31123451251,耜,2mlcc
3112345215,耙,2mvcl
311234533112,掰,/j8vi/j
311235,牝,a+7
31123533,物,a-l9O//
31124125125251,犒,a-liiono
31124454,迕,\za+
3112451325122,犏,a-lic/nh
3112454,迕,\za+
31124554,迕,\za+
311251111254,犍,a-lz\c-f
3112511112554,犍,a-lz\c-f
311252121,缸,a+u--
311252121225125132411121,罐,a+uhooa2f-
31125212154,缻,a+u-vv\
311252122125125132411121,罐,a+uhooa2f-
31125212225125132411121,罐,a+uhooa2f-
31125212341,缽,a+um-
31125212341234453444445215333,鬱,ma+umnux\\\\7///
31125212341234453444445235333,鬱,ma+umnux\\\\7///
31125212341234453444445253333,鬱,ma+umnux\\\\7///
311252125221251112,罈,a+u-4b+
3112521554,缻,a+u-vv\
311252211225125132411121,罐,a+uhooa2f-
31125221531534312,罅,a+ufr7/-8
311252223112,掣,a+nll/j
31125222413534,製,a+nllii/w
31125225431252,罁,a+unhlu
31125231133112,缾,a+u8-h
311252341253511124,罇,a+u8-4--\
311252431132,缾,a+u8-h
311252431253511124,罇,a+u8-4--\
3112525134,缺,a+uvq
31125252,缷,a+uvl
31125255122511134,罆,a+uvv+e8
31125255212511134,罆,a+uvv+e8
311253134,契,iiilviq
311253212134341343452,齧,iiilvif2auT
3112534544,恝,iiilvi/v\\
311253554234,絜,iiilvi⿽vdw
311311112,拜,/ii/-iiil
311325111,看,/ii/e
31132515215,邫,iiilov2v
31133412513112,搿,/ii/a-o/j
311334533112,掰,/j8vi/j
3113412511,矩,aq--c
31134125111234,榘,aq--cm
311341251431,短,aq-oh
311341515,矩,aq--c
3113415151234,榘,aq--cm
31134251,知,aqo
31134251122111,聟,aqor3l
311342512511,智,aqob
311342512511251211511,鼅,aqoorvT
311342512511521211511,鼅,aqoorvT
3113431234531,矮,aq/my
31134313425125251,矯,aq/qono
31134313432,矫,aq/q/l
3113432411121,雉,aqa2f-
31134342524312511,矰,aq8247
311343434121,矬,aqtaa
31134432524312511,矰,aq8247
311344454,迭,\z/iia
31134454,迭,\z/iia
311344554,迭,\z/iia
311345152,矧,aqcvl
311352,邦,iiilzl
311352252,帮,iiilzlnl
3113552,邦,iiilzl
3113552252,帮,iiilzlnl
311511212511,氰,a-vj-g
311511212521,氰,a-vj-g
311511213511,氰,a-vj-g
3115122431,氩,a-v-4-
31151225135,氪,a-v+oa
311521251,毡,/-7fo
3115251125221,氲,a-vbnh
3115251341,氤,a-voOq
3115252,氙,a-vlu
31153,氕,a-v/
311531153115,毳,/-7/-7/-7
311532,氘,a-v/l
3115322,氚,a-v/ll
31153453,氛,a-v8vi
3115352512112511,氇,/-79u-b
311535441,氡,a-v9\ii
311535444,氡,a-v9\ii
3115415334,氦,a-viiv/a
3115431112,氧,a-vh128
3115431224312511,氆,/-7h4-b
31154312252112511,氆,/-7h4-b
3115445531,氨,a-v\ny
311551111254,毽,/-7z\c-f
3115511112554,毽,/-7z\c-f
311551124134,氯,a-vvv-l3
311551532,氟,a-v/lcv
311554121,氢,a-vv\--
311555124134,氯,a-vvv-l3
31211,乍,alii
3121121,牡,a+t
3121121124,特,a+t-\
312112251,牯,a-l+o
31211251251,牾,a-l5o
3121125351,牺,a-l-4
312112544134,犊,a-l+v⿽iiq
312113412512,犄,a-lq-lo
312114454,迮,\zalii
31211454,迮,\zalii
312114544,怎,alii/v\\
312114554,迮,\zalii
312115,牝,a+7
3121151325122,犏,a-lic/nh
31211521251,牾,a-l5o
312121211,垂,/+--h
31212121152,郵,/+--hzl
312121211552,郵,/+--hzl
31212211,垂,/+--h
3121221152,郵,/+--hzl
31212211552,郵,/+--hzl
3121251,告,163o
312125111134,犋,a-ln-iii8
312125121112111,靠,163o3ll3
312125131112111,靠,163o3ll3
312125135451,鹄,163oniv-
31212514454,造,\z163o
3121251454,造,\z163o
31212514554,造,\z163o
312125152,郜,163ozl
3121251552,郜,163ozl
312131121,牲,a-lat
31213112251,牿,a-l163o
31213115,牦,a+/-7
31213121251,牿,a-l163o
31213134,牧,a-lax
3121335125122,犏,a-lic/nh
3121353121352511134,贊,163a163ae8
312135312135251113452,酇,163a163ae8zl
3121353121352511134552,酇,163a163ae8zl
3121353121352534,赞,163a163ae8
312135312135253452,酂,163a163ae8zl
3121353121352534552,酂,163a163ae8zl
31213533,物,a-l9O//
312135454,选,\z163a
31214125125251,犒,a-liiono
3121451325122,犏,a-lic/nh
312151111254,犍,a-lz\c-f
3121511112554,犍,a-lz\c-f
312153435451,鹅,/fx\niv-
312154132534,颋,z\/tre8
312154335451,鹅,/fx\niv-
3121554,廷,z\/t
3121554132534,颋,z\/tre8
31221115,乖,/+2l7
3122111534,乘,/m2l7
312211153422,剩,/m2l7ll
312211211,垂,/+--h
31221121152,郵,/+--hzl
312211211552,郵,/+--hzl
31221135,乖,/+2l7
3122113534,乘,/m2l7
312211353422,剩,/m2l7ll
31221153,乖,/+2l7
3122115334,乘,/m2l7
312211533422,剩,/m2l7ll
312251,舌,/+o
31225111342344,舔,/+o-q/v\\\
31225112211,甜,/+oh--
31225122,刮,/+oll
3122513134,敌,/+oax
31225131342344,舔,/+o-q/v\\\
3122513251114544,憩,/+o/e/v\\
31225132511154444,鴰,/+oniv-T
3122513515,舐,/+orx
31225135451,鸹,/+oniv-
3122514143112,辞,/+oiih+
3122514454,适,\z/+o
312251454,适,\z/+o
3122514554,适,\z/+o
3122515,乱,/+ov
312321511,臿,/+r-c
3123215113534,歃,/+r-c9a
31234111253134,稧,/miiilviq
3123411212511134,積,/mj-e8
31234112251,秳,/m/+o
3123411234,秣,/mlm
31234121124,秲,/mt-\
3123412123241112154,穫,/mha2f-4
31234121251,秸,/m+-o
3123412134121,稑,/mt8t
3123412134354,稜,/mt89\
3123412135121,稑,/mt8t
3123412135354,稜,/mt89\
3123412211134,稘,/mh-8--
3123412212511,稓,/mh-b
3123412213241112154,穫,/mha2f-4
312341223241112154,穫,/mha2f-4
3123412251,秙,/m+o
3123412251111,稙,/m+n-iii
312341225111134,稹,/m+n-iii8
3123412251115,稙,/m+n-iii
31234122512511252511,穯,/mtoooOo
3123412344,秫,/mm\
3123412354,秫,/mm\
3123412431252511,穑,/mt8oOo
3123412511,秬,/m--c
31234125112144544,穗,/m-bl-\/v\\
3123413241,秠,/mrl\-
3123413251111,稙,/m+n-iii
312341325111134,稹,/m+n-iii8
3123413251115,稙,/m+n-iii
31234132522134,稬,/mrnllq
3123413412,秤,/m-+8
3123413425234343434,穪,/m-8nlxxxx
312341354152511,稽,/mk\7b
312341354352511,稽,/mk\7b
312341354532511,稽,/mk\7b
3123414312,秤,/m-+8
31234151532511,稭,/m77/b
312341525111534,稹,/m+n-iii8
312341535,秕,/m77
31234153532511,稭,/m77/b
312341553,秕,/m77
31234155332511,稭,/m77/b
3123421123241112154,穫,/mha2f-4
312342121131233534,穢,/mf2rx\-/l/
312342121131233543,穢,/mf2rx\-/l/
3123422,利,/mll
31234221234,梨,/mllm
31234223112,犁,/mlla+
312342234112431,鋫,/mllajh
31234224314311134,穙,/m4-hiia
312342342511,稍,/mwg
312342343,秒,/ml8 or /l\/
312342343511,稍,/mwg
312342343541,稍,/mwg
312342432511,稍,/mwg
312342433511,稍,/mwg
312342433541,稍,/mwg
312342511,香,/mb
3123425111,租,/mg-
312342511112,稈,/mb-+
312342511121,程,/moj-
3123425111234,稞,/mbm
312342511251125221,馧,/mbbnh
3123425112534125221,馧,/mbbnh
312342511312511354,馥,/mbab9\
312342512,种,/mol
312342512134354,稷,/mo+89\
312342512135354,稷,/mo+89\
312342512341,稇,/moOm
312342513121,程,/moj-
312342513251,稆,/moo
31234251341,秵,/moOq
31234252354,秽,/mlu9i
3123425312341,稛,/moO/m
31234311234,秼,/m/im
31234311253134,稧,/miiilviq
3123431134,秩,/m/iia
31234312251,秳,/m/+o
31234312511121,種,/m/+o+t
31234315,秅,/m/7
31234321121,秹,/ma/+-
31234323121,秹,/ma/+-
3123432411121,稚,/ma2f-
31234324111214444,穛,/ma2f-/\\\
3123432511111535,穊,/mv⿼c-\rvv
3123432511151535,穊,/mv⿼c-\rvv
3123432511234333,穆,/m㣎
3123432511255115115341,龝,/m9n-vf⿼cx⿼c-⿼c-
31234325112555151134,龝,/m9n-vf⿼cx⿼c-⿼c-
3123432511312,稗,/m/b/+
3123432511351535,穊,/mv⿼c-\rvv
3123432511525115115341,龝,/m9n-vf⿼cx⿼c-⿼c-
31234325115255151134,龝,/m9n-vf⿼cx⿼c-⿼c-
3123432511531535,穊,/mv⿼c-\rvv
3123432523,秭,/m/vl/
312343315112234,稴,/mhch8
31234333253134,稧,/miiilviq
3123433441215114544,穩,/m𪺍--/v\\
31234334422511,稲,/m/\\/lb
31234334425121,稱,/m/\\/nt
31234334425221511211124,穱,/m/\\/nhv⿼c-\-\
3123433442522151154124,穱,/m/\\/nhv⿼c-\-\
312343344321511,稻,/m/\\/r-c
312343344521,稃,/m/\\/z-
312343411234,稌,/ma-m
312343413252,稀,/mxxOnl
3123434152,秢,/maid
3123434154,秢,/maid
3123434154544,稔,/maiv/v\\
312343424134,黍,/mal3
31234342413421251,黏,/mal3fo
312343425135,稅,/m8oa
3123434431215114544,穩,/m𪺍--/v\\
31234344322511,稲,/m/\\/lb
31234344325121,稱,/m/\\/nt
31234344325221511211124,穱,/m/\\/nhv⿼c-\-\
3123434432522151154124,穱,/m/\\/nhv⿼c-\-\
312343443321511,稻,/m/\\/r-c
312343443521,稃,/m/\\/z-
3123434454,秢,/maid
3123434454544,稔,/maiv/v\\
3123435112251,稠,/mnto
3123435121251,稠,/mnto
3123435132534,颓,/m/vre8
312343523,秭,/m/vl/
3123435234,称,/m9w
312343525111534,稹,/m+n-iii8
3123435251125115,穐,/m9bvb
31234352511255115115341,龝,/m9n-vf⿼cx⿼c-⿼c-
312343525112555151134,龝,/m9n-vf⿼cx⿼c-⿼c-
31234352511525115115341,龝,/m9n-vf⿼cx⿼c-⿼c-
312343525115255151134,龝,/m9n-vf⿼cx⿼c-⿼c-
31234353254311214444,黧,/mv/4t4
312343533424134,黎,/mv/al3
3123435334241344454,邌,\z/mv/al3
312343533424134454,邌,\z/mv/al3
3123435334241344554,邌,\z/mv/al3
3123435335251214444,鯬,/mv/9u-T
312343535,秕,/m77
31234353532511,稭,/m77/b
3123435415411234,穄,/m9i\\v2w
31234354354,移,/m9i9i
31234354454,透,\z/mv/
3123435445411234,穄,/m9i\\v2w
3123435454,透,\z/mv/
31234354554,透,\z/mv/
31234355114544,稳,/m9⿼c-/v\\
3123441251251112213534,穰,/miioo-h-/w
312344125125251,稿,/miiono
3123441431251,稖,/miiho
31234414312511121,穜,/miiho+t
312344155425121,稸,/mii⿽vdo+
312344315112234,稴,/mhch8
312344325135,税,/m8oa
312344334,秋,/mq
31234433435451,鹙,/mqniv-
3123443344544,愁,/mq/v\\
312344412,科,/m⿽-lii
312344451353334,稼,/m\n-e
312344453434251,穃,/m\n8ao
312344454,迩,\z9w
312344511534,稂,/m\c-w
31234453534,秾,/mn/w
31234454,迩,\z9w
3123445443,秘,/m/v\\/
312344554,迩,\z9w
31234511541535,穊,/mv⿼c-\rvv
3123451311113112,穉,/mc/l3a+
31234513211113112,穉,/mc/l3a+
31234513241343112,穉,/mc/l3a+
3123451341343112,穉,/mc/l3a+
31234531,委,/my
3123453132511134,頺,/mv/re8
31234531325113554,魏,/my/o+ad
312345313251213554,魏,/my/o+ad
312345314454,逶,\z/my
31234531454,逶,\z/my
312345314554,逶,\z/my
312345325111534,稹,/m+n-iii8
31234534454,透,\z/mv/
3123453454,透,\z/mv/
31234534554,透,\z/mv/
312345353,秕,/m77
31234535332511,稭,/m77/b
3123454,私,/md
312345434354,稄,/md89\
312345435354,稄,/md89\
3124454,迁,\z/+
312454,迁,\z/+
3124554,迁,\z/+
312511121,重,/+o+t
312511354,复,ab9\
3132,升,/h
31342344,忝,-q/v\\\
3134252,岙,/qlu
313432,乔,/q/l
31431411,竺,alalii
31431411121112511,篲,alaliiiliiil⿼c-
314314111215,筐,alalcOj-
31431411123412212511,籍,alal2mh-b
3143141113124,筹,alaliii/-\
3143141121132,筭,alalj-h
31431411212511,箐,alalj-g
31431411212521,箐,alalj-g
31431411212534,箦,alalj-e8
31431411213511,箐,alalj-g
3143141122125121,篝,alal-h-nt
314314112251,筈,alal/+o
3143141132,笄,alal-h
31431411431345,箧,alalcOqh
31431411534,笺,alal-x\-
31431411543,笺,alal-x\-
3143141211121115,篚,alalcO3ll3
3143141211122125121,簼,alalj-h-nt
314314121121525125121,籒,alalj-cO/lco+
31431412112211,箝,alaljh--
314314121124,等,alalt-\
31431412112525,箍,alaljcOnl
3143141211254444,篤,alalvv-T
314314121131525125121,籒,alalj-cO/lco+
314314121213251,箬,alalhxOo
31431412123241112154,籆,alalha2f-4
314314121251,筘,alaljo
3143141212522112143112,籜,alaljnht8-+
31431412132511,箸,alal/tb
31431412132511312,篺,alalj/b/+
314314121325114,箸,alal/tb
3143141213511,筠,alalt9Oii
3143141213535225121,籀,alalj/v\vio+
3143141213541,筠,alalt9Oii
3143141213545325121,籀,alalj/v\vio+
31431412151211251124,籌,alal+-v---o-\
3143141215215,筢,alaljvcl
31431412154112,箨,alalj4128
314314121552,筇,alal--zl
31431412211134,箕,alalh-8--
3143141221113435254,簸,alal𤿺
3143141221113453254,簸,alal𤿺
314314122112512134,簧,alalh-nt8
31431412212511253,簕,alalh-o+v/
31431412212512134,簧,alalh-nt8
31431412213241112154,籆,alalha2f-4
31431412213251,箬,alalhxOo
31431412215,笹,alalh-v
3143141223241112154,籆,alalha2f-4
3143141225111234112,簳,alal+b+a-+
31431412341,笨,alalm-
314314123412211134,簯,alalmh-8--
31431412341234,箖,alalmm
314314123425111,箱,alalme
3143141234341,筮,alal--aa
314314125111255,範,alal𨊠
314314125112425221,簠,alal+\gnh
3143141251134,筻,alal-bx
31431412512125111345,籄,alalcOol-e8
3143141251234352534,籁,alalmo9e8
31431412512343534,簌,alalmo9a
31431412515,笸,alalcOo
3143141252211234,篥,alal-4m
314314125221251112,簟,alal-4b+
314314125234,策,alalmn
31431412523422,箣,alalmnll
3143141311121115,篚,alalcO3ll3
314314131251534,箴,alalrx\-o
314314131251543,箴,alalrx\-o
3143141343434,筴,alalqaa
31431413533344454,篴,alal\z-e
3143141353334454,篴,alal\z-e
31431413533344554,篴,alal\z-e
31431413534,笼,alalk2
314314151325122,篇,alalic/nh
314314153512,筚,alal77+
314314153515352511,簪,alalkDkDb
314314155312,筚,alal77+
3143142111254444,篤,alalvv-T
314314211213251,箬,alalhxOo
31431421123241112154,籆,alalha2f-4
31431421434,笖,alalv\a
3143142153152243134,簴,alalfr7h-8
31431421531522521134,簴,alalfr7h-8
3143142231425221,篮,alallla\nh
314314231252,筛,alalll-ni
3143142342511,筲,alalwg
314314234251122,箾,alalwgll
3143142343511,筲,alalwg
314314234351122,箾,alalwgll
3143142343541,筲,alalwg
314314234354122,箾,alalwgll
3143142432511,筲,alalwg
314314243251122,箾,alalwgll
3143142433511,筲,alalwg
314314243351122,箾,alalwgll
3143142433541,筲,alalwg
314314243354122,箾,alalwgll
3143142434525125121,簹,alalwnoo+
3143142445134,筷,alal/v\\vq
3143142452511,简,alalinb
3143142511112,筸,alalb-+
31431425111132,算,alaleh
3143142511113454,篡,-qd
31431425111134554234,纂,alaleq⿽vdw
31431425111212112,篳,alalo+h-+
31431425112112112,篳,alalo+h-+
314314251122111,箿,alalor3l
31431425112511125431234,籣,alalinTmo8
314314251125112511,簡,alalinTb
314314251125114134,簢,alalinTiix
31431425112512531,簍,alalo-oly
314314251125125313134,籔,alalo-olyax
314314251131121,篂,alalbat
31431425121,笛,alalnt
31431425121122112,篳,alalo+h-+
31431425121132,箅,alalo+hD
3143142512121354251,簬,alalof29\o
314314251212534,篑,alalol-e8
314314251215354251,簬,alalof29\o
31431425122,笧,alalnn-
31431425122511,箇,alaloO+o
3143142512252514454,簻,alal\znvno
314314251225251454,簻,alal\znvno
3143142512252514554,簻,alal\znvno
314314251251251112,簞,alaloob+
3143142512534,筼,alaloe8
3143142513251,筥,alaloo
3143142515134,筽,alalo-q
3143142521252514454,簻,alal\znvno
314314252125251454,簻,alal\znvno
3143142521252514554,簻,alal\znvno
31431425221134534,篾,alalnhrx\\
31431425221134543,篾,alalnhrx\\
314314252212511134,簤,alalnhe8
31431425221354,箩,alalnh9i
31431425251,笧,alalnn-
31431425252,笜,alalulu
31431425312341,箘,alaloO/m
3143142534,笍,alalna
3143142535,笕,alalna
314314255252514454,簻,alal\znvno
31431425525251454,簻,alal\znvno
314314255252514554,簻,alal\znvno
3143143111511534,篯,alalajh-x\-
3143143111511543,篯,alalajh-x\-
31431431121,笙,alalat
3143143112251,筶,alal163o
31431431123412212511,籍,alal2mh-b
3143143115,笔,alal/-7
31431431211,笮,alalalii
314314312121211,箠,alal/+--h
31431431212211,箠,alal/+--h
3143143121251,筶,alal163o
314314312135,筅,alal163a
314314312211211,箠,alal/+--h
314314312251,筈,alal/+o
3143143123422,筣,alal/mll
31431431234354354,簃,alal/m9i9i
314314312511121,箽,alal/+o+t
3143143134,笑,alal/q
314314313425125251,簥,alal/qono
3143143211212511,篟,alalaj-g
3143143211212521,篟,alalaj-g
3143143211213511,篟,alalaj-g
3143143212154,筵,alalz\/fv
31431432121554,筵,alalz\/fv
31431432124,符,alala-\
314314321251134,箯,alala-bx
314314321532511312,簰,alalk/b/+
314314321534,筏,alala-x\
314314321543,筏,alala-x\
314314321554,筵,alalz\/fv
3143143215554,筵,alalz\/fv
3143143223134,筱,alalalax
31431432231341234,篠,alalal9\m
3143143223541234,篠,alalal9\m
3143143231211,筰,alalaalii
314314325111121,篁,alal/bj-
314314325111152,節,alalv⿼c-\vl
314314325111552,節,alalv⿼c-\vl
31431432511355135,篼,alal兜
314314325113552,節,alalv⿼c-\vl
314314325115352,節,alalv⿼c-\vl
314314325131134,篌,alalav-aq
3143143251511252,篩,alal/lcc-ni
31431432523,笫,alal/vl/
3143143253411515,篦,alal/oOx77
3143143253411535,篦,alal/oOx77
3143143253411553,篦,alal/oOx77
3143143253413535,篦,alal/oOx77
3143143253415353,篦,alal/oOx77
3143143321531535,篪,alalrfr7a
31431433231121215211234,籞,alal/aa+-vvl2w
3143143323112155211234,籞,alal/aa+-vvl2w
3143143324,笊,alalrl\
31431433445112,箏,alal/\\/c-
314314335125122,篇,alalic/nh
31431433544,笟,alalrd\
314314341121,筌,alalaj-
3143143411243151124134,籙,alalajhT⿼c-l3
3143143411243155124134,籙,alalajhT⿼c-l3
31431434113455,箞,alal8iiavv
314314341251,答,alala-o
31431434125125125125122,籥,alala-ooonh
31431434125125125125122132511134,籲,alala-ooonhre8
3143143412512513434,簽,alala-ooaa
3143143414431,签,alala-\\/-
31431434151121131252,籂,alalaicwanl
3143143415113251,篬,alalaic/-o
3143143415115431252,籂,alalaicwanl
31431434152,笭,alalaid
31431434154,笭,alalaid
31431434341211121111534,籤,alal⿽-x\aa3ll3-
31431434341211121111543,籤,alal⿽-x\aa3ll3-
31431434435112,箏,alal/\\/c-
31431434451121131252,籂,alalaicwanl
3143143445113251,篬,alalaic/-o
3143143445115431252,籂,alalaicwanl
31431434454,笭,alalaid
3143143511,笉,alal9Oii
314314351134113424134,籐,alalg𣳾
314314351143113424134,籐,alalg𣳾
314314351153,筋,alalgv/
3143143513341111251,簷,alal9r84o
3143143513344111251,簷,alal9r84o
3143143513351111251,簷,alal9r84o
3143143513354111251,簷,alal9r84o
3143143523,笫,alal/vl/
31431435251,笱,alal9Oo
314314352511,筍,alal9Ob
3143143533,笏,alal9O//
31431435351,笧,alalnn-
314314353512,筚,alal77+
3143143541,笉,alal9Oii
31431435411124454,篷,alal\z9\iiil
3143143541112454,篷,alal\z9\iiil
31431435411124554,篷,alal\z9\iiil
314314354153,筋,alalgv/
314314354251,笿,alal9\o
31431435441,笗,alal9\ii
314314354434113424134,籐,alalg𣳾
31431435444,笗,alal9\ii
314314354443113424134,籐,alalg𣳾
314314355112,筝,alal9c-l
31431435515,笣,alal9Ovc
3143143554,笈,alalza
3143144124,笇,alaliif
3143144125113534,簑,alalii/wo-
3143144125125251,篙,alaliiono
31431441251451353334,籇,alaliion-e
3143144133315112234,簾,alal\rhch8
3143144134315112234,簾,alal\rhch8
314314413434,筊,alalii8x
31431441343412,箤,alaliiaa+
31431441345225214,篱,alaliiuxnd
3143144134522521432411121,籬,alaliiuxnda2f-
3143144134522554,篱,alaliiuxnd
314314413452255432411121,籬,alaliiuxnda2f-
3143144135,笐,alalii/v
31431441352211515,簏,alal\r477
31431441352211535,簏,alal\r477
31431441352211553,簏,alal\r477
31431441352213535,簏,alal\r477
31431441352215353,簏,alal\r477
31431441353131134,簇,alal2paaq
314314413531525,箷,alal2pavvl
31431441431,笠,alaliih
3143144143125111515111,籠,alalk2T
3143144143125115,篭,alaliihbv
3143144143125152,篰,alaliihozl
31431441431251552,篰,alaliihozl
3143144143135111515111,籠,alalk2T
3143144143135411515111,籠,alalk2T
314314415,笀,alaliiv
31431441533131134,簇,alal2paaq
314314415331525,箷,alal2pavvl
3143144245134,筷,alal/v\\vq
3143144252511,简,alalinb
31431443113455,箞,alal8iiavv
314314431234531,篓,alal8my
314314431251122,箭,alalhgll
314314431254422,箭,alalhgll
314314431351122,箭,alalhgll
314314431354422,箭,alalhgll
31431443251112,箪,alal8b+
3143144411251124124,簿,alaliii+\g-\
314314441251113533,簜,alaliiib-9O//
31431444132511,箔,alaliii/b
314314441343123425121,籓,alaliii/8mo+
31431444135254,箥,alaliiirlx
314314441525,筂,alaliiivvl
31431444153254,箥,alaliiirlx
3143144425134,筷,alal/v\\vq
314314443251112,箪,alal8b+
3143144451122134121,簺,alal\n-h-8t
3143144451135,筦,alal\n--a
31431444525151,管,alal\nlcc
31431444534121,箜,alal\n8--
31431444535121,箜,alal\n8--
31431444535455,箢,alal\n9ivv
31431444551251,管,alal\nlcc
314314451325122,篇,alalic/nh
314314511112,筆,alalc-f
31431451112321521512,簫,alalc+kk-
3143145111235521512,簫,alalc+kk-
3143145112321521512,簫,alalc+kk-
31431451123234,箫,alalc+8/l
31431451123243134,簘,alalc+/8ml
314314511235521512,簫,alalc+kk-
31431451124134,箓,alalvv-l3
31431451124313432,簘,alalc+/8ml
3143145113,笋,alalcxO
31431451145252,箒,alal⿼c-nnl
31431451153425221,簋,alal𭾁
3143145115452,節,alalv⿼c-\vl
31431451251,笥,alalv-o
31431451523,第,alal𢎨
31431451532,笰,alal/lcv
3143145153351533,篛,alalcviicvii
3143145154151541,篛,alalcviicvii
314314515515122134,簨,alalvcvch-8
314314521325111,篃,alalc/le
31431452133544,箛,alalz-rd\
3143145215,笆,alalvcl
31431452252,笜,alalulu
314314525,竾,alalvvl
3143145253414444,篜,alalvl3-/\\\
31431453454,笾,alal\zv/
314314535312,筚,alal77+
31431454132,笲,alaldh
31431454251,笞,alaldo
3143145425112,筩,alaldn128
314314543341251431,簦,alalv\//\-oh
3143145434,笖,alalv\a
314314544331251431,簦,alalv\//\-oh
31431454545434333,篸,alalddda///
314314551,笃,alalvv-
31431455124134,箓,alalvv-l3
314314551353334,篆,alalvv-e
314314554234351,箹,alalvd3T9O\
314314554234354,箹,alalvd3T9O\
314314554444351,箹,alalvd3T9O\
314314554444354,箹,alalvd3T9O\
31511234,秉,/m⿼c-
315254454,迤,\zavvl
31525454,迤,\zavvl
315254554,迤,\zavvl
3154,长,v-\/ or v-/\
3154454,迄,\za9
315454,迄,\za9
3154554,迄,\za9
3155414,每,avv3
3155414154325,毓,avv3ii228
31554143134,敏,avv3ax
3155414313435251211,鳘,avv3ax9u-
3155414313435251214444,鰵,avv3ax9u-T
31554143134554234,繁,avv3ax⿽vdw
31554143554234,緐,avv3/⿽vdw
31554144154325,毓,avv3ii228
3155441,每,avv3
3155441154325,毓,avv3ii228
31554413134,敏,avv3ax
3155441313435251211,鳘,avv3ax9u-
3155441313435251214444,鰵,avv3ax9u-T
31554413134554234,繁,avv3ax⿽vdw
31554413554234,緐,avv3/⿽vdw
31554414154325,毓,avv3ii228
3211,仁,aii
32111,仨,aiii
321111251,信,a4o
321113124,俦,aiii/-\
3211134112,俸,aiii/\128
321113424134,傣,aiii/\l3
321113554,段,liiii9x
3211212511,倩,aj-g
3211212521,倩,aj-g
3211212534,债,aj-e8
32112132511154444,鵀,a/+-niv-T
32112135,凭,a/+-/v
3211213511,倩,aj-g
321121353134,傲,a+-2pax
3211214544,恁,a/+-/v\\
321121533134,傲,a+-2pax
3211511254,叟,alalh-oiiaa2f-oll3
321151134,臾,r-ca
3211531,佞,aiiy
32121121,佳,att
32121124,侍,at-\
32121213251,偌,ahxOo
32121222534,偾,a+he8
321212352513134,儆,ah9Ooax
32121251,佶,a+-o
32121251431251,僖,a+-oho
32121252,岳,rr-lu
321213,乒,rr-/
32121335,佬,a/t7
3212134,兵,rr-8
32121353,佬,a/t7
321214,乓,rr-\
3212141353134,傲,a+-2pax
3212141533134,傲,a+-2pax
3212152,邱,rr-zl
3212154251214,蜑,z\/fvod
32121552,邱,rr-zl
32121554,延,z\/fv
32121554251214,蜑,z\/fvod
32122111,佴,ar3l
3212212511,借,ah-b
3212213251,偌,ahxOo
32122134,供,ah-8
321221352513134,儆,ah9Ooax
32122352513134,儆,ah9Ooax
321224313,俨,a-hllr
3212251,估,a+o
3212251111,值,a+n-iii
32122513134,做,a+oax
321234,休,am
3212341,体,am-
32123432511154444,鵂,amniv-T
32123435451,鸺,amniv-
32124,付,a-\
321241344,俅,a-l3\
321251,伍,a5
321251124124,傅,a+\g-\
321251134,便,a-bx
32125115315,偃,acOby
3212512,何,a-lo
321251211251211,僵,a-o+-o+-
32125134,使,a-ox
3212521111132522,儒,a-nl4rnll
321252211234,傈,a-4m
32125221431234,僳,a-48m
3212524134132522,儒,a-nl4rnll
3212524444132522,儒,a-nl4rnll
321253434,俩,a-naa
321254,伎,a+4
321254254,俪,a-n\n\
3213121,佐,axO--
32132511,佰,a-/b
3213251111,值,a+n-iii
32133511,侑,axg
32134115,侉,aq--v
3213412512,倚,aq-lo
3213425115,俺,aqbv
32134432511234,僚,aq8bw
321345,伛,acOx
32135422,例,a-9ill
32143134,侠,aqh
32143342511234,僚,aq8bw
3214521111132522,儒,a-nl4rnll
3214524134132522,儒,a-nl4rnll
3214524444132522,儒,a-nl4rnll
3215111312,舁,r-ch
321511132,舁,r-ch
321511154444,舃,r-cv-/\\\
3215112512153,舅,r-co+v/
321511254,叟,alalh-oiiaa2f-oll3
32151134,臾,r-ca
321511354444,舄,r-c9O/\\\
3215115115115,鼠,r-cviiviiv
321511511511511212511,鼱,r-cviiviivj-g
321511511511511212521,鼱,r-cviiviivj-g
321511511511511213511,鼱,r-cviiviivj-g
32151151151151251251,鼯,r-cviiviiv5o
321511511511513251,鼫,r-cviiviivro
321511511511513344,鼥,r-cviiviivxO4\
321511511511513544,鼥,r-cviiviivxO4\
32151151151151521251,鼯,r-cviiviiv5o
32151151151152511134,鼰,r-cviiviive8
32151151151152511445531,鼹,r-cviiviivb\ny
321511511511525121,鼬,r-cviiviivnt
321511511511531121,鼪,r-cviiviivat
3215115115115312154,鼮,r-cviiviivz\/t
32151151151153121554,鼮,r-cviiviivz\/t
32151151151153321531535,鼶,r-cviiviivrfr7a
32151151151153344554134,鼷,r-cviiviiv/\\/𡗞
32151151151153443554134,鼷,r-cviiviiv/\\/𡗞
32151151151153453,鼢,r-cviiviiv8vi
321511511511535251,鼩,r-cviiviiv9Oo
32151151151154134,鼤,r-cviiviiviix
3215115445445,鼠,r-cviiviiv
321511544544511212511,鼱,r-cviiviivj-g
321511544544511212521,鼱,r-cviiviivj-g
321511544544511213511,鼱,r-cviiviivj-g
32151154454451251251,鼯,r-cviiviiv5o
321511544544513251,鼫,r-cviiviivro
321511544544513344,鼥,r-cviiviivxO4\
321511544544513544,鼥,r-cviiviivxO4\
32151154454451521251,鼯,r-cviiviiv5o
32151154454452511134,鼰,r-cviiviive8
32151154454452511445531,鼹,r-cviiviivb\ny
321511544544525121,鼬,r-cviiviivnt
321511544544531121,鼪,r-cviiviivat
3215115445445312154,鼮,r-cviiviivz\/t
32151154454453121554,鼮,r-cviiviivz\/t
32151154454453321531535,鼶,r-cviiviivrfr7a
32151154454453344554134,鼷,r-cviiviiv/\\/𡗞
32151154454453443554134,鼷,r-cviiviiv/\\/𡗞
32151154454453453,鼢,r-cviiviiv8vi
321511544544535251,鼩,r-cviiviiv9Oo
32151154454454134,鼤,r-cviiviiviix
3215122151234,牒,kh-vm
321512544134,牍,k+v⿽iiq
32151325122,偏,aic/nh
3215132534,倾,a7re8
32151354,版,kr4
321515131251124,牖,k\c/+\g
32151532511,偕,a77/b
321521,伍,a5
321523,伢,av-l/
32152511134,貨,av/e8
32153135,侥,a/-v-a
321532511312,牌,k/b/+
321533511251124,牖,k\c/+\g
32153354,版,kr4
321534,伐,a-x\
321534121,垡,a-x\t
321535,仳,a77
32153515352511,僭,akDkDb
32153532511,偕,a77/b
32154,代,a-vi
3215412122,倒,a-dtll
321542511134,貸,a-vie8
321542534,贷,a-vie8
32154254311214444,黛,a-vi4t4
321543,伐,a-x\
321543121,垡,a-x\t
32154413534,袋,a-viii/w
321545131251124,牖,k\c/+\g
321553,仳,a77
32155332511,偕,a77/b
321554251214,蜑,z\/fvod
3215554,延,z\/fv
3215554251214,蜑,z\/fvod
322,川,/ll
3221112111,俳,a3ll3
32211213251,偌,ahxOo
322112352513134,儆,ah9Ooax
3221124,佧,af-f
3221251112,倬,afb+
32212534,侦,afe8
322132511134,順,/llre8
322132534,顺,/llre8
3221434,似,av\a
3223134,攸,alax
32231341344,倏,al9\q\
32231342512134,跾,alaxofa
3223134333,修,al9\///
32231343511,脩,alaxg
322313435251214444,鯈,alax9u-T
32231343541,脩,alaxg
32231344544,悠,alax/v\\
3223134533533,翛,al9\cc
3223134541541,翛,al9\cc
3223134554234,絛,al9\⿽vdw
322342511,俏,awg
3223425251,倘,awno
322343511,俏,awg
322343541,俏,awg
322354122125112,鞗,al9\h-o+
3223541344,倏,al9\q\
322354333,修,al9\///
3223543511,脩,alaxg
32235435251214444,鯈,alax9u-T
3223543541,脩,alaxg
322354533533,翛,al9\cc
322354541541,翛,al9\cc
322354554234,絛,al9\⿽vdw
3224,仆,af
322432511,俏,awg
3224325251,倘,awno
322433511,俏,awg
322433541,俏,awg
32243451154,偿,awniid
322434525135,傥,awnoa
32245,们,ain
3225111234,倮,abm
322511134,俣,ao-q
32251115154,假,alc--c4
3225112,伸,abl
322511234,保,aom
322511234121,堡,aomt
3225112342511134,賲,aome8
3225112344334,煲,aomq
32251125214,偶,abnd
3225112554,偶,abnd
32251135345,偈,ab9Ova
322512,仲,aol
322512115,俜,ant-v
32251211534,偎,ao+-v\/
32251212512125121,儡,ao+o+o+
322512134,促,aofa
32251325,侃,ao-
32252,仙,alu
322522112513234,儇,anh--o/w
322522112513534,儇,anh--o/w
3225232411121,催,alua2f-
32253422,侧,ae8ll
3231112111,俳,a3ll3
3231134,佚,a/iia
32312,仟,a/+
323121,任,a/+-
3231212534,赁,a/+-e8
32312132511154444,鵀,a/+-niv-T
3231214544,恁,a/+-/v\\
323121534,俄,a/fx\
323121543,俄,a/fx\
323123422,俐,a/mll
3231234531,倭,a/my
32313432,侨,a/q/l
323153,伤,aav/
323154,伥,av-\/ or v-/\
323155414,侮,aavv3
323155441,侮,aavv3
3232151135,倪,ar-ca
32324111214444,僬,aa2f-/\\\
3232511,伯,a/b
3232511312,俾,a/b/+
32325113554,傀,a/o+ad
323251213554,傀,a/o+ad
3232534134354,傻,a243
3232534135354,傻,a243
323344521,俘,a/\\/z-
32335125122,偏,aic/nh
3234112,伴,a8128
3234113455,倦,a8iiavv
32341154,侩,aaiid
32341251122,偷,aa-gll
32341351122,偷,aa-gll
323414431,俭,aa-\\/-
3234152,伶,aaid
32341534,佻,aa88
3234154,伶,aaid
32342511,佾,a8g
32342524312511,僧,a8247
323432,价,aa/l
323434251,俗,a8ao
323435,伦,aa7
32343511,佾,a8g
32343541,佾,a8g
32344,仪,ax\
323443521,俘,a/\\/z-
3234454,伶,aaid
323455,伧,aavv
3235112,佣,an128
3235112251,倜,anto
3235121251,倜,anto
32351252,佩,a𫥞
323513341111251,儋,a9r84o
323513344111251,儋,a9r84o
323513351111251,儋,a9r84o
323513354111251,儋,a9r84o
3235151,低,arx\
3235154,低,arx\
3235234,你,a9w
32352344544,您,a9w/v\\
3235251,佝,a9Oo
3235251353334,像,a9oe
32352521353334,像,a9oe
32352534,货,av/e8
32352534353334,像,a9oe
32353344544,偬,a9O//\/v\\
323535,仳,a77
32353532511,偕,a77/b
3235415411234,傺,a9i\\v2w
32354354,侈,a9i9i
3235441,佟,a9\ii
3235444,佟,a9\ii
3235445411234,傺,a9i\\v2w
323552,仰,a/vvl
3241112112,隼,a2f-+
324111211234,集,a2f-m
32411121132511134,顀,a2f-re8
32411121251,售,a2f-o
3241112125125,雋,a2f-l㇅lv
324111212525,雋,a2f-l㇅lv
3241112132411121,雔,a2f-a2f-
324111213241112154,雙,a2f-a2f-4
3241112135,隽,a2f-v/
324111214444,焦,a2f-/\\\
32411121444422,劁,a2f-/\\\ll
32411121444435451,鹪,a2f-/\\\niv-
324111214454,進,\za2f-
324111214532411121,雠,a2f-a2f-4o
32411121454,進,\za2f-
324111214554,進,\za2f-
3241112153,隽,a2f-v/
3241112154,隻,a2f-4
324111251,信,a4o
3241121,住,a\j-
32412512341354,僦,aiiowk\
32412514512,停,aiion-l
3241332124,俯,a\ra-\
32413432,侪,aiix/l
32413434,佼,aii8x
3241431,位,aiih
3241431251,倍,aiiho
32414312511121,僮,aiiho+t
324143454135,傍,aii8n2p
324143454153,傍,aii8n2p
324153,仿,a2p
32425,们,ain
32431112,佯,ah128
3243112,伴,a8128
3243113455,倦,a8iiavv
32431234531,偻,a8my
32432524312511,僧,a8247
324334,伙,aq
32434,仪,ax\
324354,伪,a⿽\v/\
324451,伫,a\n-
3244525151,倌,a\nlcc
324453212134,傧,a\nrr-8
3244534121,倥,a\n8--
3244535,佗,a\n7
3244535121,倥,a\n8--
3244551251,倌,a\nlcc
3244553,佗,a\n7
324512132511,储,a4o/tb
32451325122,偏,aic/nh
32453534,侬,an/w
325,亿,a9
32511,白,/b
325111,自,/e
325111111112,臯,/e+
32511111111232511154444,鷱,/e+niv-T
32511111535,既,v⿼c-\rvv
325111121,皇,/bj-
3251111214454,遑,\z/bj-
325111121454,遑,\z/bj-
3251111214554,遑,\z/bj-
3251111254,健,az\c-f
32511112554,健,az\c-f
3251111344,臭,/eq\
3251112111112,臯,/e+
325111211111232511154444,鷱,/e+niv-T
3251112413412,臯,/e+
325111241341232511154444,鷱,/e+niv-T
32511125121132,鼻,/eo+hD
32511125121132112,鼾,/eo+hD-+
32511125121132123425111,齄,/eo+hDmb-
3251112512113222,劓,/eo+hDll
3251112512113235251,齁,/eo+hD9Oo
325111312111534,躼,/e/l-iiiv\/
325111312151211251124,軇,/e/+-v---o-\
3251113124,射,/e/-\
325111312512512515,軀,/e/cOooo
3251113133232411121,軅,/e/raa2f-
32511131345,躯,/e/cOx
325111321111534,躼,/e/l-iiiv\/
325111323425251,躺,/e/wno
325111323434,臮,/eaaa
325111324325251,躺,/e/wno
325111325111234,躶,/e/bm
32511132512211251431,軆,/e/bll-oh
3251113251251251112,軃,/e/oob+
3251113412,皋,/bq+
3251113412533533,翱,/bq+cc
3251113412541541,翱,/bq+cc
325111341332324111214544,軈,/e/\raa2f-/v\\
325111341351124134,躿,/e/\rc-l3
325111344511213112522511134,軉,/e/\nj-a+ue8
325111344534121,躻,/e/\n8--
325111344535121,躻,/e/\n8--
3251113515,躬,/e/cv
3251113531234,躱,/e/v/m
325111354,皈,/br4
325111413412,臯,/e+
32511141341232511154444,鷱,/e+niv-T
325111445342514454,邉,\z/e\n8o
32511144534251454,邉,\z/e\n8o
325111445342514554,邉,\z/e\n8o
3251114453441354454,邊,\z/e\n82p
325111445344135454,邊,\z/e\n82p
3251114453441354554,邊,\z/e\n82p
3251114453441534454,邊,\z/e\n82p
325111445344153454,邊,\z/e\n82p
3251114453441534554,邊,\z/e\n82p
325111445352514454,邉,\z/e\n8o
32511144535251454,邉,\z/e\n8o
325111445352514554,邉,\z/e\n8o
3251114453541354454,邊,\z/e\n82p
325111445354135454,邊,\z/e\n82p
3251114453541354554,邊,\z/e\n82p
3251114453541534454,邊,\z/e\n82p
325111445354153454,邊,\z/e\n82p
3251114453541534554,邊,\z/e\n82p
3251114544,息,/e/v\\
3251115123452,鄡,-niv-T/\\\mzl
32511151234552,鄡,-niv-T/\\\mzl
32511152,郋,/ezl
3251115444432151135,鶃,niv-Tr-ca
325111544443251511252,鶳,niv-T/lcc-ni
32511154444354251,鴼,niv-T9\o
3251115444444534,鴥,niv-T\n8
325111544445134,鴃,niv-Tvq
32511252,帛,/bnl
325112523554234,緜,/bnl/⿽vdw
32511252515,皑,/bluv-v
325112534,泉,/bl3
32511255115115341,龜,9n-vf⿼cx⿼c-⿼c-
325112555151134,龜,9n-vf⿼cx⿼c-⿼c-
325113,伊,acxO
325113112251,皓,/b163o
32511312,卑,/b/+
325113121251,皓,/b163o
3251131235451,鹎,/b/+niv-T
3251131252,郫,/b/+zl
32511312552,郫,/b/+zl
32511325113554,魄,/b/o+ad
325113251213554,魄,/b/o+ad
325113354,皈,/br4
32511343123425121,皤,/b/8mo+
32511351,的,/b9O\
32511354,的,/b9O\
325113554,鬼,/o+ad
32511355411234,魅,/o+adim
3251135541253434,魉,/o+ad-naa
32511355413344,魃,/o+adxO4\
32511355413544,魃,/o+adxO4\
32511355415534,魆,/o+adv-x\
32511355415543,魆,/o+adv-x\
32511355421531522431,魖,/o+adfr7h-
325113554215315225211,魖,/o+adfr7h-
3251135542342511,魈,/o+adwg
3251135542343511,魈,/o+adwg
3251135542343541,魈,/o+adwg
3251135542432511,魈,/o+adwg
3251135542433511,魈,/o+adwg
3251135542433541,魈,/o+adwg
32511355425431415,魍,/o+adnhiiv
32511355432411121,魋,/o+ada2f-
3251135543312,鬿,/o+adrr
325113554333,鬽,/o+ad///
32511355441345225214,魑,/o+adiiuxnd
3251135544134522554,魑,/o+adiiuxnd
3251135544412,魁,/o+ad⿽-lii
32511413434,皎,/bii8x
3251141353134,敫,/b2pax
32511413531344454,邀,\z/b2pax
3251141353134454,邀,\z/b2pax
32511413531344554,邀,\z/b2pax
3251141533134,敫,/b2pax
32511415331344454,邀,\z/b2pax
3251141533134454,邀,\z/b2pax
32511415331344554,邀,\z/b2pax
325114451135,皖,/b\n--a
325114454,迫,\z/b
32511454,迫,\z/b
32511525115115341,龜,9n-vf⿼cx⿼c-⿼c-
325115255151134,龜,9n-vf⿼cx⿼c-⿼c-
32512115154,假,alc--c4
3251213554,鬼,/o+ad
325121355411234,魅,/o+adim
325121355413344,魃,/o+adxO4\
325121355413544,魃,/o+adxO4\
325121355415534,魆,/o+adv-x\
325121355415543,魆,/o+adv-x\
325121355421531522431,魖,/o+adfr7h-
3251213554215315225211,魖,/o+adfr7h-
32512135542342511,魈,/o+adwg
32512135542343511,魈,/o+adwg
32512135542343541,魈,/o+adwg
32512135542432511,魈,/o+adwg
32512135542433511,魈,/o+adwg
32512135542433541,魈,/o+adwg
325121355425431415,魍,/o+adnhiiv
325121355432411121,魋,/o+ada2f-
32512135543312,鬿,/o+adrr
3251213554333,鬽,/o+ad///
325121355441345225214,魑,/o+adiiuxnd
32512135544134522554,魑,/o+adiiuxnd
32512135544412,魁,/o+ad⿽-lii
325125214,禹,/ond
32512554,禹,/ond
325131134,侯,av-aq
3251312251,倨,ac/+o
3251315,伲,ac/7
325132514143112,僻,ac/oiih+
3251325252,倔,ac/ulu
3251335,伲,ac/7
3251352252,倔,ac/ulu
3251353,伲,ac/7
32515112,阜,/lcc+
32515132511154444,鴭,/lccniv-T
3251514454,追,\z/lcc
325151454,追,\z/lcc
3251514554,追,\z/lcc
3251532,佛,a/lcv
32521,仔,az-
325221,血,/nh
32522112143112,睾,/nht8-+
32522134112,衅,/nh8128
32522143112,衅,/nh8128
3252215121,衄,/nhc+
3252215211,衄,/nhc+
325221534,衂,/nhvi\
32525,他,avvl
325251,向,/no
32532534,货,av/e8
325341,囟,/oOx
3253431234115,粵,/n/8m--v
325353,仳,a77
32535332511,偕,a77/b
3253541,囱,/oO/v\
325425112,俑,adn128
32543112,侔,ada+
325431134,俟,adaq
325431234115,粤,/𡇒-v
325431234134,奥,/n8mq
325432411121,傩,a4a2f-
325434,似,av\a
325434354,俊,ad89\
325435354,俊,ad89\
33112524454,逓,\zr--nl
3311252454,逓,\zr--nl
33112524554,逓,\zr--nl
3312132511134,頎,rrre8
3312132534,颀,rrre8
331225111,盾,r+e
33122511113344,瞂,r+exO4\
33122511113544,瞂,r+exO4\
3312251114454,遁,\zr+e
331225111454,遁,\zr+e
3312251114554,遁,\zr+e
33122534,质,r+e8
331233122511134,質,rrrre8
33123534,欣,rr9a
33124,斥,rr\
33124454,近,\zrr
3312454,近,\zrr
33124554,近,\zrr
331251,后,r-o
3312514454,逅,\zr-o
331251454,逅,\zr-o
3312514554,逅,\zr-o
33125152,郈,r-ozl
331251552,郈,r-ozl
331325111,盾,r+e
33132511113344,瞂,r+exO4\
33132511113544,瞂,r+exO4\
3313251114454,遁,\zr+e
331325111454,遁,\zr+e
3313251114554,遁,\zr+e
33132534,质,r+e8
33151122343534,歉,hch89a
33155,卮,r-vv
332112,行,/a--l
33211232511154444,鴴,/a--lniv-T
33211235451,鸻,/a--lniv-
332121121112,街,/a--ltt
332121124,待,/at-\
33212121,征,/a-f2
3321212134,徒,/atfa
332121214544,惩,/a-f2/v\\
332122134112,衖,/a--lh-8
332122522114544,德,/a+nh-/v\\
33212344112,術,/a--lm\
33212354112,術,/a--lm\
3321251251112,衙,/a--l5o
332132522114544,德,/a+nh-/v\\
3321431234,徕,/aim8
3321521251112,衙,/a--l5o
3321531535,虒,rfr7a
332153153532511154444,鷉,rfr7aniv-T
332153153535451,䴘,rfr7aniv-
33215315354454,遞,\zrfr7a
3321531535454,遞,\zrfr7a
33215315354554,遞,\zrfr7a
3321553,彻,/a7vi
33221112111,徘,/a3ll3
33221212134,徙,/af2fa
33223425251,徜,/awno
33224325251,徜,/awno
33225111,徂,/ag-
33225111124,得,/ab--\
332251112511132411121112,衢,/a--leea2f-
332251251112,衕,/a--ln-o
332252111213134,徵,/alu-/tax
33225212543112144443134,黴,/a𪑛
332252131213134,徵,/alu-/tax
3322521353134,微,/a𡵂ax
33225215542343134,徽,/alu/⿽vdwax
33225235542343134,徽,/alu/⿽vdwax
332252511,徊,/aoOo
33231112111,徘,/a3ll3
33231115112,衔,/a--lajh
3323112121112,衘,/a--la+-v
332311212152,御,/aa+-vvl
33231121215211234,禦,/aa+-vvl2w
332311215112,衘,/a--la+-v
33231121552,御,/aa+-vvl
3323112155211234,禦,/aa+-vvl2w
332312511121112,衝,/a--l/+o+t
332325111121,徨,/a/bj-
3323251141353134,徼,/a/b2pax
3323251141533134,徼,/a/b2pax
332331225111,循,/ar+e
332331325111,循,/ar+e
3323411234,徐,/aa-m
33234112431112,銜,/aajhT--l
3323443311252,徭,/a/\\/a+u
332352511,徇,/a9Ob
3323525121134112,衡,/a--l9o+q
33235254,彼,/arlx
3323541311252,徭,/a/\\/a+u
3323544311252,徭,/a/\\/a+u
3324,爪,rl\
33241121,往,/a\j-
3324135,彷,/a2p
3324153,彷,/a2p
33241554112,衒,/a--lii⿽vd
332431112,徉,/ah128
332441112,衍,/a--liii
3324411124544,愆,/a--liii/v\\
33245215,爬,rl\vcl
332511112,律,/ac-f
332511534,很,/ac-w
33252125112521121111251,讏,/a--l𮧮4o
33252125112521122512134,躛,/a--l𮧮ofa
33252125112521124111251,讏,/a--l𮧮4o
332521251152112,衛,/a--lco+v
33253254,彼,/arlx
33254121,径,/av\--
332554354,後,/a⿽vd9\
333132511134,須,///re8
33313251113425221,盨,///re8nh
333132534,须,///re8
333213251,砉,iiilro
3332134,辵,///fa
3332342511135,覛,r/l/\ or r/v\/ea
333253134,契,iiilviq
333253212134341343452,齧,iiilvif2auT
3332534544,恝,iiilvi/v\\
333253554234,絜,iiilvi⿽vdw
3335342511135,覛,r/l/\ or r/v\/ea
334411354,爰,/\\/-xO4
33441135432511154444,鶢,/\\/-xO4niv-T
33441234,采,/\\/m
3344123425121,釉,/8mnt
33441234333,彩,/\\/m///
334412421531535,虢,/\\/-\fr7a
33442511135,覓,/\\/ea
334425221511211124,爵,/\\/nhv⿼c-\-\
33442522151154124,爵,/\\/nhv⿼c-\-\
3344321511,舀,/\\/r-c
334435554444552,鄬,/\\//vvv/\\\zl
3344521,孚,/\\/z-
33445215,乳,/\\/z-v
334452152,郛,/\\/z-zl
3344521552,郛,/\\/z-zl
3344531,妥,/\\/y
3344542554544143112,辭,/\\/dnd4iih+
3344554134,奚,/\\/𡗞
334455413432411121,雞,/\\/𡗞a2f-
33445541343434251,谿,/\\/𡗞8ao
33511344,戾,ic/q\
3351153554,殷,r⿼c-v9x
335121112111,扉,\c/3ll3
3351251,启,\c/o
33512511,肩,ic/g
3351251132511154444,鵳,ic/gniv-T
335125122,扁,ic/nh
3351251224454,遍,\zic/nh
335125122454,遍,\zic/nh
3351251224554,遍,\zic/nh
335125122533533,翩,ic/nhcc
335125122541541,翩,ic/nhcc
33512515215,扈,ic/ov2v
335125251,扃,ic/no
335131112111,扉,\c/3ll3
33513134511112,肇,\c/axc-f
33513134554234,綮,\c/ax⿽vdw
335132411121,雇,\c/a2f-
335132411121132511134,顧,\c/a2f-re8
33513312,所,alalc/alal-ol
33513511,肩,ic/g
3351351132511154444,鵳,ic/gniv-T
33513541,肩,ic/g
3351354132511154444,鵳,ic/gniv-T
33514135,房,ic/2p
33514153,房,ic/2p
33514412,戽,\c/⿽-lii
3351533533,扇,ic/cc
3351541541,扇,ic/cc
3354,反,r4
335414,舟,231ii
335414121,舡,231ii--
33541412123241112154,艧,231iiha2f-4
33541412124511353334,艨,231iihn--e
33541412213241112154,艧,231iiha2f-4
33541412213545252,艜,231iih-annl
3354141223241112154,艧,231iiha2f-4
3354141224511353334,艨,231iihn--e
3354141234341252511,艢,231iitaaoOo
33541412512,舸,231ii-lo
33541412512212511,艚,231ii-bllb
33541412512531125221,艦,231iirlc2a\nh
33541412512531425221,艦,231iirlc2a\nh
335414125351,舾,231ii-4
3354141344,舦,231iiq\
3354141354,舨,231iir4
335414151325122,艑,231iiic/nh
3354141515,舭,231ii77
3354141535,舭,231ii77
335414154325,艈,231iiii228
3354141553,舭,231ii77
33541421123241112154,艧,231iiha2f-4
33541421124511353334,艨,231iihn--e
33541421513,舻,231iifc/
335414215315251153,艣,231iifr7o+v/
3354142153152512125221,艫,231iifr7o+nh
3354142153152512153,艣,231iifr7o+v/
3354142342511,艄,231iiwg
3354142343511,艄,231iiwg
3354142343541,艄,231iiwg
3354142432511,艄,231iiwg
3354142433511,艄,231iiwg
3354142433541,艄,231iiwg
335414251125111,艒,231iibe
3354142512,舯,231iiol
33541425121,舳,231iint
335414252,舢,231iilu
33541425221,盘,231iinh
3354142535,舰,231iina
3354143112251,艁,231ii163o
33541431211,舴,231iialii
3354143121251,艁,231ii163o
335414312154,艇,231iiz\/t
3354143121554,艇,231iiz\/t
335414314314341534,艞,231iialala88
3354143211511254,艘,231iialalh-oiiaa2f-oll3
335414321511254,艘,231iialalh-oiiaa2f-oll3
335414324111213241112154,艭,231iia2f-a2f-4
33541432511,舶,231ii/b
335414325111121,艎,231ii/bj-
33541432511252,艊,231ii/bnl
335414335125122,艑,231iiic/nh
3354143415113251,艙,231iiaic/-o
33541434152,舲,231iiaid
33541434154,舲,231iiaid
335414344,舣,231iix\
3354143445113251,艙,231iiaic/-o
33541434454,舲,231iiaid
335414345234354,艐,231iiux89\
335414345235354,艐,231iiux89\
3354143455,舱,231iiavv
3354143535,舭,231ii77
3354143541112,艂,231ii9\iiil
33541435451,鸼,231iiniv-
335414355413251,磐,231ii9xro
335414355425221,盤,231ii9xnh
335414414312511121,艟,231iiiiho+t
33541441432533543112,艩,231iiiivi8l/v\/iil
33541441432533543211,艩,231iiiivi8l/v\/iil
3354144143454135,艕,231iiii8n2p
3354144143454153,艕,231iiii8n2p
3354144153,舫,231ii2p
3354144154325,艈,231iiii228
33541441554,舷,231iiii⿽vd
335414431113121,艖,231iiht/--
3354144311213121,艖,231iiht/--
3354144311213121534,艤,231iiht/fx\
3354144311213121543,艤,231iiht/fx\
335414431325111,艏,231ii8-/e
335414434,舣,231iix\
33541444535,舵,231ii\n7
33541444553,舵,231ii\n7
3354144511534,艆,231ii\c-w
335414451325122,艑,231iiic/nh
33541451312251,艍,231iic/+o
3354145133115,艉,231iic//-7
33541452125221,艋,231iiz-nh
3354145353,舭,231ii77
335441,舟,231ii
335441121,舡,231ii--
33544112123241112154,艧,231iiha2f-4
33544112124511353334,艨,231iihn--e
33544112213241112154,艧,231iiha2f-4
33544112213545252,艜,231iih-annl
3354411223241112154,艧,231iiha2f-4
3354411224511353334,艨,231iihn--e
3354411234341252511,艢,231iitaaoOo
33544112512,舸,231ii-lo
33544112512212511,艚,231ii-bllb
33544112512531125221,艦,231iirlc2a\nh
33544112512531425221,艦,231iirlc2a\nh
335441125351,舾,231ii-4
3354411344,舦,231iiq\
3354411354,舨,231iir4
335441151325122,艑,231iiic/nh
3354411515,舭,231ii77
3354411535,舭,231ii77
335441154325,艈,231iiii228
3354411553,舭,231ii77
33544121123241112154,艧,231iiha2f-4
33544121124511353334,艨,231iihn--e
33544121513,舻,231iifc/
335441215315251153,艣,231iifr7o+v/
3354412153152512125221,艫,231iifr7o+nh
3354412153152512153,艣,231iifr7o+v/
3354412342511,艄,231iiwg
3354412343511,艄,231iiwg
3354412343541,艄,231iiwg
3354412432511,艄,231iiwg
3354412433511,艄,231iiwg
3354412433541,艄,231iiwg
335441251125111,艒,231iibe
3354412512,舯,231iiol
33544125121,舳,231iint
335441252,舢,231iilu
33544125221,盘,231iinh
3354412535,舰,231iina
3354413112251,艁,231ii163o
33544131211,舴,231iialii
3354413121251,艁,231ii163o
335441312154,艇,231iiz\/t
3354413121554,艇,231iiz\/t
335441314314341534,艞,231iialala88
3354413211511254,艘,231iialalh-oiiaa2f-oll3
335441321511254,艘,231iialalh-oiiaa2f-oll3
335441324111213241112154,艭,231iia2f-a2f-4
33544132511,舶,231ii/b
335441325111121,艎,231ii/bj-
33544132511252,艊,231ii/bnl
335441335125122,艑,231iiic/nh
3354413415113251,艙,231iiaic/-o
33544134152,舲,231iiaid
33544134154,舲,231iiaid
335441344,舣,231iix\
3354413445113251,艙,231iiaic/-o
33544134454,舲,231iiaid
335441345234354,艐,231iiux89\
335441345235354,艐,231iiux89\
3354413455,舱,231iiavv
3354413535,舭,231ii77
3354413541112,艂,231ii9\iiil
33544135451,鸼,231iiniv-
335441355413251,磐,231ii9xro
335441355425221,盤,231ii9xnh
335441414312511121,艟,231iiiiho+t
33544141432533543112,艩,231iiiivi8l/v\/iil
33544141432533543211,艩,231iiiivi8l/v\/iil
3354414143454135,艕,231iiii8n2p
3354414143454153,艕,231iiii8n2p
3354414153,舫,231ii2p
3354414154325,艈,231iiii228
33544141554,舷,231iiii⿽vd
335441431113121,艖,231iiht/--
3354414311213121,艖,231iiht/--
3354414311213121534,艤,231iiht/fx\
3354414311213121543,艤,231iiht/fx\
335441431325111,艏,231ii8-/e
335441434,舣,231iix\
33544144535,舵,231ii\n7
33544144553,舵,231ii\n7
3354414511534,艆,231ii\c-w
335441451325122,艑,231iiic/nh
33544151312251,艍,231iic/+o
3354415133115,艉,231iic//-7
33544152125221,艋,231iiz-nh
3354415353,舭,231ii77
3354431134,瓞,rd\/iia
33544454,返,\zr4
3354454,返,\zr4
33544554,返,\zr4
34112,半,8128
341121,全,aj-
3411222,判,8128ll
34112251,舍,a-+o
341122511251124,舖,a-+o+\g
3411225132511154444,鵨,a-+oniv-T
341122515452,舒,a-+odz
34112344412,斜,a-m⿽-lii
34112344454,途,\za-m
3411234454,途,\za-m
34112344554,途,\za-m
341123454,叙,a-m4
3411243111121112511,鏏,ajhTiiiliiil⿼c-
34112431111253134,鍥,ajhTiiilviq
3411243111212511,錆,ajhTj-g
3411243111212521,錆,ajhTj-g
3411243111213511,錆,ajhTj-g
3411243111214,鈺,ajhT-t\
34112431112321511,鍤,ajhT/+r-c
34112431113112,銒,ajhT-+-+
341124311134,鈇,ajhTiia
341124311135,鈨,ajhT--a
3411243112111534,鋹,ajhTl-iiiv\/
341124311212122151234,鐷,ajhThh-vm
34112431121213251,鍩,ajhThxOo
34112431121225121,錨,ajhTho+
34112431121225125132411121,鑵,ajhThooa2f-
3411243112123241112154,鑊,ajhTha2f-4
3411243112124411251124124,鑮,ajhThiii+\g-\
341124311212511121534,鐵,ajhT⿽-x\+oj-
341124311212511121543,鐵,ajhT⿽-x\+oj-
341124311212513121534,鐵,ajhT⿽-x\+oj-
341124311212513121543,鐵,ajhT⿽-x\+oj-
34112431121252212511134,鑟,ajhT+-nhe8
34112431121253512511134,鑟,ajhT+-nhe8
341124311214544,鋕,ajhT+-/v\\
341124311215,鈣,ajhT-vf
3411243112151211251124,鑄,ajhT+-v---o-\
3411243112155121,錏,ajhT-4-T
34112431122111122111122111,鑷,ajhTr3lr3lr3l
3411243112211154,鋷,ajhTr3l4
34112431122112512134,鐄,ajhTh-nt8
34112431122122151234,鐷,ajhThh-vm
3411243112212511,錯,ajhTh-b
3411243112212512134,鐄,ajhTh-nt8
34112431122125125132411121,鑵,ajhThooa2f-
3411243112213241112154,鑊,ajhTha2f-4
3411243112213251,鍩,ajhThxOo
3411243112225121,錨,ajhTho+
3411243112225125132411121,鑵,ajhThooa2f-
341124311223241112154,鑊,ajhTha2f-4
341124311224411251124124,鑮,ajhThiii+\g-\
341124311225111134,鎮,ajhT+n-iii8
34112431122513511,鍸,ajhT+og
34112431122513541,鍸,ajhT+og
341124311241344,銶,ajhT-l3\
341124311245554234,鎍,ajhT+n⿽vdw
3411243112511,鉅,ajhT--c
3411243112511124454,鏈,ajhT\z-v+T
341124311251112454,鏈,ajhT\z-v+T
3411243112511124554,鏈,ajhT\z-v+T
341124311251124,鋪,ajhT+\g
3411243112512343534,鏉,ajhTmo9a
3411243112512512515,鏂,ajhTcOooo
3411243112512531125221,鑑,ajhTrlc2a\nh
3411243112512531425221,鑑,ajhTrlc2a\nh
341124311251253512,鎘,ajhT-onhl
341124311251254312,鎘,ajhT-onhl
341124311252111125121,鐳,ajhT-nl4o+
3411243112522111234,鏢,ajhT-42w
341124311252413425121,鐳,ajhT-nl4o+
341124311252444425121,鐳,ajhT-nl4o+
3411243112525,鉔,ajhTcOnl
3411243112534,鈵,ajhT-na
34112431125431234,鍊,ajhTmo8
34112431131251534,鍼,ajhTrx\-o
34112431131251543,鍼,ajhTrx\-o
34112431131534,銊,ajhTrx\-
34112431131543,銊,ajhTrx\-
3411243113251,鉐,ajhTro
341124311325111134,鎮,ajhT+n-iii8
3411243113252,鈽,ajhTxOnl
34112431132521,銌,ajhTxOlz-
3411243113344,鈸,ajhTxO4\
34112431134,釱,ajhTq
34112431134115,銙,ajhTq--v
341124311344,鈦,ajhTq\
34112431134432511234,鐐,ajhTq8bw
3411243113544,鈸,ajhTxO4\
341124311355,鈪,ajhTrvv
34112431143342511234,鐐,ajhTq8bw
341124311452111125121,鐳,ajhT-nl4o+
341124311452413425121,鐳,ajhT-nl4o+
341124311452444425121,鐳,ajhT-nl4o+
341124311513,鈩,ajhT\c/
341124311513533533,䥇,ajhTic/cc
341124311513541541,䥇,ajhTic/cc
341124311525,鈍,ajhT-uv
341124311525111534,鎭,ajhT7ve8
3411243115341534,錢,ajhT-x\-x\
341124311542511,錥,ajhTiidg
3411243115431543,錢,ajhT-x\-x\
341124311543511,錥,ajhTiidg
341124311543541,錥,ajhTiidg
3411243121111534,鋹,ajhTl-iiiv\/
341124312112122151234,鐷,ajhThh-vm
34112431211213251,鍩,ajhThxOo
34112431211225121,錨,ajhTho+
34112431211225125132411121,鑵,ajhThooa2f-
3411243121123241112154,鑊,ajhTha2f-4
3411243121124411251124124,鑮,ajhThiii+\g-\
341124312121131233534,鐬,ajhTf2rx\-/l/
341124312121131233543,鐬,ajhTf2rx\-/l/
341124312153151353334,鐻,ajhTfr7-e
34112431215315251214544,鑢,ajhTfr7o+/v\\
341124312154,鈙,ajhTf4
34112431234,釥,ajhTw
341124312342511,銷,ajhTwg
341124312342511134,鎖,ajhTwe8
341124312343511,銷,ajhTwg
341124312343541,銷,ajhTwg
3411243124,釙,ajhTf
34112431243135,銧,ajhTw-a
341124312432511,銷,ajhTwg
341124312432511134,鎖,ajhTwe8
341124312433511,銷,ajhTwg
341124312433541,銷,ajhTwg
34112431243452511234,鏿,ajhTwnom
34112431243452513112,鐣,ajhTwno/j
341124312434525135,鎲,ajhTwnoa
34112431251,釦,ajhTo
341124312511,鈤,ajhTb
3411243125111251113241112154,钁,ajhTeea2f-4
341124312511151321212,鐤,ajhTekk
34112431251115132125,鐤,ajhTekk
3411243125111521321212,鐤,ajhTekk
341124312511152132125,鐤,ajhTekk
341124312511153,鋤,ajhTg-v/
34112431251122111,鍓,ajhTor3l
34112431251125112511,鐧,ajhTinTb
3411243125112512531,鏤,ajhTo-oly
34112431251131121,鍟,ajhTbat
3411243125113533,錫,ajhTb9O//
341124312512,鈡,ajhTol
34112431251212512125121,鑘,ajhTo+o+o+
3411243125121554234,鏍,ajhTo+⿽vdw
34112431251225251,鍋,ajhTnvno
34112431251251115,鍔,ajhToo--v
341124312512512511234,鐰,ajhTooom
34112431251341,銦,ajhToOq
34112431252125251,鍋,ajhTnvno
341124312522135251214,鐲,ajhTnh𠣜
3411243125235113511,鏰,ajhTlugg
3411243125235443544,鏰,ajhTlugg
3411243125431252,鋼,ajhTnhlu
3411243125525251,鍋,ajhTnvno
34112431311253134,鍥,ajhTiiilviq
3411243131133112,鉼,ajhT8-h
34112431312135,銑,ajhT163a
341124313121353121352511134,鑽,ajhT163a163ae8
34112431312321511,鍤,ajhT/+r-c
34112431312344334,鍬,ajhT/mq
3411243131234531,錗,ajhT/my
34112431312511354,鍑,ajhTab9\
341124313155414,鋂,ajhTavv3
341124313155441,鋂,ajhTavv3
34112431321113554,鍛,ajhTliiii9x
341124313211511254,鎪,ajhTalalh-oiiaa2f-oll3
341124313212154,鋋,ajhTz\/fv
3411243132121554,鋋,ajhTz\/fv
34112431321234,銝,ajhTam
34112431321511254,鎪,ajhTalalh-oiiaa2f-oll3
34112431321554,鋋,ajhTz\/fv
341124313215554,鋋,ajhTz\/fv
341124313241112135,鎸,ajhTa2f-v/
34112431324111214444,鐎,ajhTa2f-/\\\
341124313241112153,鎸,ajhTa2f-v/
341124313251114544,鎴,ajhT/e/v\\
3411243132511252,錦,ajhT/bnl
341124313251514454,鎚,ajhT\z/lcc
34112431325151454,鎚,ajhT\z/lcc
341124313251514554,鎚,ajhT\z/lcc
34112431331225111,鍎,ajhTr+e
34112431331233122511134,鑕,ajhTrrrre8
34112431331325111,鍎,ajhTr+e
341124313315112234,鎌,ajhThch8
3411243133234342134,鏦,ajhT/aaafa
34112431333,釤,ajhT///
34112431333253134,鍥,ajhTiiilviq
341124313351,鈩,ajhT\c/
341124313351533533,䥇,ajhTic/cc
341124313351541541,䥇,ajhTic/cc
34112431341121,銓,ajhTaj-
341124313411243134112431,鑫,ajhajhTajh
3411243134113455,錈,ajhT8iiavv
34112431341251122,鍮,ajhTa-gll
34112431341251155,鍮,ajhTa-gll
34112431341253511124,鐏,ajhT8-4--\
34112431341254455,鍮,ajhTa-gll
341124313413425221,鎰,ajhTh8nh
34112431341351122,鍮,ajhTa-gll
34112431341351155,鍮,ajhTa-gll
34112431341354455,鍮,ajhTa-gll
341124313415113251,鎗,ajhTaic/-o
3411243134152,鈴,ajhTaid
3411243134154,鈴,ajhTaid
341124313425135,銳,ajhT8oa
34112431343123425121,鐇,ajhT/8mo+
3411243134312344544,鏭,ajhT/8m/v\\
3411243134333,鉁,ajhTa///
341124313434251,鋊,ajhT8ao
341124313443454544354,鑀,ajhT/\\/n/v\\9\
341124313445113251,鎗,ajhTaic/-o
3411243134454,鈴,ajhTaid
34112431345234354,鍐,ajhTux89\
34112431345235354,鍐,ajhTux89\
341124313453,鈖,ajhT8vi
341124313454,鈆,ajhT8d
34112431351,釣,ajhT9O\
34112431351111251,鍧,ajhT9O4o
341124313525,鈍,ajhT-uv
341124313525111534,鎭,ajhT7ve8
3411243135251151535251354,鑱,ajhT9o779oa\
3411243135251153535251354,鑱,ajhT9o779oa\
3411243135251155335251354,鑱,ajhT9o779oa\
3411243135251353535251354,鑱,ajhT9o779oa\
3411243135251535335251354,鑱,ajhT9o779oa\
3411243135311252,鋾,ajhT9Oa+u
341124313541112,鋒,ajhT9\iiil
34112431354111251,鍧,ajhT9O4o
3411243141251251112213534,鑲,ajhTiioo-h-/w
3411243141251521,錞,ajhTiioz-
34112431412515213134,鐓,ajhTiioz-ax
3411243141252,鈰,ajhT\-ni
34112431413122112512134,鑛,ajhT\rh--nt8
3411243141312212512134,鑛,ajhT\rh--nt8
34112431413122154,鍍,ajhT\rh-4
341124314133315112234,鐮,ajhT\rhch8
3411243141341331121,鏟,ajhTii8rat
341124314134315112234,鐮,ajhT\rhch8
3411243141352211515,鏕,ajhT\r477
34112431413522115154444,鑣,ajhT\r477/\\\
3411243141352211535,鏕,ajhT\r477
34112431413522115354444,鑣,ajhT\r477/\\\
3411243141352211553,鏕,ajhT\r477
34112431413522115534444,鑣,ajhT\r477/\\\
3411243141352213535,鏕,ajhT\r477
34112431413522135354444,鑣,ajhT\r477/\\\
3411243141352215353,鏕,ajhT\r477
34112431413522153534444,鑣,ajhT\r477/\\\
34112431413531525,鍦,ajhT2pavvl
341124314143112,鋅,ajhTiih+
3411243141431251112,鏱,ajhTiihb+
34112431414312511121,鐘,ajhTiiho+t
341124314143125111515111,鑨,ajhTk2T
3411243141431251135,鏡,ajhTiihba
341124314143125114544,鐿,ajhTiihb/v\\
3411243141431331121,鏟,ajhTii8rat
341124314143135111515111,鑨,ajhTk2T
341124314143135411515111,鑨,ajhTk2T
34112431415331525,鍦,ajhT2pavvl
3411243141542511,錥,ajhTiidg
3411243141543511,錥,ajhTiidg
3411243141543541,錥,ajhTiidg
34112431431132,鉼,ajhT8-h
3411243143113455,錈,ajhT8iiavv
34112431431234354152,鏻,ajhT8m9i+v
34112431431253511124,鐏,ajhT8-4--\
341124314313425221,鎰,ajhTh8nh
341124314315112234,鎌,ajhThch8
341124314325135,鋭,ajhT8oa
341124314451112251,鎋,ajhT\niiilo
341124314451121251,鎋,ajhT\niiilo
341124314451135,鋎,ajhT\n--a
3411243144512134,錠,ajhT\n-fa
341124314451354,鋐,ajhT\nxOd
341124314453112251,鎋,ajhT\niiilo
341124314453121251,鎋,ajhT\niiilo
341124314453434251,鎔,ajhT\n8ao
3411243144535455,鋺,ajhT\n9ivv
34112431451153452,鎯,ajhT\c-wzl
341124314511534552,鎯,ajhT\c-wzl
3411243145115452,鎯,ajhT\c-wzl
34112431451154552,鎯,ajhT\c-wzl
341124314513,鈩,ajhT\c/
341124314513533533,䥇,ajhTic/cc
341124314513541541,䥇,ajhTic/cc
3411243145443,鉍,ajhT/v\\/
3411243151111254,鍵,ajhTz\c-f
34112431511112554,鍵,ajhTz\c-f
3411243151112321521512,鏽,ajhTc+kk-
341124315111235521512,鏽,ajhTc+kk-
341124315112321521512,鏽,ajhTc+kk-
34112431511235521512,鏽,ajhTc+kk-
3411243151124134,録,ajhT⿼c-l3
34112431511534,銀,ajhTc-w
341124315121,鈕,ajhTc+
34112431513211112522135251214,钃,ajhTc/l88nh𠣜
34112431513241342522135251214,钃,ajhTc/l88nh𠣜
341124315132514143112,鐴,ajhTc/oiih+
3411243151515,鈱,ajhTvc-v
34112431515322511134,鐨,ajhT/lcve8
341124315211,鈕,ajhTc+
34112431521251152,鍏,ajhTco+v
34112431521325111,鎇,ajhTc/le
3411243152133541124,鏘,ajhTk9i\-\
3411243152133544124,鏘,ajhTk9i\-\
341124315325111534,鎭,ajhT7ve8
3411243153353334333,鏐,ajhTcca///
3411243154154134333,鏐,ajhTcca///
3411243154251,鈶,ajhTdo
3411243154545454,錣,ajhTxO4xO4
3411243155122511134,鏆,ajhTvv+e8
3411243155124134,錄,ajhTvv-l3
3411243155212511134,鏆,ajhTvv+e8
34112431554234121251,鐑,ajhTvd3T+-o
34112431554444121251,鐑,ajhTvd3T+-o
34112431554554134534,鐖,ajhT226-x\a
34112431554554134543,鐖,ajhT226-x\a
341131354,叛,8128r4
3411322,判,8128ll
341133354,叛,8128r4
3411341353334,豢,8iia-e
34113425111,眷,8iiae
3411344454,送,\z8-q
341134454,送,\z8-q
3411344554,送,\z8-q
34113455,卷,8iiavv
341134554234,絭,8iia⿽vdw
341154,会,aiid
34115422,刽,aiidll
34115452,郐,aiidzl
341154552,郐,aiidzl
341234,杀,xm
341234112154,弑,xm-vi--
34123422,刹,xmll
3412342511251134,閷,xminTa
34123442511251134,閷,xminTa
3412352511251134,閷,xminTa
34123542511251134,閷,xminTa
341251,合,a-o
341251122,俞,a-gll
3412511222535,觎,a-gllna
3412511223115,毹,a-gll/-7
3412511224454,逾,\za-gll
341251122454,逾,\za-gll
3412511224544,愈,a-gll/v\\
3412511224554,逾,\za-gll
341251125351125221,盫,𨠭nh
341251132511134,頜,a-ore8
341251132534,颌,a-ore8
34125113534,龛,a-ok2
3412511553115,毹,a-gll/-7
3412511554454,逾,\za-gll
341251155454,逾,\za-gll
3412511554544,愈,a-gll/v\\
3412511554554,逾,\za-gll
34125125125125122,龠,a-ooonh
34125125125125122151532511,龤,a-ooonh77/b
34125125125125122153532511,龤,a-ooonh77/b
34125125125125122155332511,龤,a-ooonh77/b
3412512512512512231234,龢,a-ooonh/m
34125125125125122353532511,龤,a-ooonh77/b
34125125125125122535332511,龤,a-ooonh77/b
3412512513434132511134,顩,a-ooaare8
34125125221,盒,a-onh
34125132511154444,鴿,a-oniv-T
34125135451,鸽,a-oniv-
3412515335333534,歙,a-occ9a
3412515415413534,歙,a-occ9a
341251552,郃,a-ozl
341252431251152,鄶,a-247zl
3412524312511552,鄶,a-247zl
341253511,酋,8-4-
341253511124,尊,8-4--\
34125351112432511154444,鷷,8-4--\niv-T
3412535111244454,遵,\z8-4--\
341253511124454,遵,\z8-4--\
3412535111244554,遵,\z8-4--\
341253511134,奠,8-4-q
3412535111344,猷,8-4-q\
3412535114454,遒,\z8-4-
341253511454,遒,\z8-4-
3412535114554,遒,\z8-4-
3412544553115,毹,a-gll/-7
3412544554454,逾,\za-gll
341254455454,逾,\za-gll
3412544554544,愈,a-gll/v\\
3412544554554,逾,\za-gll
34132511,肴,xxg
3413252,希,xxOnl
34132523534,欷,xxOnl9a
341325252,郗,xxOnlzl
3413252552,郗,xxOnlzl
34133511,肴,xxg
34133541,肴,xxg
34134,乏,/\v\
3413425221,益,h8nh
34134252212522135251214,蠲,h8nhnh𠣜
341342522132511154444,鷁,h8nhniv-T
341351122,俞,a-gll
3413511222535,觎,a-gllna
3413511223115,毹,a-gll/-7
3413511224454,逾,\za-gll
341351122454,逾,\za-gll
3413511224544,愈,a-gll/v\\
3413511224554,逾,\za-gll
3413511553115,毹,a-gll/-7
3413511554454,逾,\za-gll
341351155454,逾,\za-gll
3413511554544,愈,a-gll/v\\
3413511554554,逾,\za-gll
3413533344454,遂,\z8-e
341353334454,遂,\z8-e
3413533344554,遂,\z8-e
3413544553115,毹,a-gll/-7
3413544554454,逾,\za-gll
341354455454,逾,\za-gll
3413544554544,愈,a-gll/v\\
3413544554554,逾,\za-gll
341354552,郄,xxOdzl
3414431,佥,a-\\/-
341443122,剑,a-\\/-ll
34144313134,敛,a-\\/-ax
341511211112,飦,aicw-+
3415112111121,飪,aicw/+-
341511211112251,餂,aicw/+o
34151121112111534,餦,aicwl-iiiv\/
341511211121121121135,饒,aicwttt-a
341511211121234,餀,aicwhx
341511211121451251431,饐,aicw+-n-oh
341511211122111,餌,aicwr3l
34151121112234,餀,aicwhx
341511211122513511,餬,aicw+og
341511211122513541,餬,aicw+og
3415112111251124,餔,aicw+\g
3415112111251234,餗,aicwmo
3415112111251431,餖,aicw-oh
3415112111354,飯,aicwr4
3415112111525,飩,aicw-uv
34151121121111534,餦,aicwl-iiiv\/
341511211211234,餀,aicwhx
34151121125111,飷,aicwg-
34151121125111212112,饆,aicwo+h-+
34151121125112112112,饆,aicwo+h-+
34151121125112522154,饅,aicwbnh4
34151121125121122112,饆,aicwo+h-+
341511211251211534,餵,aicwo+-v\/
341511211251212511134,饋,aicwol-e8
341511211251214,蝕,aicwod
341511211251251,餇,aicwn-o
3415112113115431234,餼,aicwa-v8m
3415112113121,飪,aicw/+-
3415112113121353121352511134,饡,aicw163a163ae8
3415112113121534,餓,aicw/fx\
3415112113121543,餓,aicw/fx\
341511211312251,餂,aicw/+o
34151121131252,飾,aicwanl
3415112113153,飭,aicwav/
341511211321121,餁,aicwa/+-
341511211323121,餁,aicwa/+-
341511211325131134,餱,aicwav-aq
341511211325251,餉,aicw/no
3415112113344531,餒,aicw/\\/y
3415112113354,飯,aicwr4
3415112113411234,餘,aicwa-m
34151121134132511,餚,aicwxxg
34151121134133511,餚,aicwxxg
34151121134133541,餚,aicwxxg
341511211341534,餆,aicwa88
3415112113443531,餒,aicw/\\/y
34151121135,飢,aicw/v
3415112113525,飩,aicw-uv
3415112113534,飮,a-l⿼c---9a
34151121135515,飽,aicw9Ovc
34151121141121,飳,aicw\j-
3415112114124,飰,aicwiif
34151121141251251112213534,饟,aicwiioo-h-/w
3415112114125251125111,饘,aicwiioOob-
3415112114131234123413251,饝,aicw\rmmro
3415112114131235123513251,饝,aicw\rmmro
341511211413434,餃,aicwii8x
341511211431132,餅,aicw8-h
34151121144525151,館,aicw\nlcc
34151121144551251,館,aicw\nlcc
34151121151251,飼,aicwv-o
341511211554554134534,饑,aicw226-x\a
341511211554554134543,饑,aicw226-x\a
3415112234,兼,hch8
34151154112,飦,aicw-+
341511541121,飪,aicw/+-
34151154112251,餂,aicw/+o
3415115412111534,餦,aicwl-iiiv\/
34151154121121121135,饒,aicwttt-a
34151154121234,餀,aicwhx
34151154121451251431,饐,aicw+-n-oh
34151154122111,餌,aicwr3l
3415115412234,餀,aicwhx
34151154122513511,餬,aicw+og
34151154122513541,餬,aicw+og
341511541251124,餔,aicw+\g
341511541251234,餗,aicwmo
341511541251431,餖,aicw-oh
341511541354,飯,aicwr4
341511541525,飩,aicw-uv
3415115421111534,餦,aicwl-iiiv\/
34151154211234,餀,aicwhx
3415115425111,飷,aicwg-
3415115425111212112,饆,aicwo+h-+
3415115425112112112,饆,aicwo+h-+
3415115425112522154,饅,aicwbnh4
3415115425121122112,饆,aicwo+h-+
34151154251211534,餵,aicwo+-v\/
34151154251212511134,饋,aicwol-e8
34151154251214,蝕,aicwod
34151154251251,餇,aicwn-o
341511543115431234,餼,aicwa-v8m
341511543121,飪,aicw/+-
341511543121353121352511134,饡,aicw163a163ae8
341511543121534,餓,aicw/fx\
341511543121543,餓,aicw/fx\
34151154312251,餂,aicw/+o
3415115431252,飾,aicwanl
341511543153,飭,aicwav/
34151154321121,餁,aicwa/+-
34151154323121,餁,aicwa/+-
34151154325131134,餱,aicwav-aq
34151154325251,餉,aicw/no
341511543344531,餒,aicw/\\/y
341511543354,飯,aicwr4
341511543411234,餘,aicwa-m
3415115434132511,餚,aicwxxg
3415115434133511,餚,aicwxxg
3415115434133541,餚,aicwxxg
34151154341534,餆,aicwa88
341511543443531,餒,aicw/\\/y
3415115435,飢,aicw/v
341511543525,飩,aicw-uv
341511543534,飲,aicw9a
3415115435515,飽,aicw9Ovc
3415115441121,飳,aicw\j-
341511544124,飰,aicwiif
3415115441251251112213534,饟,aicwiioo-h-/w
341511544125251125111,饘,aicwiioOob-
341511544131234123413251,饝,aicw\rmmro
341511544131235123513251,饝,aicw\rmmro
34151154413434,餃,aicwii8x
34151154431132,餅,aicw8-h
3415115444525151,館,aicw\nlcc
3415115444551251,館,aicw\nlcc
3415115451251,飼,aicwv-o
34151154554554134534,饑,aicw226-x\a
34151154554554134543,饑,aicw226-x\a
3415125351125221,盦,aiv-4-nh
34151253511414312511,韽,aiv-4-iihb
34152,令,aid
3415212154,瓴,aid-vv\
34152132511134,領,aidre8
341521554,瓴,aid-vv\
3415251,含,aivo
34152511134,貪,aive8
3415251132511134,頷,aivore8
34152533533,翎,aidcc
34152541541,翎,aidcc
341534,兆,a88
3415341212514311254,鼗,a88+-oh+4
341534132511134,頫,a88re8
34153432511154444,鴵,a88niv-T
3415344454,逃,\za88
341534454,逃,\za88
3415344554,逃,\za88
34154,令,aid
3415412154,瓴,aid-vv\
34154132511134,領,aidre8
3415413534,衾,aivii/w
341541554,瓴,aid-vv\
34154533533,翎,aidcc
34154541541,翎,aidcc
34154544,念,aiv/v\\
342,个,al
342121,企,af2
3422,刈,xll
34252343134,敝,8nl8ax
34252343134132,弊,8nl8axh
3425234313425111,瞥,8nl8axe
342523431342511251211511,鼈,8nl8axorvT
342523431342511521211511,鼈,8nl8axorvT
342523431342512134,蹩,8nl8axofa
3425234313432511154444,鷩,8nl8axniv-T
3425234313435251214444,鱉,8nl8ax9u-T
342523431344544,憋,8nl8ax/v\\
342524312511,曾,8247
34252431251112154,甑,8247-vv\
3425243125111554,甑,8247-vv\
34252431251152,鄫,8247zl
342524312511552,鄫,8247zl
34253434,肏,/\g
34312,乎,/-8
3431234,釆,/8m
34312342512132511154444,鷭,/8mo+niv-T
34312342512152,鄱,/8mo+zl
343123425121533533,翻,/8mo+cc
343123425121541541,翻,/8mo+cc
343123425121552,鄱,/8mo+zl
34312342522112143112,釋,/8mnht8-+
34312344544,悉,/8m/v\\
343123454112,释,/8m4128
3432,介,a/l
3432511154444,鳰,/\niv-T
34341,丛,aa-
3434121,坐,taa
34341211121111534,韱,⿽-x\aa3ll3-
34341211121111543,韱,⿽-x\aa3ll3-
3434122111,耸,aar3l
343412341234134,樊,mxxmq
343412341234134251214,蠜,mxxmqod
3434123412341343112,攀,mxxmq/j
3434251,谷,8ao
34342512511,谻,8aov128
34342513344554134,豀,8ao/\\/𡗞
34342513415251,谽,8aoaivo
34342513443554134,豀,8ao/\\/𡗞
34342513445251,谽,8aoaivo
34342513511,谻,8aov128
34342513534,欲,8ao9a
343425135451,鹆,8aoniv-
34342515112,谻,8aov128
343425153353334333,豂,8aocca///
343425154154134333,豂,8aocca///
3434251552,郤,8aozl
34343211511452511135,覺,r2cnxxea
343432115114532511154444,鷽,r2cnxxniv-T
34343312,斧,8xrr
343434,众,aaa
3434354354,爹,8x9i9i
34344544,怂,aa/v\\
343452,爷,8xvl
34345215,爸,8xvcl
3441345225214,禽,aiiuxnd
344134522554,禽,aiiuxnd
344311354,爰,/\\/-xO4
34431135432511154444,鶢,/\\/-xO4niv-T
344312,伞,a8+
3443123425121,釉,/8mnt
34431234333,彩,/\\/m///
3443123453353332411121,糴,/\8mcca2f-
3443123454154132411121,糴,/\8mcca2f-
344312421531535,虢,/\\/-\fr7a
34432511135,覓,/\\/ea
344325221511211124,爵,/\\/nhv⿼c-\-\
34432522151154124,爵,/\\/nhv⿼c-\-\
34432535,觅,/\\/na
34433112523534,飖,/\\/a+u/vx
344331125235451,鹞,/\\/a+univ-
34433112523554234,繇,/\\/a+u/⿽vdw
34433112524454,遥,\z/\\/a+u
3443311252454,遥,\z/\\/a+u
34433112524554,遥,\z/\\/a+u
3443321511,舀,/\\/r-c
344335554444552,鄬,/\\//vvv/\\\zl
3443451354,爱,/\\/nxO4
344345354152,舜,/\\/n9i+v
34434554,受,/\\/n4
3443521,孚,/\\/z-
34435215,乳,/\\/z-v
344352152,郛,/\\/z-zl
3443521552,郛,/\\/z-zl
3443531,妥,/\\/y
344353312122511134,貘,/2/q\hbq
3443533121225121,貓,/2/q\ho+
3443533121225125132411121,貛,/2/q\hooa2f-
3443533122125125132411121,貛,/2/q\hooa2f-
34435331222511134,貘,/2/q\hbq
344353312225121,貓,/2/q\ho+
344353312225125132411121,貛,/2/q\hooa2f-
3443533123,豺,/2/q\-/
344353312512512515,貙,/2/q\cOooo
3443533132511,貊,/2/q\-/b
344353321122511134,貘,/2/q\hbq
3443533211225121,貓,/2/q\ho+
3443533211225125132411121,貛,/2/q\hooa2f-
34435332511112,貋,/2/q\b-+
34435332511121,貍,/2/q\o+t
3443533251115154,貑,/2/q\lc--c4
344353325112512531,貗,/2/q\o-oly
3443533321234,貅,/2/q\am
344353332151135,貎,/2/q\r-ca
344353332511312,貏,/2/q\/b/+
34435333251135,貌,/2/q\/ba
344353332511354454,邈,\z/2/q\/ba
34435333251135454,邈,\z/2/q\/ba
344353332511354554,邈,\z/2/q\/ba
34435333253411515,貔,/2/q\/oOx77
34435333253411535,貔,/2/q\/oOx77
34435333253411553,貔,/2/q\/oOx77
34435333253413535,貔,/2/q\/oOx77
34435333253415353,貔,/2/q\/oOx77
3443533341251122,貐,/2/q\a-gll
3443533341251155,貐,/2/q\a-gll
3443533341254455,貐,/2/q\a-gll
3443533341351122,貐,/2/q\a-gll
3443533341351155,貐,/2/q\a-gll
3443533341354455,貐,/2/q\a-gll
3443533351,豹,/2/q\9O\
3443533354,豹,/2/q\9O\
3443533354251,貉,/2/q\9\o
3443533512115154,貑,/2/q\lc--c4
344353353251,貂,/2/q\vio
3443542554544143112,辭,/\\/dnd4iih+
3443554134,奚,/\\/𡗞
344355413432411121,雞,/\\/𡗞a2f-
34435541343434251,谿,/\\/𡗞8ao
3444445215,鬯,ux\\\\7
3444445235,鬯,ux\\\\7
3444445253,鬯,ux\\\\7
344454,込,\z/\
3445,今,aiv
344511211112,飦,aicw-+
3445112111121,飪,aicw/+-
344511211112251,餂,aicw/+o
34451121112111534,餦,aicwl-iiiv\/
344511211121121121135,饒,aicwttt-a
344511211121234,餀,aicwhx
344511211121451251431,饐,aicw+-n-oh
344511211122111,餌,aicwr3l
34451121112234,餀,aicwhx
344511211122513511,餬,aicw+og
344511211122513541,餬,aicw+og
3445112111251124,餔,aicw+\g
3445112111251234,餗,aicwmo
3445112111251431,餖,aicw-oh
3445112111354,飯,aicwr4
3445112111525,飩,aicw-uv
34451121121111534,餦,aicwl-iiiv\/
344511211211234,餀,aicwhx
34451121125111,飷,aicwg-
34451121125111212112,饆,aicwo+h-+
34451121125112112112,饆,aicwo+h-+
34451121125112522154,饅,aicwbnh4
34451121125121122112,饆,aicwo+h-+
344511211251211534,餵,aicwo+-v\/
344511211251212511134,饋,aicwol-e8
344511211251214,蝕,aicwod
344511211251251,餇,aicwn-o
3445112113115431234,餼,aicwa-v8m
3445112113121,飪,aicw/+-
3445112113121353121352511134,饡,aicw163a163ae8
3445112113121534,餓,aicw/fx\
3445112113121543,餓,aicw/fx\
344511211312251,餂,aicw/+o
34451121131252,飾,aicwanl
3445112113153,飭,aicwav/
344511211321121,餁,aicwa/+-
344511211323121,餁,aicwa/+-
344511211325131134,餱,aicwav-aq
344511211325251,餉,aicw/no
3445112113344531,餒,aicw/\\/y
3445112113354,飯,aicwr4
3445112113411234,餘,aicwa-m
34451121134132511,餚,aicwxxg
34451121134133511,餚,aicwxxg
34451121134133541,餚,aicwxxg
344511211341534,餆,aicwa88
3445112113443531,餒,aicw/\\/y
34451121135,飢,aicw/v
3445112113525,飩,aicw-uv
3445112113534,飮,a-l⿼c---9a
34451121135515,飽,aicw9Ovc
34451121141121,飳,aicw\j-
3445112114124,飰,aicwiif
34451121141251251112213534,饟,aicwiioo-h-/w
3445112114125251125111,饘,aicwiioOob-
3445112114131234123413251,饝,aicw\rmmro
3445112114131235123513251,饝,aicw\rmmro
344511211413434,餃,aicwii8x
344511211431132,餅,aicw8-h
34451121144525151,館,aicw\nlcc
34451121144551251,館,aicw\nlcc
34451121151251,飼,aicwv-o
344511211554554134534,饑,aicw226-x\a
344511211554554134543,饑,aicw226-x\a
34451154112,飦,aicw-+
344511541121,飪,aicw/+-
34451154112251,餂,aicw/+o
3445115412111534,餦,aicwl-iiiv\/
34451154121121121135,饒,aicwttt-a
34451154121234,餀,aicwhx
34451154121451251431,饐,aicw+-n-oh
34451154122111,餌,aicwr3l
3445115412234,餀,aicwhx
34451154122513511,餬,aicw+og
34451154122513541,餬,aicw+og
344511541251124,餔,aicw+\g
344511541251234,餗,aicwmo
344511541251431,餖,aicw-oh
344511541354,飯,aicwr4
344511541525,飩,aicw-uv
3445115421111534,餦,aicwl-iiiv\/
34451154211234,餀,aicwhx
3445115425111,飷,aicwg-
3445115425111212112,饆,aicwo+h-+
3445115425112112112,饆,aicwo+h-+
3445115425112522154,饅,aicwbnh4
3445115425121122112,饆,aicwo+h-+
34451154251211534,餵,aicwo+-v\/
34451154251212511134,饋,aicwol-e8
34451154251214,蝕,aicwod
34451154251251,餇,aicwn-o
344511543115431234,餼,aicwa-v8m
344511543121,飪,aicw/+-
344511543121353121352511134,饡,aicw163a163ae8
344511543121534,餓,aicw/fx\
344511543121543,餓,aicw/fx\
34451154312251,餂,aicw/+o
3445115431252,飾,aicwanl
344511543153,飭,aicwav/
34451154321121,餁,aicwa/+-
34451154323121,餁,aicwa/+-
34451154325131134,餱,aicwav-aq
34451154325251,餉,aicw/no
344511543344531,餒,aicw/\\/y
344511543354,飯,aicwr4
344511543411234,餘,aicwa-m
3445115434132511,餚,aicwxxg
3445115434133511,餚,aicwxxg
3445115434133541,餚,aicwxxg
34451154341534,餆,aicwa88
344511543443531,餒,aicw/\\/y
3445115435,飢,aicw/v
344511543525,飩,aicw-uv
344511543534,飲,aicw9a
3445115435515,飽,aicw9Ovc
3445115441121,飳,aicw\j-
344511544124,飰,aicwiif
3445115441251251112213534,饟,aicwiioo-h-/w
344511544125251125111,饘,aicwiioOob-
344511544131234123413251,饝,aicw\rmmro
344511544131235123513251,饝,aicw\rmmro
34451154413434,餃,aicwii8x
34451154431132,餅,aicw8-h
3445115444525151,館,aicw\nlcc
3445115444551251,館,aicw\nlcc
3445115451251,飼,aicwv-o
34451154554554134534,饑,aicw226-x\a
34451154554554134543,饑,aicw226-x\a
3445125351125221,盦,aiv-4-nh
34451253511414312511,韽,aiv-4-iihb
3445251,含,aivo
34452511134,貪,aive8
3445251132511134,頷,aivore8
3445251132534,颔,aivore8
34452534,贪,aive8
3445412154,瓴,aid-vv\
34454132511134,領,aidre8
34454132534,领,aidre8
3445413534,衾,aivii/w
344541554,瓴,aid-vv\
3445435451,鸰,aidniv-
3445452,邻,aidzl
34454533533,翎,aidcc
34454541541,翎,aidcc
34454544,念,aiv/v\\
34454552,邻,aidzl
344554,込,\z/\
3452,凶,ux
3453121,坌,8vit
3453132511134,頒,8vire8
3453132534,颁,8vire8
34532511134,貧,8vie8
3453252,岔,8vilu
345325221,盆,8vinh
34532534,贫,8vie8
345341352211515,麄,8vi\r477
345341352211535,麄,8vi\r477
345341352211553,麄,8vi\r477
345341352213535,麄,8vi\r477
345341352215353,麄,8vi\r477
34534544,忿,8vi/v\\
345352,邠,8vizl
3453552,邠,8vizl
345412154,瓮,8d-vv\
3454132511134,頌,8dre8
3454132534,颂,8dre8
34541554,瓮,8d-vv\
3454533533,翁,8dcc
345453353332511154444,鶲,8dccniv-T
3454541541,翁,8dcc
345454154132511154444,鶲,8dccniv-T
345454154135451,鹟,8dccniv-
3455,仓,avv
34551534,戗,avv-x\
34551543,戗,avv-x\
345522,创,avvll
345535451,鸧,avvniv-
3511111251113454,膩,g-viiie8
3511111253454,腻,g-viiie8
3511111341134,腠,giii/\-q
3511111343134,腠,giii/\-q
351111212511,腈,gj-g
351111212521,腈,gj-g
351111213511,腈,gj-g
351111213534,脿,gj-/w
35111121554234,膆,gj-⿽vdw
35111132,肼,g-h
35111134,肤,giia
3511115,肟,g--v
351112111534,脹,gl-iiiv\/
3511121121121135,膮,gttt-a
35111212122511134,膹,g+he8
3511121213125125534,臓,ghrx\rlc2
3511121213125125543,臓,ghrx\rlc2
3511121213513125125534,臟,ghk-x\rlc2
3511121213513125125543,臟,ghk-x\rlc2
3511121222511134,膹,g+he8
351112122511134,膜,ghbq
35111212251135345,臈,ghb9Ova
351112123241112154,臒,gha2f-4
3511121241343412,膵,ghiiaa+
35111212514311254,臌,g+-oh+4
3511121251431333,膨,g+-oh///
351112154,胠,gtd
35111215452,脚,gtdvl
351112212511,腊,gh-b
351112213125125534,臓,ghrx\rlc2
351112213125125543,臓,ghrx\rlc2
351112213241112154,臒,gha2f-4
351112213513125125534,臟,ghk-x\rlc2
351112213513125125543,臟,ghk-x\rlc2
35111222511134,膜,ghbq
3511122251135345,臈,ghb9Ova
35111223241112154,臒,gha2f-4
351112241343412,膵,ghiiaa+
3511122543112,腩,g+n8-+
3511124,肘,g-\
35111241344,脙,g-l3\
35111245521,脖,g+nz-
35111251124,脯,g+\g
35111251124124,膊,g+\g-\
35111251234,脨,gmo
35111251253512,膈,g-onhl
35111251254312,膈,g-onhl
35111251431,脰,g-oh
35111252,肺,g-nl
351112521111132522,臑,g-nl4rnll
351112522111234,膘,g-42w
3511125221531,腰,g-4y
351112523434,脼,g-ni/\/\
351112524134132522,臑,g-nl4rnll
351112524444132522,臑,g-nl4rnll
35111254,肢,g+4
35111324,肧,grl\
351113241,胚,grl\-
35111325111,脜,g-/e
3511132522,胹,grnll
3511132522111,腼,groll2
3511132543112,腩,g+n8-+
3511134115,胯,gq--v
351113425115,腌,-4-qbv
351113533344454,遯,\zg-e
35111353334454,遯,\zg-e
351113533344554,遯,\zg-e
351113534,胧,gk2T
351114521111132522,臑,g-nl4rnll
351114524134132522,臑,g-nl4rnll
351114524444132522,臑,g-nl4rnll
35111454454,脦,g-vi/v\\
351115112134,脻,g-c-fa
3511151534,胰,gqcv
351115234,胨,g-vw
35111525,肫,g-uv
3511152511,脂,g7b
3511154121,胵,g-dt
35112,用,n128
351121111534,脹,gl-iiiv\/
3511211213125125534,臓,ghrx\rlc2
3511211213125125543,臓,ghrx\rlc2
3511211213513125125534,臟,ghk-x\rlc2
3511211213513125125543,臟,ghk-x\rlc2
351121122511134,膜,ghbq
35112112251135345,臈,ghb9Ova
351121123241112154,臒,gha2f-4
351121124,胩,gf-f
3511211241343412,膵,ghiiaa+
351121513,胪,gfr7o+nh
35112153151353334,臄,gfr7-e
35112153152512125221,臚,gfr7o+nh
351122,刖,gll
35112251,周,nto
3511225132411121,雕,ntoa2f-
3511225132511154444,鵰,ntoniv-T
351122514454,週,\znto
35112251454,週,\znto
351122514554,週,\znto
35112251533533,翢,ntocc
35112251541541,翢,ntocc
3511243135,胱,gw-a
351124345251121,膛,gwnot
351125111234,腂,gbm
3511251112511132411121,臞,geea2f-
35112511134,脵,go-q
3511251113533,腸,gb-9O//
3511251115154,腵,glc--c4
351125112141,腘,goO-t\
3511251125111121,膶,ginTj-
3511251125221,腽,gbnh
3511251131121,腥,gbat
35112512,肿,gol
351125121132,腗,gnthD
3511251212511134,膭,gol-e8
3511251214544,腮,go+/v\\
35112512211311534,膿,gbllr2w
351125122134,腆,gbll8
35112512252514454,膼,g\znvno
3511251225251454,膼,g\znvno
35112512252514554,膼,g\znvno
3511251251,胴,gn-o
3511251251115,腭,goo--v
351125125115341,膕,goO-x\o-
351125125115431,膕,goO-x\o-
35112512512511234,臊,gooom
35112512534,脶,gona
35112513121,脭,goj-
3511251341,胭,goOq
35112515134,脵,go-q
35112521252514454,膼,g\znvno
3511252125251454,膼,g\znvno
35112521252514554,膼,g\znvno
3511252132522,腨,glurnll
35112522135251214,臅,gnh𠣜
351125232411121,膗,glua2f-
35112534,肭,gn/\
3511255252514454,膼,g\znvno
351125525251454,膼,g\znvno
3511255252514554,膼,g\znvno
35112554,服,gvl4
351131121,胜,gat
3511311222214444,膴,gah〢-/\\\
3511311531153115,膬,g/-7/-7/-7
351131211,胙,galii
3511312121211,腄,g/+--h
351131212211,腄,g/+--h
35113121353121352511134,臢,g163a163ae8
35113121353121352534,臜,g163a163ae8
3511312211211,腄,g/+--h
35113123422,脷,g/mll
3511312511121,腫,g/+o+t
3511312511354,腹,gab9\
35113154,胀,gv-\/ or v-/\
35113211511254,膄,galalh-oiiaa2f-oll3
3511321151134,腴,gr-ca
3511321511254,膄,galalh-oiiaa2f-oll3
351132151134,腴,gr-ca
351132411121,脽,ga2f-
35113241112125125,臇,ga2f-l㇅lv
3511324111212525,臇,ga2f-l㇅lv
3511324111214444,膲,ga2f-/\\\
3511325112534,腺,g/bl3
351132511312,脾,g/b/+
3511333,肜,g///
3511333234,脈,gr/l/\ or r/v\/
3511333534,脈,gr/l/\ or r/v\/
35113344124,脟,g/\\/-\
35113344531,脮,g/\\/y
351133544,胍,grd\
351134112,胖,g8128
3511341134,朕,g8-q
3511341134121,塍,g8iiat
35113411341211254444,騰,g8iiavv-T
35113411342111254444,騰,g8iiavv-T
351134113424134,滕,g𣳾
35113411342511134,賸,g8iiae8
3511341134251214,螣,g8iiaod
351134113435251214444,鰧,g8iia9u-T
3511341134531,媵,g8iiay
351134113455,腃,g8iiavv
3511341134554234,縢,g8iia⿽vdw
3511341154,脍,gaiid
35113412,肸,g8+
3511341234,脎,gxm
3511341251122,腧,ga-gll
3511341251155,腧,ga-gll
351134125122,腀,ga-nh
35113412512513434,臉,ga-ooaa
3511341254455,腧,ga-gll
3511341351122,腧,ga-gll
3511341351155,腧,ga-gll
3511341354455,腧,ga-gll
35113414431,脸,ga-\\/-
3511343123425121,膰,g/8mo+
351134333,胗,ga///
35113434121,脞,gtaa
3511343425152,腳,g8aovl
3511344,肞,gx\
35113443124,脟,g/\\/-\
35113443531,脮,g/\\/y
35113445,肣,gaiv
3511351132511154444,鵬,ggniv-T
3511351135451,鹏,ggniv-
35113513341111251,膽,g9r84o
35113513344111251,膽,g9r84o
35113513351111251,膽,g9r84o
35113513354111251,膽,g9r84o
3511351355,脆,g9rvv
351135151,胝,grx\
351135154,胝,grx\
35113525,肫,g-uv
3511352511,脂,g7b
35113525135,脕,g9oa
35113533251,脗,g𠯳
35113534,肷,g9a
3511353452,胸,g9Oux
3511354251,胳,g9\o
351135515,胞,g9Ovc
351135515413534,褜,g9Ovcii/w
35114125152,脝,giioz
35114125251125111,膻,giioOob-
3511413121,脏,g\rt
351141323544,腋,giia9\\
351141332124,腑,g\ra-\
35114133315112234,臁,g\rhch8
35114134315112234,臁,g\rhch8
3511413432,脐,giix/l
351141343412,脺,giiaa+
3511413452,脑,giiux
3511413522115154444,臕,g\r477/\\\
3511413522115354444,臕,g\r477/\\\
3511413522115534444,臕,g\r477/\\\
3511413522135354444,臕,g\r477/\\\
3511413522153534444,臕,g\r477/\\\
35114143125114544,臆,giihb/v\\
3511414312511534,膱,giihb-x\
3511414312511543,膱,giihb-x\
351141432533543112,臍,giivi8l/v\/iil
351141432533543211,臍,giivi8l/v\/iil
3511414345252,腣,gii8nnl
3511414345252251,膪,gii8nnlo
35114143454135,膀,gii8n2p
35114143454153,膀,gii8n2p
35114153,肪,g2p
3511415334,胲,giiv/a
35114155332411121,臃,giivv/a2f-
351141554413412,膟,gii⿽vd88+
3511431112431251,膳,gh128ho
351143112,胖,g8128
3511431121431251,膳,gh128ho
3511431132,胼,g8-h
3511431134,朕,g8-q
3511431134121,塍,g8iiat
35114311341211254444,騰,g8iiavv-T
35114311342111254444,騰,g8iiavv-T
351143113424134,滕,g𣳾
35114311342511134,賸,g8iiae8
3511431134251214,螣,g8iiaod
351143113435251214444,鰧,g8iia9u-T
3511431134531,媵,g8iiay
351143113455,腃,g8iiavv
3511431134551,腾,g8iiavv-
3511431134554234,縢,g8iia⿽vdw
3511431234,脒,g8m
3511431234354152,膦,g8m9i+v
35114325135,脱,g8oa
3511434,肞,gx\
35114433452,脳,g\\/ux
351144511234,腙,g\n2w
35114451135,脘,g\n--a
3511445121225111354,臗,g\nhea\
351144512134,腚,g\n-fa
3511445122125111354,臗,g\nhea\
351144512225111354,臗,g\nhea\
351144512332511134,臏,g\n-/l/e8
3511445211225111354,臗,g\nhea\
35114453212134,膑,g\nrr-8
351144535455,腕,g\n9ivv
3511445531,胺,g\ny
3511451251112,腪,gn-v+T
3511453534,脓,gn/w
351145534,脉,g\vv\/
351151111254,腱,gz\c-f
3511511112554,腱,gz\c-f
3511512115154,腵,glc--c4
35115132534,脲,gc/l3
35115215,肥,gvcl
35115254,服,gvl4
3511532511,脂,g7b
35115325135,脕,g9oa
3511533,肠,gv//
351153353341343412,臎,gcciiaa+
35115344,胁,gv/8
351154121,胫,gv\--
351154154141343412,臎,gcciiaa+
351154251,胎,gdo
3511543341251431,膯,gv\//\-oh
3511544331251431,膯,gv\//\-oh
3511545231234,腬,gdz/m
35121251,周,nto
3512125132411121,雕,ntoa2f-
3512125132511154444,鵰,ntoniv-T
351212514454,週,\znto
35121251454,週,\znto
351212514554,週,\znto
35121251533533,翢,ntocc
35121251541541,翢,ntocc
35123432411121,雑,/9ma2f-
351235451,鸨,7+niv-
351251124,匍,9O+\g
351251214,風,/v/od
3512512142342511,颵,/v/odwg
3512512142343511,颵,/v/odwg
3512512142343541,颵,/v/odwg
3512512142432511,颵,/v/odwg
3512512142433511,颵,/v/odwg
3512512142433541,颵,/v/odwg
351251214251113533,颺,/v/odb-9O//
351251214251214,蝨,v+odod
3512512143211511254,颼,/v/odalalh-oiiaa2f-oll3
351251214321511254,颼,/v/odalalh-oiiaa2f-oll3
351251214333,颩,/v/od///
3512512143535225121,飀,/v/od/v\vio+
3512512143545325121,飀,/v/od/v\vio+
35125121454251,颱,/v/oddo
35125125121,匐,9O-oo+
3513341111251,詹,9r84o
3513344111251,詹,9r84o
3513351111251,詹,9r84o
3513354111251,詹,9r84o
351354,夙,/v-9i
351355,危,9rvv
351355132511134,頠,9rvvre8
3514454,迅,\zv+
351454,迅,\zv+
3514554,迅,\zv+
35151,氐,rx\
3515132511154444,鴟,rx\niv-T
3515152,邸,rx\zl
35151552,邸,rx\zl
35152,印,/l--vl
35152511,昏,rxb
35154,氐,rx\
3515432511154444,鴟,rx\niv-T
3515435451,鸱,rx\niv-
3515452,邸,rx\zl
35154552,邸,rx\zl
352112123241112154,雘,niiha2f-4
352112213241112154,雘,niiha2f-4
35211223241112154,雘,niiha2f-4
352121123241112154,雘,niiha2f-4
3523411214,玺,9w-t\
352342511135,覙,9wea
352344454,迩,\z9w
35234454,迩,\z9w
352344554,迩,\z9w
3525,屯,-uv
352511134,負,9e8
352511151321212,鼐,v/ekk
35251115132125,鼐,v/ekk
3525111521321212,鼐,v/ekk
352511152132125,鼐,v/ekk
3525111534,眞,7ve8
352511255115115341,龜,9n-vf⿼cx⿼c-⿼c-
3525112555151134,龜,9n-vf⿼cx⿼c-⿼c-
35251132511154444,鴲,7bniv-T
3525115,龟,9bv
3525115153525135452,酁,9o779oa\zl
35251151535251354552,酁,9o779oa\zl
35251152,郇,9Obzl
352511525115115341,龜,9n-vf⿼cx⿼c-⿼c-
3525115255151134,龜,9n-vf⿼cx⿼c-⿼c-
3525115353525135452,酁,9o779oa\zl
35251153535251354552,酁,9o779oa\zl
352511552,郇,9Obzl
3525115533525135452,酁,9o779oa\zl
35251155335251354552,酁,9o779oa\zl
3525121,甸,9Oo+
35251211111342511,䲠,9u-iii/\b
3525121111212511,鲭,9u-j-g
3525121111213511,鲭,9u-j-g
35251211121121,鲑,9u-tt
35251211121222534,鲼,9u-+he8
35251211121251,鲒,9u-+-o
35251211121315,鲓,9u-/t-v
352512111213352511,鳍,9u-/t7b
3525121112134354,鲮,9u-t89\
352512111213532511,鳍,9u-/t7b
3525121112211134,鲯,9u-h-8--
3525121112211154,鲰,9u-r3l4
3525121112212511253,鳓,9u-h-o+v/
35251211122151234,鲽,9u-h-vm
352512111223241112154,鳠,9u-ha2f-4
352512111251134,鲠,9u--bx
3525121112512,鲄,9u--lo
35251211125125121,鲾,9u--oo+
3525121112521111511,鳕,9u--nl4⿼c-
3525121112522111234,鳔,9u--42w
3525121112524444511,鳕,9u--nl4⿼c-
352512111254254,鲡,9u--n\n\
352512111312515344544,鳡,9u-rx\-o/v\\
352512111312515434544,鳡,9u-rx\-o/v\\
35251211132511,鲔,9u-xg
35251211132522,鲕,9u-rnll
35251211133511,鲔,9u-xg
35251211134315233534,鳜,9u-rhul9a
352512111354,鱿,9u-k\
3525121113544,鲅,9u-xO4\
3525121114312,鲆,9u--+8
3525121114521111511,鳕,9u--nl4⿼c-
3525121114524444511,鳕,9u--nl4⿼c-
352512111512454,鲢,9u-\z-v+
352512111525,鲀,9u--uv
3525121121112111,鲱,9u-3ll3
3525121121251,鲇,9u-fo
3525121121513,鲈,9u-fc/
352512112254121,鲣,9u-ll4t
35251211241354124,鳉,9u-iil9i-\
35251211243451154,鲿,9u-wniid
352512112511,鲁,9u-b
352512112511121,鲤,9u-o+t
35251211251112134,鳀,9u-b-fa
352512112511124,鲥,9u-b-\
3525121125111535,鲲,9u-b77
3525121125111553,鲲,9u-b77
3525121125112511,鲳,9u-bb
35251211251125221,鳁,9u-bnh
3525121125112522154,鳗,9u-bnh4
3525121125113535,鲲,9u-b77
3525121125115353,鲲,9u-b77
352512112511541541,鳎,9u-bcc
3525121125121,鲉,9u-nt
35251211251211534,鳂,9u-o+-v\/
35251211251214544,鳃,9u-o+/v\\
352512112512211251431,鳢,9u-bll-oh
3525121125122511,鲴,9u-oO+o
35251211251251115,鳄,9u-oo--v
352512112522123334,鳏,9u-nhl3
352512112522123344,鳏,9u-nhl3
352512112522124134,鳏,9u-nhl3
35251211253422,鲗,9u-e8ll
3525121131112111,鲱,9u-3ll3
3525121131211,鲊,9u-alii
3525121131234,稣,9u-/m
35251211312344334,鳅,9u-/mq
35251211312511354,鳆,9u-ab9\
3525121131431444525151,鳤,9u-alal\nlcc
3525121131431444551251,鳤,9u-alal\nlcc
35251211321152,䲟,9u-/l--vl
3525121132124,鲋,9u-a-\
3525121132151135,鲵,9u-r-ca
3525121132511,鲌,9u-/b
35251211325111121,鳇,9u-/bj-
35251211325112534,鳈,9u-/bl3
35251211341154,鲙,9u-aiid
352512113443311252,鳐,9u-/\\/a+u
3525121134454544,鲶,9u-aiv/v\\
3525121135112251,鲷,9u-nto
3525121135121251,鲷,9u-nto
3525121135152,䲟,9u-/l--vl
352512113525,鲀,9u--uv
3525121135254,鲏,9u-rlx
352512113541234,鲦,9u-9\m
3525121135515,鲍,9u-9Ovc
352512113554234,鲧,9u-/⿽vdw
35251211412354124,鳉,9u-iil9i-\
3525121141251234,鲸,9u-iiow
352512114125251125111,鳣,9u-iioOob-
35251211413432,鲚,9u-iix/l
35251211413434,鲛,9u-ii8x
352512114135,鲂,9u-2p
3525121141351125112,鳙,9u-\r𬎾
3525121141351135112,鳙,9u-\r𬎾
352512114143454135,鳑,9u-ii8n2p
352512114143454153,鳑,9u-ii8n2p
352512114153,鲂,9u-2p
35251211431112,鲜,9u-h128
35251211431112431251,鳝,9u-h128ho
35251211431121431251,鳝,9u-h128ho
35251211431234354152,鳞,9u-8m9i+v
35251211431253511,䲡,9u-8-4-
35251211431253511124,鳟,9u-8-4--\
352512114315112234,鳒,9u-hch8
352512114451135,鲩,9u-\n--a
35251211451325122,鳊,9u-ic/nh
35251211511124,鲟,9u-⿼c--\
352512115113251,鲪,9u-cxOo
352512115115452,鲫,9u-v⿼c-\vl
3525121151311234124,鳚,9u-c/iiq-\
35251211515,鱾,9u-v-v
352512115215,鲃,9u-vcl
3525121153,鱽,9u-vi
3525121153254,鲏,9u-rlx
3525121154134333,鲹,9u-dq///
3525121154154132511,鳛,9u-cc/b
3525121154251,鲐,9u-do
352512115425112,鲬,9u-dn128
35251211544251214,鳋,9u-\4\od
3525121444411212511,鯖,9u-Tj-g
3525121444411212521,鯖,9u-Tj-g
3525121444411213511,鯖,9u-Tj-g
352512144441123425112,鰰,9u-T2wbl
35251214444121,魟,9u-T--
352512144441212134,鯐,9u-Ttfa
3525121444412123241112154,鱯,9u-Tha2f-4
352512144441215425221,鰪,9u-Ttdnh
3525121444412211134,鯕,9u-Th-8--
3525121444412213241112154,鱯,9u-Tha2f-4
352512144441223241112154,鱯,9u-Tha2f-4
352512144441251124,鯆,9u-T+\g
352512144441251134,鯁,9u-T-bx
3525121444412512,魺,9u-T-lo
3525121444412512212511,鰽,9u-T-bllb
3525121444412512512515,鰸,9u-TcOooo
3525121444412512554121,鰹,9u-Trlc24t
3525121444412523211511134,鱮,9u-Tr2c-8v-l
3525121444412533211511134,鱮,9u-Tr2c-8v-l
352512144441253511,鯂,9u-T-4-
352512144441254125441352211515,鱺,9u-T-n\n\\r477
352512144441254125441352211535,鱺,9u-T-n\n\\r477
352512144441254125441352211553,鱺,9u-T-n\n\\r477
352512144441254125441352213535,鱺,9u-T-n\n\\r477
352512144441254125441352215353,鱺,9u-T-n\n\\r477
352512144441312514544534,鱤,9u-Trx\-o/v\\
352512144441312514544543,鱤,9u-Trx\-o/v\\
352512144441312515344544,鱤,9u-Trx\-o/v\\
352512144441312515434544,鱤,9u-Trx\-o/v\\
3525121444413241,魾,9u-Trl\-
3525121444413344,鮁,9u-TxO4\
35251214444134315233534,鱖,9u-Trhul9a
3525121444413544,鮁,9u-TxO4\
352512144441523211511134,鱮,9u-Tr2c-8v-l
35251214444152511,鮨,9u-T7b
352512144441533211511134,鱮,9u-Tr2c-8v-l
352512144441551,魱,9u-T-vv-
3525121444421112111,鯡,9u-T3ll3
3525121444421123241112154,鱯,9u-Tha2f-4
352512144442121131233534,鱥,9u-Tf2rx\-/l/
352512144442121131233543,鱥,9u-Tf2rx\-/l/
352512144442153154134,鰬,9u-Tfr7iix
35251214444251115154,鰕,9u-Tlc--c4
3525121444425112522154,鰻,9u-Tbnh4
352512144442511533533,鰨,9u-Tbcc
352512144442511541541,鰨,9u-Tbcc
3525121444425121,鮋,9u-Tnt
352512144442512211251431,鱧,9u-Tbll-oh
3525121444425122511,鯝,9u-ToO+o
35251214444252511,鮰,9u-ToOo
3525121444431112111,鯡,9u-T3ll3
352512144443123422,鯏,9u-T/mll
3525121444431234521,鯚,9u-T/mz-
3525121444431234531,鯘,9u-T/my
35251214444314314131251534,鱵,9u-Talalrx\-o
35251214444314314131251543,鱵,9u-Talalrx\-o
35251214444321152,鮣,9u-T/l--vl
352512144443212154,鯅,9u-Tz\/fv
3525121444432121554,鯅,9u-Tz\/fv
35251214444321554,鯅,9u-Tz\/fv
352512144443215554,鯅,9u-Tz\/fv
3525121444432231341234,鰷,9u-Tal9\m
352512144443223541234,鰷,9u-Tal9\m
3525121444432511,鮊,9u-T/b
35251214444325111121,鰉,9u-T/bj-
35251214444325111152,鯽,9u-Tv⿼c-\vl
352512144443251113,鯓,9u-T/e/
35251214444325111552,鯽,9u-Tv⿼c-\vl
35251214444325112534,鰁,9u-T/bl3
35251214444325113552,鯽,9u-Tv⿼c-\vl
35251214444325115352,鯽,9u-Tv⿼c-\vl
352512144443251154444,鰞,9u-T/vc-/\\\
352512144443251511252,鰤,9u-T/lcc-ni
352512144443315112234,鰜,9u-Thch8
352512144443344531,鮾,9u-T/\\/y
3525121444434125122,鯩,9u-Ta-nh
35251214444341253511,鰌,9u-T8-4-
35251214444341534,鮡,9u-Ta88
352512144443443531,鮾,9u-T/\\/y
352512144443453,魵,9u-T8vi
3525121444435112251,鯛,9u-Tnto
3525121444435121251,鯛,9u-Tnto
35251214444351355,鮠,9u-T9rvv
3525121444435152,鮣,9u-T/l--vl
3525121444435251,鮈,9u-T9Oo
35251214444352511,鮨,9u-T7b
352512144443525121444435251214444,鱻,9u-T9u-T9u-T
3525121444435251353334,鱌,9u-T9oe
35251214444352521353334,鱌,9u-T9oe
35251214444352534353334,鱌,9u-T9oe
3525121444435254,鮍,9u-Trlx
352512144443535225121,鰡,9u-T/v\vio+
352512144443545325121,鰡,9u-T/v\vio+
352512144443554234,鯀,9u-T/⿽vdw
3525121444441251521,鯙,9u-Tiioz-
352512144444125251125111,鱣,9u-TiioOob-
352512144444134,魰,9u-Tiix
3525121444441351124134,鱇,9u-T\rc-l3
352512144444143454135,鰟,9u-Tii8n2p
352512144444143454153,鰟,9u-Tii8n2p
3525121444441554,鮌,9u-Tii⿽vd
35251214444431112,鮮,9u-Th128
35251214444431234354152,鱗,9u-T8m9i+v
35251214444431253511,鰌,9u-T8-4-
352512144444315112234,鰜,9u-Thch8
352512144444412343,鯋,9u-Tiiil8 or /l\/
3525121444444511234,鯮,9u-T\n2w
352512144444453434251,鰫,9u-T\n8ao
3525121444444535,鮀,9u-T\n7
3525121444444553,鮀,9u-T\n7
35251214444445531,鮟,9u-T\ny
35251214444451251112,鯶,9u-Tn-v+T
35251214444452425112,鰰,9u-T2wbl
352512144444535,魫,9u-Tn/v
352512144445114554,鮼,9u-Tc-n4
352512144445115452,鯽,9u-Tv⿼c-\vl
35251214444512115154,鰕,9u-Tlc--c4
3525121444451532,鮄,9u-T/lcv
3525121444452133541124,鱂,9u-Tk9i\-\
3525121444452133544124,鱂,9u-Tk9i\-\
3525121444453,魛,9u-Tvi
35251214444532511,鮨,9u-T7b
3525121444453254,鮍,9u-Trlx
3525121444454134333,鯵,9u-Tdq///
352512144445425112,鯒,9u-Tdn128
352512144445434354,鮻,9u-Td89\
352512144445435354,鮻,9u-Td89\
35251214444544251214,鰠,9u-T\4\od
352512144445444251214,鰠,9u-T\4\od
352512144445452,魣,9u-Tdz
3525132411121,雊,9Ooa2f-
3525132511134,頓,-uvre8
3525132534,顿,-uvre8
3525134,奂,9nq
35251353334,象,9oe
3525135353525135452,酁,9o779oa\zl
35251353535251354552,酁,9o779oa\zl
35251354,兔,9oa\
35251354354,够,9Oo9i9i
352513544454,逸,\z9oa\
35251354454,逸,\z9oa\
352513544554,逸,\z9oa\
3525135451,鸲,9Ooniv-
352513553,勉,9oav/
3525153,劬,9Oov/
3525153533525135452,酁,9o779oa\zl
35251535335251354552,酁,9o779oa\zl
352521353334,象,9oe
352534,负,9e8
352534132534,颍,7l3re8
35254132511134,頗,rlxre8
35254132534,颇,rlxre8
352552,邨,-uvzl
3525552,邨,-uvzl
3531111251,狺,q\4o
353112,犴,q\-+
3531121,狂,q\j-
35311212511,猜,q\j-g
35311212521,猜,q\j-g
353112132511154444,鵟,q\j-niv-T
35311213511,猜,q\j-g
35311214454,逛,\zq\j-
3531121454,逛,\zq\j-
35311214554,逛,\zq\j-
3531134511112,肄,7aqc-f
35311345452134,疑,7aqdvfa
353121225121,猫,q\ho+
353121225125132411121,獾,q\hooa2f-
3531212513234,猿,q\to/w
3531212513534,猿,q\to/w
35312132511,猪,q\/tb
353121325111234,橥,q\/tbm
353121325114,猪,q\/tb
3531213251141234,橥,q\/tbm
35312212511,猎,q\h-b
353122125125132411121,獾,q\hooa2f-
35312225121,猫,q\ho+
35312225125132411121,獾,q\hooa2f-
353122513511,猢,q\+og
353122513541,猢,q\+og
3531234132534,颖,7/mre8
353123425111,猹,q\mb-
3531251234352534,獭,q\mo9e8
35313412512,猗,q\q-lo
353134315233534,獗,q\rhul9a
353134432511234,獠,q\q8bw
3531354,犹,q\k\
353143134,狭,q\qh
353143342511234,獠,q\q8bw
3531515121,狴,q\77t
3531535121,狴,q\77t
3531553121,狴,q\77t
353211225121,猫,q\ho+
353211225125132411121,獾,q\hooa2f-
3532151135451,鹐,9r-cniv-
353231252,狮,q\ll-ni
35325111121,凰,/v/bj-
3532511121,狸,q\o+t
35325111234,猓,q\bm
35325112,狎,q\bi
35325112511,猖,q\bb
353251131121,猩,q\bat
353251211534,猥,q\o+-v\/
353251212511,猬,q\o+g
353251213511,猬,q\o+g
353251213541,猬,q\o+g
3532512142342511,颵,/v/odwg
3532512142343511,颵,/v/odwg
3532512142343541,颵,/v/odwg
3532512142432511,颵,/v/odwg
3532512142433511,颵,/v/odwg
3532512142433541,颵,/v/odwg
353251214251113533,颺,/v/odb-9O//
3532512143211511254,颼,/v/odalalh-oiiaa2f-oll3
353251214321511254,颼,/v/odalalh-oiiaa2f-oll3
353251214333,颩,/v/od///
3532512143535225121,飀,/v/od/v\vio+
3532512143545325121,飀,/v/od/v\vio+
35325121454251,颱,/v/oddo
3532512452511,猾,q\nvng
3532512453511,猾,q\nvng
3532512453541,猾,q\nvng
3532512511,狷,q\og
3532513511,狷,q\og
3532513541,狷,q\og
3532521452511,猾,q\nvng
3532521453511,猾,q\nvng
3532521453541,猾,q\nvng
35325221354,猡,q\nh9i
3532534,狈,q\e8
353255452511,猾,q\nvng
353255453511,猾,q\nvng
353255453541,猾,q\nvng
3533,勿,9O//
3533123422,猁,q\/mll
35332151135,猊,q\r-ca
353322,刎,9O//ll
353325111152,卿,/v/v⿼c-\vl
353325111552,卿,/v/v⿼c-\vl
353325113552,卿,/v/v⿼c-\vl
353325115352,卿,/v/v⿼c-\vl
353325131134,猴,q\av-aq
35333544,狐,q\rd\
35334,匆,9O//\
35334112251,猞,q\a-+o
3533411234,狳,q\a-m
353341154,狯,q\aiid
3533414431,猃,q\a-\\/-
35334544,忽,9O///v\\
35335,犰,q\/9
35335251,狗,q\9Oo
3533535112533112,獬,q\9ntvia+
3533535121,狴,q\77t
3533535121533112,獬,q\9ntvia+
353355112,狰,q\9c-l
35335515,狍,q\9Ovc
3534111251,狺,q\4o
353413,犷,q\\r
353413434,狡,q\ii8x
35341343412,猝,q\iiaa+
35341431251112,獐,q\iihb+
35341431251135,獍,q\iihba
353421251,飐,/vxfo
353425111134,飓,/vxn-iii8
3534251214544,飔,/vxo+/v\\
3534321511254,飕,/vxalalh-oiiaa2f-oll3
3534334,狄,q\q
35343344454,逖,\zq\q
3534334454,逖,\zq\q
35343344554,逖,\zq\q
35343545325121,飗,/vx/v\vio+
353435515,飑,/vx9Ovc
3534433443344334,飚,/vxqqq
35344512,狞,q\\n-l
353445124,狩,q\\n-\
3534511534,狼,q\\c-w
353451344,狱,q\4oq\
353452,匈,9Oux
3534524,卵,/v/\vl\
35345243344521,孵,/v/\vl\/\\/z-
35345243443521,孵,/v/\vl\/\\/z-
3534533,飏,/vxv//
35351,册,nn-
3535112,角,9nt
35351121251234,觫,9ntmo
353511213412512,觭,9ntq-lo
3535112243135,觥,9ntw-a
3535112251214,触,9ntod
35351122522135251214,觸,9ntnh𠣜
35351122523241112125125,觽,9ntlua2f-l㇅lv
3535112252324111212525,觽,9ntlua2f-l㇅lv
353511231533,觞,9ntav//
353511233544,觚,9ntrd\
353511235151,觝,9ntrx\
353511235154,觝,9ntrx\
3535112352534251113134,觼,9nt/vnaeax
353511235253425111354,觼,9nt/vnaeax
353511243251112,觯,9nt8b+
35351124412,斛,9nt⿽-lii
35351125134,觖,9ntvq
353511252,觓,9ntvl
353511253,觔,9ntv/
3535112533112,解,9ntvia+
3535112533112251214,蟹,9ntvia+od
35351125331124454,邂,\z9ntvia+
3535112533112454,邂,\z9ntvia+
35351125331124554,邂,\z9ntvia+
353511534,狠,q\c-w
3535115452,卿,/v/v⿼c-\vl
353512,毕,77+
35351211251234,觫,9ntmo
353512113412512,觭,9ntq-lo
3535121243135,觥,9ntw-a
3535121251214,触,9ntod
35351212522135251214,觸,9ntnh𠣜
35351212523241112125125,觽,9ntlua2f-l㇅lv
3535121252324111212525,觽,9ntlua2f-l㇅lv
353512131533,觞,9ntav//
353512133544,觚,9ntrd\
353512135151,觝,9ntrx\
353512135154,觝,9ntrx\
3535121352534251113134,觼,9nt/vnaeax
353512135253425111354,觼,9nt/vnaeax
353512143251112,觯,9nt8b+
35351214412,斛,9nt⿽-lii
35351215134,觖,9ntvq
353512152,觓,9ntvl
353512153,觔,9ntv/
3535121533112,解,9ntvia+
3535121533112251214,蟹,9ntvia+od
35351215331124454,邂,\z9ntvia+
3535121533112454,邂,\z9ntvia+
35351215331124554,邂,\z9ntvia+
3535122,删,nn-ll
3535135435,毙,77-9i7
3535135453,毙,77-9i7
35351532,狒,q\/lcv
35351535234,猕,q\cv9w
35352,卯,/v/vl
3535211,狃,q\c+
353521234,狲,q\z-w
35352125221,猛,q\z-nh
353521325111,猸,q\c/le
353522511134,貿,/v/vie8
35352251113452,鄮,/v/vie8zl
353522511134552,鄮,/v/vie8zl
3535225121,留,/v\vio+
35352251214454,遛,\z/v\vio+
3535225121454,遛,\z/v\vio+
35352251214554,遛,\z/v\vio+
35353,犰,q\/9
353532511,皆,77/b
3535353121,狴,q\77t
3535431234,粊,778m
3535434354,狻,q\t89\
3535435,狁,q\da
3535435354,狻,q\t89\
3535451,鸠,/9niv-
353545231234,猱,q\dz/m
353545443,毖,77/v\\/
35355,犯,q\vv
353551,犸,q\vv-
3541111251113454,膩,g-viiie8
3541111341134,腠,giii/\-q
3541111343134,腠,giii/\-q
354111212511,腈,gj-g
354111212521,腈,gj-g
354111213511,腈,gj-g
354111213534,脿,gj-/w
35411121554234,膆,gj-⿽vdw
35411124454,逢,\z9\iiil
35411124454251214251214,蠭,\z9\iiilodod
3541112454,逢,\z9\iiil
3541112454251214251214,蠭,\z9\iiilodod
35411124554,逢,\z9\iiil
35411124554251214251214,蠭,\z9\iiilodod
35411132,肼,g-h
35411134,肤,giia
3541115,肟,g--v
354112111534,脹,gl-iiiv\/
3541121121121135,膮,gttt-a
35411212122511134,膹,g+he8
3541121213125125534,臓,ghrx\rlc2
3541121213125125543,臓,ghrx\rlc2
3541121213513125125534,臟,ghk-x\rlc2
3541121213513125125543,臟,ghk-x\rlc2
3541121222511134,膹,g+he8
354112122511134,膜,ghbq
35411212251135345,臈,ghb9Ova
3541121241343412,膵,ghiiaa+
35411212514311254,臌,g+-oh+4
3541121251431333,膨,g+-oh///
354112154,胠,gtd
35411215452,脚,gtdvl
354112212511,腊,gh-b
354112213125125534,臓,ghrx\rlc2
354112213125125543,臓,ghrx\rlc2
354112213513125125534,臟,ghk-x\rlc2
354112213513125125543,臟,ghk-x\rlc2
35411222511134,膜,ghbq
3541122251135345,臈,ghb9Ova
354112241343412,膵,ghiiaa+
3541122543112,腩,g+n8-+
3541124,肘,g-\
35411241344,脙,g-l3\
35411245521,脖,g+nz-
35411251124,脯,g+\g
35411251124124,膊,g+\g-\
35411251234,脨,gmo
35411251253512,膈,g-onhl
35411251254312,膈,g-onhl
35411251431,脰,g-oh
35411252,肺,g-nl
354112521111132522,臑,g-nl4rnll
354112522111234,膘,g-42w
3541125221531,腰,g-4y
354112523434,脼,g-ni/\/\
354112524134132522,臑,g-nl4rnll
354112524444132522,臑,g-nl4rnll
35411254,肢,g+4
35411324,肧,grl\
354113241,胚,grl\-
35411325111,脜,g-/e
3541132522,胹,grnll
3541132522111,腼,groll2
3541132543112,腩,g+n8-+
3541134115,胯,gq--v
354113425115,腌,-4-qbv
354113444444,然,9i\q\/\\\
354113533344454,遯,\zg-e
35411353334454,遯,\zg-e
354113533344554,遯,\zg-e
354114521111132522,臑,g-nl4rnll
354114524134132522,臑,g-nl4rnll
354114524444132522,臑,g-nl4rnll
35411454454,脦,g-vi/v\\
354115112134,脻,g-c-fa
3541151534,胰,gqcv
35411525,肫,g-uv
3541152511,脂,g7b
3541154121,胵,g-dt
354121111534,脹,gl-iiiv\/
3541211213125125534,臓,ghrx\rlc2
3541211213125125543,臓,ghrx\rlc2
3541211213513125125534,臟,ghk-x\rlc2
3541211213513125125543,臟,ghk-x\rlc2
354121122511134,膜,ghbq
35412112251135345,臈,ghb9Ova
354121124,胩,gf-f
3541211241343412,膵,ghiiaa+
35412153151353334,臄,gfr7-e
35412153152512125221,臚,gfr7o+nh
3541234,条,9\m
3541243135,胱,gw-a
354124345251121,膛,gwnot
35412511121,脭,goj-
354125111234,腂,gbm
3541251112511132411121,臞,geea2f-
35412511134,脵,go-q
3541251113533,腸,gb-9O//
3541251115154,腵,glc--c4
3541251125111121,膶,ginTj-
3541251125221,腽,gbnh
3541251131121,腥,gbat
354125121132,腗,gnthD
3541251212511134,膭,gol-e8
3541251214544,腮,go+/v\\
35412512211311534,膿,gbllr2w
354125122134,腆,gbll8
35412512252514454,膼,g\znvno
3541251225251454,膼,g\znvno
35412512252514554,膼,g\znvno
3541251251,胴,gn-o
3541251251115,腭,goo--v
354125125115341,膕,goO-x\o-
354125125115431,膕,goO-x\o-
35412512512511234,臊,gooom
35412513121,脭,goj-
3541251341,胭,goOq
35412515134,脵,go-q
35412521252514454,膼,g\znvno
3541252125251454,膼,g\znvno
35412521252514554,膼,g\znvno
3541252132522,腨,glurnll
35412522135251214,臅,gnh𠣜
354125232411121,膗,glua2f-
35412534,肭,gn/\
3541255252514454,膼,g\znvno
354125525251454,膼,g\znvno
3541255252514554,膼,g\znvno
3541311222214444,膴,gah〢-/\\\
35413112523554234,繇,/\\/a+u/⿽vdw
35413112524454,遙,\z9i\a+u
3541311252454,遙,\z9i\a+u
35413112524554,遙,\z9i\a+u
3541311531153115,膬,g/-7/-7/-7
354131211,胙,galii
3541312121211,腄,g/+--h
354131212211,腄,g/+--h
35413121353121352511134,臢,g163a163ae8
3541312211211,腄,g/+--h
35413123422,脷,g/mll
3541312511121,腫,g/+o+t
3541312511354,腹,gab9\
35413211511254,膄,galalh-oiiaa2f-oll3
3541321151134,腴,gr-ca
3541321511254,膄,galalh-oiiaa2f-oll3
354132151134,腴,gr-ca
354132411121,脽,ga2f-
35413241112125125,臇,ga2f-l㇅lv
3541324111212525,臇,ga2f-l㇅lv
3541324111214444,膲,ga2f-/\\\
3541325112534,腺,g/bl3
354132511312,脾,g/b/+
3541333234,脈,gr/l/\ or r/v\/
3541333534,脈,gr/l/\ or r/v\/
35413344124,脟,g/\\/-\
35413344531,脮,g/\\/y
354133544,胍,grd\
354134112,胖,g8128
354134113455,腃,g8iiavv
35413412,肸,g8+
3541341234,脎,gxm
3541341251122,腧,ga-gll
3541341251155,腧,ga-gll
354134125122,腀,ga-nh
35413412512513434,臉,ga-ooaa
3541341254455,腧,ga-gll
3541341351122,腧,ga-gll
3541341351155,腧,ga-gll
3541341354455,腧,ga-gll
3541343123425121,膰,g/8mo+
354134333,胗,ga///
35413434121,脞,gtaa
3541343425152,腳,g8aovl
3541344,肞,gx\
35413443124,脟,g/\\/-\
35413443531,脮,g/\\/y
35413445,肣,gaiv
35413513341111251,膽,g9r84o
35413513344111251,膽,g9r84o
35413513351111251,膽,g9r84o
35413513354111251,膽,g9r84o
3541351355,脆,g9rvv
354135151,胝,grx\
354135154,胝,grx\
35413525,肫,g-uv
354135251,胊,g9Oo
3541352511,脂,g7b
35413525135,脕,g9oa
35413533251,脗,g𠯳
35413534,肷,g9a
3541353452,胸,g9Oux
3541354251,胳,g9\o
354135515,胞,g9Ovc
354135515413534,褜,g9Ovcii/w
35414125152,脝,giioz
35414125251125111,膻,giioOob-
354141323544,腋,giia9\\
354141332124,腑,g\ra-\
35414133315112234,臁,g\rhch8
35414134315112234,臁,g\rhch8
3541413434,胶,gii8x
354141343412,脺,giiaa+
3541413522115154444,臕,g\r477/\\\
3541413522115354444,臕,g\r477/\\\
3541413522115534444,臕,g\r477/\\\
3541413522135354444,臕,g\r477/\\\
3541413522153534444,臕,g\r477/\\\
35414143125114544,臆,giihb/v\\
3541414312511534,膱,giihb-x\
3541414312511543,膱,giihb-x\
354141432533543112,臍,giivi8l/v\/iil
354141432533543211,臍,giivi8l/v\/iil
3541414345252,腣,gii8nnl
3541414345252251,膪,gii8nnlo
35414143454135,膀,gii8n2p
35414143454153,膀,gii8n2p
35414153,肪,g2p
3541415334,胲,giiv/a
35414155332411121,臃,giivv/a2f-
354141554413412,膟,gii⿽vd88+
3541431112431251,膳,gh128ho
354143112,胖,g8128
3541431121431251,膳,gh128ho
3541431132,胼,g8-h
354143113455,腃,g8iiavv
3541431234,脒,g8m
3541431234354152,膦,g8m9i+v
35414325135,脱,g8oa
35414334,炙,9i\q
3541434,肞,gx\
35414433452,脳,g\\/ux
354144511234,腙,g\n2w
35414451135,脘,g\n--a
3541445121225111354,臗,g\nhea\
354144512134,腚,g\n-fa
3541445122125111354,臗,g\nhea\
354144512225111354,臗,g\nhea\
354144512332511134,臏,g\n-/l/e8
3541445211225111354,臗,g\nhea\
354144535455,腕,g\n9ivv
3541445531,胺,g\ny
3541451251112,腪,gn-v+T
354145534,脉,g\vv\/
354151111254,腱,gz\c-f
3541511112554,腱,gz\c-f
3541512115154,腵,glc--c4
35415132534,脲,gc/l3
3541521234,桀,9i+vm
35415215,肥,gvcl
3541524454,逄,\z9\+v
354152454,逄,\z9\+v
3541524554,逄,\z9\+v
3541532511,脂,g7b
35415325135,脕,g9oa
354153353341343412,臎,gcciiaa+
3541541111251,詧,9i\\v4o
35415411234,祭,9i\\v2w
354154154141343412,臎,gcciiaa+
354154251,胎,gdo
3541543341251431,膯,gv\//\-oh
35415434354,脧,gd89\
35415435354,脧,gd89\
3541544111251,詧,9i\\v4o
3541544331251431,膯,gv\//\-oh
3541545231234,腬,gdz/m
35424251,咎,9\fo
354242511,昝,9\fb
354244454,迯,\z9if
35424454,迯,\z9if
354244554,迯,\z9if
35425121,备,9\o+
354251214544,惫,9\o+/v\\
35425132411121,雒,9\oa2f-
35431325111,馗,/98-/e
354334132534,颎,7qre8
354341511534,飧,9iaicw
35434251,咎,9\fo
354342511,昝,9\fb
354344511534,飧,9iaicw
354354,多,9i9i
3543544454,迻,\z9i9i
354354454,迻,\z9i9i
3543544554,迻,\z9i9i
35441,冬,9\ii
35441251214251214,螽,9\iiodod
354413444444,然,9i\q\/\\\
35442554,服,gvl4
35443112523554234,繇,/\\/a+u/⿽vdw
35443112524454,遙,\z9i\a+u
3544311252454,遙,\z9i\a+u
35443112524554,遙,\z9i\a+u
3544334,灸,/v\q
3544341134,朕,g8-q
3544341134121,塍,g8iiat
35443411341211254444,騰,g8iiavv-T
35443411342111254444,騰,g8iiavv-T
354434113424134,滕,g𣳾
35443411342511134,賸,g8iiae8
3544341134251214,螣,g8iiaod
354434113435251214444,鰧,g8iia9u-T
3544341134531,媵,g8iiay
3544341134554234,縢,g8iia⿽vdw
35443544,朋,gg
3544354432511154444,鵬,ggniv-T
35444,冬,9\ii
35444251214251214,螽,9\iiodod
3544431134,朕,g8-q
3544431134121,塍,g8iiat
35444311341211254444,騰,g8iiavv-T
35444311342111254444,騰,g8iiavv-T
354443113424134,滕,g𣳾
35444311342511134,賸,g8iiae8
3544431134251214,螣,g8iiaod
354443113435251214444,鰧,g8iia9u-T
3544431134531,媵,g8iiay
3544431134554234,縢,g8iia⿽vdw
35444334,炙,9i\q
35444512512134,夤,9i\n-nt8
35445254,服,gvl4
3544541111251,詧,9i\\v4o
35445411234,祭,9i\\v2w
3544544111251,詧,9i\\v4o
354511223241112154,鹱,niv-ha2f-4
35451234,枭,-niv--m
3545144535,鸵,niv-\n7
3545144553,鸵,niv-\n7
3545252,岛,-niv--lu
35453,务,9\v/
354532511134,貿,/v/vie8
35453251113452,鄮,/v/vie8zl
354532511134552,鄮,/v/vie8zl
3545325121,留,/v\vio+
354532512135451,鹠,/v\vio+niv-
35453251214454,遛,\z/v\vio+
3545325121454,遛,\z/v\vio+
35453251214554,遛,\z/v\vio+
354532534,贸,/v/vie8
354535,凫,-niv--/v
3545413534,袅,-niv--ii/w
3545525111,眢,9ivve
3545525221,盌,9ivvnh
3545535451,鸳,9ivvniv-
354554544,怨,9ivv/v\\
3551,乌,/vv-
35511,刍,9⿼c-
355112,争,9c-l
3551131344444,煞,9⿼c-ax/\\\
3551132411121,雏,9⿼c-a2f-
3551135254,皱,9⿼c-rlx
355114544,急,9⿼c-/v\\
3551152,邹,9⿼c-zl
3551153254,皱,9⿼c-rlx
35511534,饯,9v-x\-
35511543,饯,9v-x\-
35511552,邹,9⿼c-zl
35512,饤,9v-l
355122111,饵,9vr3l
35512212511121,馑,9vh-oj-
355122125113134,馓,9vh-gax
355122135113134,馓,9vh-gax
3551222511134,馍,9vhbq
355123425111,馇,9vmb-
3551245521,饽,9v+nz-
3551251245251251112213534,馕,9v-olnoo-h-/w
3551251431,饾,9v-oh
35515,包,9Ovc
355152,邬,/vv-zl
3551522,刨,9Ovcll
3551525,饨,9v-uv
355153135,饶,9v/-v-a
3551552,邬,/vv-zl
35521,孕,v/z-
3552335523,芻,9Oul9Oul
35524454,迎,\z/vvl
3552454,迎,\z/vvl
35524554,迎,\z/vvl
35525111234,馃,9vbm
35525111535,馄,9vb77
35525111553,馄,9vb77
35525112522154,馒,9vbnh4
35525113535,馄,9vb77
35525115353,馄,9vb77
355251212534,馈,9vol-e8
355251214,蚀,9vod
35525252,饳,9vulu
355255452511,馉,9vnvng
355255453511,馉,9vnvng
3553115,饩,9va-v
3553121,饪,9v/+-
3553121534,饿,9v/fx\
3553121543,饿,9v/fx\
35531252,饰,9vanl
3553134,饫,9v/q
3553153,饬,9vav/
355321511254,馊,9valalh-oiiaa2f-oll3
355325251,饷,9v/no
3553354,饭,9vr4
3553411234,馀,9va-m
355341251,饸,9va-o
3553443531,馁,9v/\\/y
35535,饥,9v/v
3553525,饨,9v-uv
355352513544,馋,9v9oaii
35535321511,馅,9v9r-c
3553534,饮,9v9a
355354251,饹,9v9\o
3553545325121,馏,9v/v\vio+
35535515,饱,9v9Ovc
355413434,饺,9vii8x
355413534,饻,9vii/w
3554234,系,/⿽vdw
355425115,胤,-v
355425221,盈,v/4nh
3554252211534,戤,v/4nh-x\
3554252211543,戤,v/4nh-x\
355431132,饼,9v8-h
355435115,胤,-v
355435415,胤,-v
35544525151,馆,9v\nlcc
35544551251,馆,9v\nlcc
35551251,饲,9vv-o
355515515122134,馔,9vvcvch-8
35552252,饳,9vulu
355533,饧,9vv//
35554251,饴,9vdo
3555434354,馂,9vd89\
41111341134,凑,iiiii/\-q
41111343134,凑,iiiii/\-q
411125111212511,請,4oTj-g
411125111212521,請,4oTj-g
411125111213511,請,4oTj-g
41112511121353134,謸,4oT+-2pax
411125111213534,諘,4oTj-/w
41112511121533134,謸,4oT+-2pax
4111251112154,試,4oT-vi--
41112511122125121,講,4oT-h-nt
4111251112251,話,4oT/+o
41112511132,訮,4oT-h
41112511132534,誡,4oT-x\h
41112511132543,誡,4oT-x\h
4111251113534251,諮,4oTii9ao
4111251121,訌,4oT--
4111251121121,詿,4oTtt
4111251121124,詩,4oTt-\
411125112121,証,4oT-f2
4111251121211212112,譁,4oTh-lhii
41112511212121341213541154,讛,4oTht8t/9\iid
41112511212121341215341154,讛,4oTht8t/9\iid
41112511212121351213541154,讛,4oTht8t/9\iid
41112511212121351215341154,讛,4oTht8t/9\iid
411125112122511134,謨,4oThbq
4111251121225125132411121,讙,4oThooa2f-
411125112123241112154,護,4oTha2f-4
4111251121251,詰,4oT+-o
4111251121252212511134,讀,4oT+-nhe8
41112511212522125111344111251,讟,4oT+-nhe84o
4111251121253512511134,讀,4oT+-nhe8
41112511212535125111344111251,讟,4oT+-nhe84o
411125112132511,諸,4oT/tb
4111251121325114,諸,4oT/tb
411125112141353134,謸,4oT+-2pax
411125112141533134,謸,4oT+-2pax
41112511214544,誌,4oT+-/v\\
411125112151211251124,譸,4oT+-v---o-\
4111251122111234,謀,4oTh--m
411125112211134,諆,4oTh-8--
411125112211154,諏,4oTr3l4
41112511221122112,譁,4oTh-lhii
4111251122121341213541154,讛,4oTht8t/9\iid
4111251122121341215341154,讛,4oTht8t/9\iid
4111251122121351213541154,讛,4oTht8t/9\iid
4111251122121351215341154,讛,4oTht8t/9\iid
411125112212511121,謹,4oTh-oj-
41112511221251211154444,讌,4oTh-2l7o/\\\
41112511221251211354444,讌,4oTh-2l7o/\\\
41112511221251211534444,讌,4oTh-2l7o/\\\
4111251122125125132411121,讙,4oThooa2f-
411125112213241112154,護,4oTha2f-4
41112511222511134,謨,4oThbq
411125112225125132411121,讙,4oThooa2f-
41112511223241112154,護,4oTha2f-4
4111251122511123511,謿,4oT+b+g
4111251122511123544,謿,4oT+b+g
41112511225125112512511,讍,4oTj-oooo
411125112344,訹,4oTm\
411125112354,訹,4oTm\
4111251124,討,4oT-\
41112511245521,誖,4oT+nz-
4111251125112144544,譓,4oT-bl-\/v\\
41112511251251,語,4oT5o
41112511251251122512511,讍,4oTj-oooo
41112511331234312342121,讈,4oTr/m/mf2
4111251134115,誇,4oTq--v
411125113412,評,4oT-+8
4111251134334,詼,4oTxOq
411125113533434,諑,4oT-e\
4111251135534,誠,4oTrx\v
4111251135543,誠,4oTrx\v
411125114312,評,4oT-+8
4111251151532511,諧,4oT77/b
41112511521251,語,4oT5o
41112511523,訝,4oTv-l/
4111251152511,詣,4oT7b
411125115341534,諓,4oT-x\-x\
4111251153532511,諧,4oT77/b
411125115431543,諓,4oT-x\-x\
4111251155332511,諧,4oT77/b
4111251211212112112,譁,4oTh-lhii
41112512112121341213541154,讛,4oTht8t/9\iid
41112512112121341215341154,讛,4oTht8t/9\iid
41112512112121351213541154,讛,4oTht8t/9\iid
41112512112121351215341154,讛,4oTht8t/9\iid
411125121122511134,謨,4oThbq
4111251211225125132411121,讙,4oThooa2f-
411125121123241112154,護,4oTha2f-4
411125121531512512535121344,讞,4oTfr7-onhlq\
411125121531512512543121344,讞,4oTfr7-onhlq\
411125121531522431,譃,4oTfr7h-
4111251215315225211,譃,4oTfr7h-
411125124,訃,4oTf
411125124345251254311214444,讜,4oTwno4t4
4111251251,訊,4oTv+
411125125111234,課,4oTbm
41112512511134,誤,4oTo-q
4111251251113533,諹,4oTb-9O//
411125125112511125431234,讕,4oTinTmo8
411125125112512531,謱,4oTo-oly
4111251251212511,謂,4oTo+g
41112512512125111344454,讉,4oT\zol-e8
4111251251212511134454,讉,4oT\zol-e8
41112512512125111344554,讉,4oT\zol-e8
4111251251213511,謂,4oTo+g
4111251251213541,謂,4oTo+g
4111251251251,詷,4oTn-o
411125125125113121221113134,讝,4oToo𠪚
41112512512511351221113134,讝,4oToo𠪚
41112512512512511234,譟,4oTooom
41112512515134,誤,4oTo-q
4111251252,訕,4oTlu
41112512522112143112,譯,4oTnht8-+
41112512522112513234,譞,4oTnh--o/w
41112512522112513534,譞,4oTnh--o/w
411125125251,詗,4oTno
411125125342511,誻,4oTl3b
41112513112,許,4oTa+
41112513112251,誥,4oT163o
411125131211,詐,4oTalii
4111251312121211,諈,4oT/+--h
411125131212211,諈,4oT/+--h
41112513121251,誥,4oT163o
4111251312135,詵,4oT163a
41112513121353121352511134,讚,4oT163a163ae8
4111251312211211,諈,4oT/+--h
4111251312251,話,4oT/+o
41112513123453,誘,4oT/mv/
411125131234531,諉,4oT/my
4111251312511121,諥,4oT/+o+t
4111251314314341251,譗,4oTalala-o
41112513211511254,謏,4oTalalh-oiiaa2f-oll3
4111251321151134,諛,4oTr-ca
41112513212154,誕,4oTz\/fv
411125132121554,誕,4oTz\/fv
41112513215,訛,4oTav/
4111251321511254,謏,4oTalalh-oiiaa2f-oll3
411125132151134,諛,4oTr-ca
411125132151135,誽,4oTr-ca
4111251321554,誕,4oTz\/fv
41112513215554,誕,4oTz\/fv
4111251322,訓,4oT/ll
41112513235,訛,4oTav/
411125132411121,誰,4oTa2f-
4111251325111,詯,4oT/e
41112513251113124,謝,4oT/e/-\
41112513253,訛,4oTav/
411125132533414544,謥,4oT/oO/v\/v\\
411125132535414544,謥,4oT/oO/v\/v\\
411125133124,訴,4oTrr\
4111251331251,詬,4oTr-o
41112513344321511,謟,4oT/\\/r-c
4111251334435554444,譌,4oT/\\//vvv/\\\
4111251341121,詮,4oTaj-
4111251341251,詥,4oTa-o
411125134125122,論,4oTa-nh
41112513413425221,謚,4oTh8nh
41112513413533344454,譢,4oT\z8-e
4111251341353334454,譢,4oT\z8-e
41112513413533344554,譢,4oT\z8-e
411125134152,詅,4oTaid
4111251341525221,諡,4oT8-vnh
411125134154,詅,4oTaid
41112513425135,說,4oT8oa
4111251342524312511,譄,4oT8247
411125134333,診,4oTa///
41112513443311252,謡,4oT/\\/a+u
41112513443321511,謟,4oT/\\/r-c
4111251344335554444,譌,4oT/\\//vvv/\\\
41112513445,訡,4oTaiv
411125134454,詅,4oTaid
41112513453,訜,4oT8vi
4111251345325,詤,4oTva-
41112513454,訟,4oT8d
411125135112251,調,4oTnto
411125135121251,調,4oTnto
41112513513344111251,譫,4oT9r84o
41112513513354111251,譫,4oT9r84o
4111251351355,詭,4oT9rvv
411125135254,詖,4oTrlx
411125135321511,諂,4oT9r-c
4111251353452,詾,4oT9Oux
4111251353532511,諧,4oT77/b
41112513541311252,謠,4oT9i\a+u
41112513544311252,謠,4oT9i\a+u
411125141121,註,4oT\j-
411125141251234,諒,4oTiiow
411125141251251112213534,讓,4oTiioo-h-/w
411125141251521,諄,4oTiioz-
4111251413413333,諺,4oTii8r///
4111251413434,詨,4oTii8x
411125141345225214,謧,4oTiiuxnd
41112514134522554,謧,4oTiiuxnd
41112514135,訪,4oT2p
4111251413534251,諮,4oTii9ao
4111251414312511534,識,4oTiihb-x\
4111251414312511543,識,4oTiihb-x\
4111251414313333,諺,4oTii8r///
4111251414345252,諦,4oTii8nnl
41112514153,訪,4oT2p
4111251415325,詤,4oTva-
4111251415334,該,4oTiiv/a
4111251431112,詳,4oTh128
41112514311213121534,議,4oTht/fx\
41112514311213121543,議,4oTht/fx\
4111251431224312511,譜,4oTh4-b
41112514312252112511,譜,4oTh4-b
4111251431234,詸,4oT8m
41112514313425221,謚,4oTh8nh
41112514313533344454,譢,4oT\z8-e
4111251431353334454,譢,4oT\z8-e
41112514313533344554,譢,4oT\z8-e
4111251432524312511,譄,4oT8247
411125143344334,談,4oTqq
41112514334433454,燮,q4oq4
4111251435554444,譌,4oT/\\//vvv/\\\
411125144511234,誴,4oT\n2w
411125144512,詝,4oT\n-l
4111251445125111,諠,4oT\n-b-
4111251445315,詫,4oTin/7
41112514454,這,\z4o
4111251454,這,\z4o
411125145534,詠,4oT\vv\/
41112514554,這,\z4o
4111251511534,詪,4oTc-w
4111251512,訊,4oTv+
411125151251,詞,4oTv-o
411125151325252,誳,4oTc/ulu
411125151352252,誳,4oTc/ulu
4111251515,記,4oTv-v
4111251515515122134,譔,4oTvcvch-8
411125152,訆,4oTvl
4111251521251152,諱,4oTco+v
4111251521342511,諝,4oTvfag
4111251521343511,諝,4oTvfag
4111251521343541,諝,4oTvfag
4111251525,訑,4oTvvl
4111251532511,詣,4oT7b
411125153254,詖,4oTrlx
411125153353334333,謬,4oTcca///
411125153421215342121,譅,4oTvi\vi\f2f2
4111251534215534215,譅,4oTvi\vi\f2f2
41112515344544,認,4oTvi\/v\\
411125153453421212121,譅,4oTvi\vi\f2f2
4111251534534215215,譅,4oTvi\vi\f2f2
4111251535332511,諧,4oT77/b
411125154154134333,謬,4oTcca///
411125154251,詒,4oTdo
4111251543341251431,證,4oTv\//\-oh
4111251544331251431,證,4oTv\//\-oh
411125155122511134,謴,4oTvv+e8
411125155212511134,謴,4oTvv+e8
4111251554234554234251214,蠻,vd3T4oT⿽vdwod
41112515542345542343134,變,vd3T4oT⿽vdwax
411125155423455423434112431,鑾,vd3T4oT⿽vdwajh
4111251554444554444251214,蠻,vd3T4oT⿽vdwod
41112515544445544443134,變,vd3T4oT⿽vdwax
411125155444455444434112431,鑾,vd3T4oT⿽vdwajh
411211254444,馮,iivv-T
4112134354,凌,iit89\
4112135354,凌,iit89\
411213543534,亵,iij/9\/w
411215343534,亵,iij/9\/w
4112343454,凇,iim8d
41131251534,减,iirx\-o
41131251543,减,iirx\-o
41135422,冽,ii-9ill
4115112531,凄,ii-c+y
4115311345452134,凝,ii7aqdvfa
411551,冱,ii-vv-
412111254444,馮,iivv-T
412121,壮,iil+-
412121413534,装,iil+-ii/w
4121344,状,iilq\
4122341234,栾,ii/ll\m
412234132,弈,iiw/h
412234134,奕,iiw/q
412234251214,蛮,ii/ll\od
412234253434,脔,ii/ll\g
4122343112,挛,ii/ll\/j
41223434112431,銮,ii/ll\ajh
41223435451,鸾,ii/ll\niv-
4122344544,恋,ii/ll\/v\\
412234515,弯,ii/ll\cv
412234521,孪,ii/ll\z-
412234531,娈,ii/ll\y
41223454,变,ii/ll\4
4123344124,将,iil9i-\
4123443124,将,iil9i-\
4123541234,桨,iil9im
412354124,将,iil9i-\
412354124251214,螀,iil9i-\od
4123541253511,酱,iil9i-4-
412354134,奖,iil9iq
4123542534,浆,iil9il3
4124,卞,iif
41251112343534,裹,ii/wbm
4125113534,衰,ii/wo-
412512,冲,iiol
4125121,亩,iio+
41251234,京,iiow
412512341354,就,iiowk\
41251234135432511154444,鷲,iiowk\niv-T
41251234135435451,鹫,iiowk\niv-
4125123534,衷,ii/wol
41251251112213534,襄,iioo-h-/w
4125125111221353433544,瓤,iioo-h-/wrd\
4125125251,高,iiono
41251252512154,敲,iionof4
41251252512511,膏,iionog
41251252512512512511234,髞,iionoooom
41251252513511,膏,iionog
41251252513541,膏,iionog
412512525152,鄗,iionozl
4125125251552,鄗,iionozl
4125135,况,iioa
412513534,哀,iio/w
412514512,亭,iion-l
41251451353334,豪,iion-e
41251452512511,膏,iionog
41251452513511,膏,iionog
41251452513541,膏,iionog
41251453115,毫,iion/-7
4125145315,亳,iion/7
412514535,亮,iion/v
4125152,亨,iioz
41251521,享,iioz-
412515213134,敦,iioz-ax
4125152131344544,憝,iioz-ax/v\\
41251521354,孰,iioz-/9\
41251521354121,塾,iioz-/9\t
412515213544444,熟,iioz-/9\/\\\
4125152135451,鹑,iioz-niv-
4125152152,郭,iioz-zl
41251521534,孰,iioz-/9\
41251521534121,塾,iioz-/9\t
412515215344444,熟,iioz-/9\/\\\
4125152153534,裛,ii/wov2v
41251521552,郭,iioz-zl
41251524444,烹,iioz/\\\
41252,市,\-ni
4125221211113534,褱,𰁞/w
4125221241343534,褱,𰁞/w
4125251111234,禀,iioOo2w
4125251125111132511134,顫,iioOob-re8
4125251125111132534,颤,iioOob-re8
412525112511132511154444,鸇,iioOob-niv-T
412525112511135451,鹯,iioOob-niv-
41252511251114454,邅,\ziioOob-
4125251125111454,邅,\ziioOob-
41252511251114554,邅,\ziioOob-
4125251131234,稟,iioOo/m
412531,妆,iily
412534,冰,iil3
413,广,\r
4131121353134,廒,\r+-2pax
4131121533134,廒,\r+-2pax
41311343534,袠,ii/w/iia
4131135,庑,\r-k
413121,庄,\rt
41312135,冼,ii163a
41312141353134,廒,\r+-2pax
41312141533134,廒,\r+-2pax
41312211251213452,鄺,\rh--nt8zl
413122112512134552,鄺,\rh--nt8zl
41312212511121,廑,\rh-oj-
4131221251213452,鄺,\rh--nt8zl
41312212512134552,鄺,\rh--nt8zl
4131221252,席,\rh-nl
41312214444,庶,\rh-/\\\
4131221444435451,鹧,\rh-/\\\niv-
413122144444454,遮,\z\rh-/\\\
41312214444454,遮,\z\rh-/\\\
413122144444554,遮,\z\rh-/\\\
41312215134,庹,\rh-c/\
413122154,度,\rh-4
4131234,床,\rm
41312341234,麻,\rmm
4131234123413251,磨,\rmmro
4131234123421112111,靡,\rmm3ll3
41312341234251251,麿,\rmmoo
413123412342513251,麿,\rmmoo
4131234123431112111,靡,\rmm3ll3
413123412343115,麾,\rmm/-7
4131234123431234,穈,\rmm/m
41312341234325113554,魔,\rmm/o+ad
413123412343251213554,魔,\rmm/o+ad
41312341234354,麽,\rmm/d
41312341234431234,糜,\rmm8m
41312341234554,麼,\rmm⿽vd
41312341234554234,縻,\rmm⿽vdw
41312351235,麻,\rmm
4131235123513251,磨,\rmmro
4131235123521112111,靡,\rmm3ll3
41312351235251251,麿,\rmmoo
413123512352513251,麿,\rmmoo
4131235123531112111,靡,\rmm3ll3
413123512353115,麾,\rmm/-7
4131235123531234,穈,\rmm/m
41312351235325113554,魔,\rmm/o+ad
413123512353251213554,魔,\rmm/o+ad
41312351235354,麽,\rmm/d
41312351235431234,糜,\rmm8m
41312351235554,麼,\rmm⿽vd
41312351235554234,縻,\rmm⿽vdw
4131254,庋,\r+4
41313425115,庵,\rqbv
41313534,庞,\rk2
41315,庀,\r7
4131512,库,\r-v+
4131513,庐,\r\c/
4131515,庇,\r77
4131535,庇,\r77
4131553,庇,\r77
413211251213534,褏,ii/w/l--nt
413211312343534,褎,ii/w/l--/m
4132115113534,裒,ii/wr2c
41321251,店,\rfo
413215113534,裒,ii/wr2c
413225112343534,褒,ii/waom
413234,亦,iiw/
4132341234,栾,ii/ll\m
413234132,弈,iiw/h
413234134,奕,iiw/q
413234251214,蛮,ii/ll\od
413234253434,脔,ii/ll\g
4132343112,挛,ii/ll\/j
41323434112431,銮,ii/ll\ajh
41323435451,鸾,ii/ll\niv-
4132344454,迹,\ziiw/
413234454,迹,\ziiw/
4132344544,恋,ii/ll\/v\\
4132344554,迹,\ziiw/
413234515,弯,ii/ll\cv
413234521,孪,ii/ll\z-
413234531,娈,ii/ll\y
41323454,变,ii/ll\4
41323544,夜,iia9\\
4132411121,准,iia2f-
413251112134121,廛,\ro+t8t
41325111213412152,鄽,\ro+t8tzl
413251112134121552,鄽,\ro+t8tzl
413251112135121,廛,\ro+t8t
41325111213512152,鄽,\ro+t8tzl
413251112135121552,鄽,\ro+t8tzl
41325121,庙,\rnt
413312154,庭,\rz\/t
4133121554,庭,\rz\/t
413321151134,庾,\rr-ca
413321234,庥,\ram
41332124,府,\ra-\
41332124253434,腐,\ra-\g
41332151134,庾,\rr-ca
41332324111212511,膺,\raa2f-g
413323241112132511154444,鷹,\raa2f-niv-T
41332324111213511,膺,\raa2f-g
41332324111213541,膺,\raa2f-g
413323241112135451,鹰,\raa2f-niv-
41332511312,庳,\r/b/+
4133315112234,廉,\rhch8
4133351,庐,\r\c/
4133434121,座,\rtaa
41335,庀,\r7
41335151,底,\rrx\
41335154,底,\rrx\
4133535,庇,\r77
4133535112533112,廨,\r9ntvia+
4133535121533112,廨,\r9ntvia+
41335515,庖,\r9Ovc
413411112534544,瘛,\r2iiilvi/v\\
41341112141341121,癍,\r2j-iixj-
41341121124,痔,\r2t-\
4134112121,症,\r2-f2
413411212154,斌,iix⿽-vi-f2
4134112121542511134,贇,iix⿽-vi-f2e8
4134112121542534,赟,iix⿽-vi-f2e8
4134112122511134,瘼,\r2hbq
413411212341251,瘩,\r2ha-o
413411214544,痣,\r2+-/v\\
41341121554,斌,iix⿽-vi-f2
413411215542511134,贇,iix⿽-vi-f2e8
413411215542534,赟,iix⿽-vi-f2e8
4134112211,疳,\r2h--
41341122112512134,癀,\r2h-nt8
4134112212512134,癀,\r2h-nt8
413411222511134,瘼,\r2hbq
41341122341251,瘩,\r2ha-o
41341122431,痖,\r2-4-
413411224553,痨,\r2hnv/
413411225111134132534,癫,\r2+n-iii8re8
4134112512,疴,\r2-lo
41341125123422,瘌,\r2moll
413411251234352534,癞,\r2mo9e8
413411251251,痦,\r25o
413411251431,痘,\r2-oh
4134112534,病,\r2-na
413411324251,痞,\r2rl\o
413411325111134132534,癫,\r2+n-iii8re8
41341135,疠,\r2rv
413411353,疬,\r2rv/
41341143134121,瘗,\r2qht
41341151,疟,\r2⿾c-
41341151534,痍,\r2qcv
413411521251,痦,\r25o
41341153,疠,\r2rv
4134121112111,痱,\r23ll3
4134121122511134,瘼,\r2hbq
413412112341251,瘩,\r2ha-o
41341212115,疵,\r2f27
41341212135,疵,\r2f27
41341212153,疵,\r2f27
4134121515,疵,\r2f27
4134121535,疵,\r2f27
4134121553,疵,\r2f27
413412451234,痫,\r2inm
41341251112511132411121,癯,\r2eea2f-
41341251115154,瘕,\r2lc--c4
41341251125221,瘟,\r2bnh
4134125121132,痹,\r2o+hD
4134125121554234,瘰,\r2o+⿽vdw
4134125122511,痼,\r2oO+o
41341251251251252,癌,\r2ooolu
4134125152152,廓,\riioz-zl
41341251521552,廓,\riioz-zl
41341252,疝,\r2lu
4134125251111234,廪,\riioOo2w
413412534125221,瘟,\r2bnh
4134125342534531,瘿,\r2e8e8y
4134131112111,痱,\r23ll3
413413112534544,瘛,\r2iiilvi/v\\
4134131134,疾,\r2aq
4134131134251,痴,\r2aqo
4134131211,痄,\r2alii
413413123422,痢,\r2/mll
4134131234531,痿,\r2/my
41341315,疙,\r2a9
413413211511254,瘦,\r2alalh-oiiaa2f-oll3
41341321151134,瘐,\r2r-ca
41341321511254,瘦,\r2alalh-oiiaa2f-oll3
4134132151134,瘐,\r2r-ca
413413251113455,瘪,\r2/ea7
41341325131134,瘊,\r2av-aq
4134132522,斋,iixrnll
413413332534544,瘛,\r2iiilvi/v\\
413413333132511134,顏,iixr///re8
413413354143554,瘢,\r2231ii9x
413413354413554,瘢,\r2231ii9x
41341341121,痊,\r2aj-
413413432,疥,\r2a/l
4134134333,疹,\r2a///
413413434121,痤,\r2taa
413413455,疮,\r2avv
4134135112,痈,\r2n128
4134135251211431112,癣,\r29u-h128
413413525134,痪,\r29nq
4134135254,疲,\r2rlx
413413535225121,瘤,\r2/v\vio+
4134135415411234,瘵,\r29i\\v2w
4134135441,疼,\r29\ii
4134135444,疼,\r29\ii
4134135445411234,瘵,\r29i\\v2w
413413545325121,瘤,\r2/v\vio+
4134135515,疱,\r29Ovc
4134141121,疰,\r2\j-
4134141343412,瘁,\r2iiaa+
4134141353144,瘀,\r22paii
4134141353444,瘀,\r22paii
4134141431251112,瘴,\r2iihb+
413414143125114544,癔,\r2iihb/v\\
4134141533144,瘀,\r22paii
4134141533444,瘀,\r22paii
4134141554,痃,\r2ii⿽vd
413414251234,痫,\r2inm
41341431112,痒,\r2h128
41341431113121,瘥,\r2ht/--
413414311213121,瘥,\r2ht/--
41341431234531,瘘,\r28my
4134143251112,瘅,\r28b+
4134143344334,痰,\r2qq
413414412343,痧,\r2iiil8 or /l\/
41341512115154,瘕,\r2lc--c4
413415132514143112,癖,\r2c/oiih+
413415215,疤,\r2vcl
4134152354131121,癃,\r2zl9\-at
4134152355114544,瘾,\r2zl9⿼c-/v\\
4134153251,痂,\r2v/o
4134153251253434,瘸,\r2𦙲 or \r2v/og
4134153254,疲,\r2rlx
41341533,疡,\r2v//
4134153353334333,瘳,\r2cca///
4134154,冷,iiaid
4134154121,痉,\r2v\--
4134154154134333,瘳,\r2cca///
413415425112,痛,\r2dn128
413415432411121,瘫,\r24a2f-
41341544251214,瘙,\r2\4\od
413415444251214,瘙,\r2\4\od
41341552354131121,癃,\r2zl9\-at
41341552355114544,瘾,\r2zl9⿼c-/v\\
413422,刘,iixll
4134245125431234,斓,iixinmo8
4134251,吝,iixo
4134251214251134,螤,iixodba
4134251214251214,螡,iixodod
413431112,庠,\rh128
4134315112234,廉,\rhch8
413432,齐,iix/l
413432111211112,齑,iix/l3ll3-
413432211121111,齑,iix/l3ll3-
41343222,剂,iix/lll
413434,交,ii8x
41343412,卒,iiaa+
413434123432411121,雜,𰗣a2f-
4134343134,效,ii8xax
41343432511154444,鵁,ii8xniv-T
41343435451,䴔,ii8xniv-
41343452,郊,ii8xzl
413434552,郊,ii8xzl
4134425125431234,斓,iixinmo8
4134431,应,\r\\/-
413451153452,廊,\r\c-wzl
4134511534552,廊,\r\c-wzl
41345115452,廊,\r\c-wzl
413451154552,廊,\r\c-wzl
4134513,庐,\r\c/
41345225214,离,iiuxnd
4134522521432411121,離,iiuxnda2f-
4134522554,离,iiuxnd
413452255432411121,離,iiuxnda2f-
41345435,兖,ii8da
4134543534,衮,ii/w8d
4134554234,紊,iix⿽vdw
41351124134,康,\rc-l3
41351125112,庸,\r𬎾
4135112511252,鄘,\r𬎾zl
41351125112552,鄘,\r𬎾zl
41351134,庚,\rcq
413511342511134,賡,\rcqe8
413511342534,赓,\rcqe8
4135113432511154444,鶊,\rcqniv-T
4135113435451,鹒,\rcqniv-
41351135112,庸,\r𬎾
4135113511252,鄘,\r𬎾zl
41351135112552,鄘,\r𬎾zl
4135121251,凋,iinto
41351251213534,褏,ii/w/l--nt
41351312343534,褎,ii/w/l--/m
4135132534,颃,ii/vre8
41352,邝,\rzl
4135221151512211134,麒,\r477h-8--
413522115151252211234,麜,\r477-4m
413522115151311534,麎,\r477r2w
4135221151515,麀,\r4777
4135221151525111,麆,\r477g-
41352211515251115154,麚,\r477lc--c4
4135221151525125113121221113134,麣,\r477oo𠪚
413522115152512511351221113134,麣,\r477oo𠪚
4135221151525312341,麕,\r477oO/m
4135221151531234,麇,\r477/m
4135221151532151135,麑,\r477r-ca
413522115153251113124,麝,\r477/e/-\
4135221151534112431,鏖,\r477ajh
4135221151535,麂,\r477/v
4135221151535515,麅,\r4779Ovc
4135221151541121,麈,\r477\j-
4135221151541251234,麖,\r477iiow
413522115154134251,麐,\r477iixo
413522115154135221151541352211515,麤,\r477\r477\r477
4135221151541431251112,麞,\r477iihb+
4135221151541432533543112,麡,\r477iivi8l/v\/iil
4135221151541432533543211,麡,\r477iivi8l/v\/iil
41352211515431234,麋,\r4778m
41352211515431234354152,麟,\r4778m9i+v
413522115154444,麃,\r477/\\\
413522115155113251,麏,\r477cxOo
41352211515512115154,麚,\r477lc--c4
4135221151552,鄜,\r477zl
41352211515552,鄜,\r477zl
4135221153512211134,麒,\r477h-8--
413522115351252211234,麜,\r477-4m
413522115351311534,麎,\r477r2w
4135221153525111,麆,\r477g-
41352211535251115154,麚,\r477lc--c4
4135221153525125113121221113134,麣,\r477oo𠪚
413522115352512511351221113134,麣,\r477oo𠪚
4135221153525312341,麕,\r477oO/m
4135221153531234,麇,\r477/m
4135221153532151135,麑,\r477r-ca
413522115353251113124,麝,\r477/e/-\
4135221153534112431,鏖,\r477ajh
4135221153535515,麅,\r4779Ovc
4135221153541121,麈,\r477\j-
4135221153541251234,麖,\r477iiow
413522115354134251,麐,\r477iixo
413522115354135221153541352211535,麤,\r477\r477\r477
4135221153541431251112,麞,\r477iihb+
4135221153541432533543112,麡,\r477iivi8l/v\/iil
4135221153541432533543211,麡,\r477iivi8l/v\/iil
41352211535431234,麋,\r4778m
41352211535431234354152,麟,\r4778m9i+v
413522115354444,麃,\r477/\\\
413522115355113251,麏,\r477cxOo
41352211535512115154,麚,\r477lc--c4
4135221153552,鄜,\r477zl
41352211535552,鄜,\r477zl
4135221155312211134,麒,\r477h-8--
413522115531252211234,麜,\r477-4m
413522115531311534,麎,\r477r2w
4135221155325111,麆,\r477g-
41352211553251115154,麚,\r477lc--c4
4135221155325125113121221113134,麣,\r477oo𠪚
413522115532512511351221113134,麣,\r477oo𠪚
4135221155325312341,麕,\r477oO/m
4135221155331234,麇,\r477/m
4135221155332151135,麑,\r477r-ca
413522115533251113124,麝,\r477/e/-\
4135221155334112431,鏖,\r477ajh
4135221155335,麂,\r477/v
4135221155335515,麅,\r4779Ovc
4135221155341121,麈,\r477\j-
4135221155341251234,麖,\r477iiow
413522115534134251,麐,\r477iixo
413522115534135221155341352211553,麤,\r477\r477\r477
4135221155341431251112,麞,\r477iihb+
4135221155341432533543112,麡,\r477iivi8l/v\/iil
4135221155341432533543211,麡,\r477iivi8l/v\/iil
41352211553431234,麋,\r4778m
41352211553431234354152,麟,\r4778m9i+v
413522115534444,麃,\r477/\\\
413522115535113251,麏,\r477cxOo
41352211553512115154,麚,\r477lc--c4
4135221155352,鄜,\r477zl
4135221155353,麀,\r4777
41352211553552,鄜,\r477zl
4135221353512211134,麒,\r477h-8--
413522135351252211234,麜,\r477-4m
413522135351311534,麎,\r477r2w
4135221353525111,麆,\r477g-
41352213535251115154,麚,\r477lc--c4
4135221353525125113121221113134,麣,\r477oo𠪚
413522135352512511351221113134,麣,\r477oo𠪚
4135221353525312341,麕,\r477oO/m
4135221353531234,麇,\r477/m
4135221353532151135,麑,\r477r-ca
413522135353251113124,麝,\r477/e/-\
4135221353534112431,鏖,\r477ajh
4135221353535515,麅,\r4779Ovc
4135221353541121,麈,\r477\j-
4135221353541251234,麖,\r477iiow
413522135354134251,麐,\r477iixo
413522135354135221353541352213535,麤,\r477\r477\r477
4135221353541431251112,麞,\r477iihb+
4135221353541432533543112,麡,\r477iivi8l/v\/iil
4135221353541432533543211,麡,\r477iivi8l/v\/iil
41352213535431234,麋,\r4778m
41352213535431234354152,麟,\r4778m9i+v
413522135354444,麃,\r477/\\\
413522135355113251,麏,\r477cxOo
41352213535512115154,麚,\r477lc--c4
4135221353552,鄜,\r477zl
41352213535552,鄜,\r477zl
4135221535312211134,麒,\r477h-8--
413522153531252211234,麜,\r477-4m
413522153531311534,麎,\r477r2w
4135221535325111,麆,\r477g-
41352215353251115154,麚,\r477lc--c4
4135221535325125113121221113134,麣,\r477oo𠪚
413522153532512511351221113134,麣,\r477oo𠪚
4135221535325312341,麕,\r477oO/m
4135221535331234,麇,\r477/m
4135221535332151135,麑,\r477r-ca
413522153533251113124,麝,\r477/e/-\
4135221535334112431,鏖,\r477ajh
4135221535335,麂,\r477/v
4135221535335515,麅,\r4779Ovc
4135221535341121,麈,\r477\j-
4135221535341251234,麖,\r477iiow
413522153534134251,麐,\r477iixo
413522153534135221535341352215353,麤,\r477\r477\r477
4135221535341431251112,麞,\r477iihb+
4135221535341432533543112,麡,\r477iivi8l/v\/iil
4135221535341432533543211,麡,\r477iivi8l/v\/iil
41352215353431234,麋,\r4778m
41352215353431234354152,麟,\r4778m9i+v
413522153534444,麃,\r477/\\\
413522153535113251,麏,\r477cxOo
41352215353512115154,麚,\r477lc--c4
4135221535352,鄜,\r477zl
4135221535353,麀,\r4777
41352215353552,鄜,\r477zl
41353,庀,\r7
41353112211134,旗,2pah-8--
4135311252,旆,2pa-nl
41353113412512,旖,2paq-lo
4135311345452134,凝,ii7aqdvfa
413531154325,旒,2paii228
41353131121,旌,2paat
41353131134,族,2paaq
4135313113432511154444,鷟,2paaqniv-T
4135313115,旄,2pa/-7
4135313234,旅,2pa/v\/
41353132342511,膂,o/o
41353132343511,膂,o/o
41353132343541,膂,o/o
41353134,放,2pax
4135313534,旅,2pa/v\/
41353135342511,膂,o/o
41353135343511,膂,o/o
41353135343541,膂,o/o
4135313541,旃,2panii
4135314154325,旒,2paii228
41353144,於,2paii
41353151315,旎,2pac/7
41353151335,旎,2pac/7
41353151353,旎,2pac/7
41353152134,旋,2pavfa
4135315214454,遊,\z2paz-
413531521454,遊,\z2paz-
4135315214554,遊,\z2paz-
413531525,施,2pavvl
41353353334333,廖,\rcca///
41353412154,瓷,ii9a-vv\
4135341554,瓷,ii9a-vv\
413534251,咨,ii9ao
4135342511134,資,ii9ae8
41353425221,盗,ii9anh
4135342534,资,ii9ae8
41353431234,秶,ii9a/m
413534341511534,餈,ii9aaicw
413534344511534,餈,ii9aaicw
413534431234,粢,ii9a8m
41353444,於,2paii
4135344544,恣,ii9a/v\\
413534531,姿,ii9ay
4135353,庇,\r77
41353544,废,\rv/4\
41354154134333,廖,\rcca///
4135452,序,\rdz
41355112,净,ii9c-l
41355153534,袌,ii/w9Ovc
4141251234,凉,iiiiow
414125251111234,凛,iiiioOo2w
41431,立,iih
4143111212511,靖,iihj-g
4143111212521,靖,iihj-g
4143111213511,靖,iihj-g
414311234,亲,iihm
4143112342511135,親,iihmea
4143112343312,新,iihmrr
414311251234,竦,iihmo
414311311112514143112,辯,iih+4oTiih+
41431131251234,辣,iih+mo
4143113335444143112,瓣,iih+rd\iih+
414311341112514143112,辯,iih+4oTiih+
4143113434143112,辨,iih+//iih+
4143113454143112,辩,iih+4oiih+
414311354,竑,iihxOd
41431135514143112,辫,iih+vd3iih+
4143121251,站,iihfo
414312511,音,iihb
41431251112,章,iihb+
414312511121225134,韺,iihbhnq
41431251112225134,韺,iihbhnq
41431251112333,彰,iihb+///
414312511123541212534,赣,iihb+9\--e8
4143125111235412125344544,戆,iihb+9\--e8/v\\
41431251112354152354,竷,iihb+9\+v9\
41431251112552,鄣,iihb+zl
414312511151511111234,龒,k2T2w
41431251115151111134,龑,k2T-q
41431251115151111211254444,驡,k2Tvv-T
4143125111515111122111,聾,k2Tr3l
4143125111515111122134,龔,k2Th-8
414312511151511113251,礱,k2Tro
41431251115151112111254444,驡,k2Tvv-T
4143125111515111251214,蠪,k2Tod
4143125111515111413534,襲,k2Tii/w
414312511211225134,韺,iihbhnq
4143125112154,瓿,iiho-vv\
4143125112512511134,韻,iihboe8
41431251125252,韷,iihbulu
41431251132511154444,鶕,iihbniv-T
41431251135,竟,iihba
4143125113511,韵,iihb9Oii
4143125113534,歆,iihb9a
41431251135345,竭,iihb9Ova
4143125113541,韵,iihb9Oii
41431251135411124454,韼,iihb\z9\iiil
4143125113541112454,韼,iihb\z9\iiil
41431251135411124554,韼,iihb\z9\iiil
4143125113541431251135,竸,iihbaiihba
4143125114544,意,iihb/v\\
41431251152252,韷,iihbulu
41431251153251,韶,iihbvio
414312511554,瓿,iiho-vv\
414312512,竒,ii8-lo
4143125122,剖,iiholl
4143125135,竞,iihoa
41431251354143125135,競,iihoaiihoa
4143125152,部,iihozl
41431251552,部,iihozl
41431252132522,端,iihlurnll
414313,产,ii8r
41431312,竏,iih/+
414313333,彦,ii8r///
414313333132511134,顔,ii8r///re8
414313333132534,颜,ii8r///re8
4143135,竌,iih/v
414313511151511111234,龒,k2T2w
41431351115151111134,龑,k2T-q
41431351115151111211254444,驡,k2Tvv-T
4143135111515111122111,聾,k2Tr3l
4143135111515111122134,龔,k2Th-8
414313511151511113251,礱,k2Tro
41431351115151112111254444,驡,k2Tvv-T
4143135111515111251214,蠪,k2Tod
4143135111515111413534,襲,k2Tii/w
414313533343554,毅,iihe9x
414313534,飒,iih/vx
414313541151511111234,龒,k2T2w
41431354115151111134,龑,k2T-q
41431354115151111211254444,驡,k2Tvv-T
4143135411515111122111,聾,k2Tr3l
4143135411515111122134,龔,k2Th-8
414313541151511113251,礱,k2Tro
41431354115151112111254444,驡,k2Tvv-T
4143135411515111251214,蠪,k2Tod
4143135411515111413534,襲,k2Tii/w
4143141431,竝,iihiih
4143144512,竚,iih\n-l
41431531,妾,iihy
41431533533,翊,iihcc
41431541541,翊,iihcc
414315431134,竢,iihdaq
414315434354,竣,iihd89\
414315435354,竣,iihd89\
414325122514454,適,\zii8n+o
41432512251454,適,\zii8n+o
414325122514554,適,\zii8n+o
4143253354211121111,韲,iivi8l/v\3ll3-
41432533543112,齊,iivi8l/v\/iil
41432533543112111211112,齏,iivi8l/v\/iil3ll3-
41432533543112342,齋,iivi8l/v\/iilw
41432533543211,齊,iivi8l/v\/iil
41432533543211211121111,齏,iivi8l/v\/iil3ll3-
41432533543211234,齋,iivi8l/v\/iilw
414345252,帝,ii8nnl
414345252251,啻,ii8nnlo
4143452524454,遆,\zii8nnl
414345252454,遆,\zii8nnl
4143452524554,遆,\zii8nnl
4143454135,旁,ii8n2p
4143454153,旁,ii8n2p
415,亡,iiv
415134,决,iivq
4152511,肓,iivg
41525111,盲,iive
41525112112544443511254,驘,iivogvv-T/v\
41525112112544443511354,驘,iivogvv-T/v\
41525112112544443541254,驘,iivogvv-T/v\
41525112112544443541354,驘,iivogvv-T/v\
41525121112544443511254,驘,iivogvv-T/v\
41525121112544443511354,驘,iivogvv-T/v\
41525121112544443541254,驘,iivogvv-T/v\
41525121112544443541354,驘,iivogvv-T/v\
41525125111343511254,贏,iivog/v\e8
41525125111343511354,贏,iivog/v\e8
41525125111343541254,贏,iivog/v\e8
41525125111343541354,贏,iivog/v\e8
4152512512143511254,蠃,iivogod/v\
4152512512143511354,蠃,iivogod/v\
4152512512143541254,蠃,iivogod/v\
4152512512143541354,蠃,iivogod/v\
41525125343511354,赢,iivoge8/v\
415251325111544443511254,鸁,iivogniv-T/v\
415251325111544443511354,鸁,iivogniv-T/v\
415251325111544443541254,鸁,iivogniv-T/v\
415251325111544443541354,鸁,iivogniv-T/v\
4152514311123511254,羸,iivogh128/v\
4152514311123511354,羸,iivogh128/v\
4152514311123541254,羸,iivogh128/v\
4152514311123541354,羸,iivogh128/v\
4152515313511254,嬴,iivog/v\y
4152515313511354,嬴,iivog/v\y
4152515313541254,嬴,iivog/v\y
4152515313541354,嬴,iivog/v\y
41533112211134,旗,2pah-8--
4153311252,旆,2pa-nl
41533113412512,旖,2paq-lo
4153311345452134,凝,ii7aqdvfa
415331154325,旒,2paii228
41533131121,旌,2paat
41533131134,族,2paaq
4153313113432511154444,鷟,2paaqniv-T
4153313115,旄,2pa/-7
4153313234,旅,2pa/v\/
41533132342511,膂,o/o
41533132343511,膂,o/o
41533132343541,膂,o/o
41533134,放,2pax
4153313534,旅,2pa/v\/
41533135342511,膂,o/o
41533135343511,膂,o/o
41533135343541,膂,o/o
4153313541,旃,2panii
4153314154325,旒,2paii228
41533144,於,2paii
41533151315,旎,2pac/7
41533151335,旎,2pac/7
41533151353,旎,2pac/7
41533152134,旋,2pavfa
4153315214454,遊,\z2paz-
415331521454,遊,\z2paz-
4153315214554,遊,\z2paz-
415331525,施,2pavvl
415334132534,颏,iiv/are8
41533422,刻,iiv/all
41533444,於,2paii
41533453,劾,iiv/av/
4153511,肓,iivg
41535111121,望,iivgj-
41535113121,望,iivgj-
415352,邡,2pzl
4153541,肓,iivg
41535441121,望,iivgj-
41535443121,望,iivgj-
4153552,邡,2pzl
4154132,弃,-dh
4154251,冶,iido
41542511,育,iidg
41542513534,袬,ii/wdo
415435,充,-da
41543511,育,iidg
41543541,育,iidg
41545233534,袤,ii/wdz/
4154544,忘,iiv/v\\
41551,冯,iivv-
41551515,氓,iivvc-v
41552,邙,iivzl
415531,妄,iivy
4155332411121,雍,iivv/a2f-
4155332411121121,壅,iivv/a2f-t
4155332411121311252,罋,iivv/a2f-a+u
4155332411121341511534,饔,iivv/a2f-aicw
4155332411121344511534,饔,iivv/a2f-aicw
41554,玄,ii⿽vd
4155425121,畜,ii⿽vdo+
41554413412,率,ii⿽vd88+
415552,邙,iivzl
42411212511,情,/v\\j-g
42411212521,情,/v\\j-g
42411213511,情,/v\\j-g
4241121554234,愫,/v\\j-⿽vdw
424112251,恬,/v\\/+o
42411431345,惬,/v\\cOqh
424115453,恸,/v\\iidv/
424121124,恃,/v\\t-\
42412121,怔,/v\\-f2
424121222534,愤,/v\\+he8
4241212252214525111,懵,/v\\hnhne
4241212312511121,懂,/v\\h/+o+t
4241212415325,慌,/v\\hiiv-
42412143112,悻,/v\\t8-+
42412154,怯,/v\\td
4241221115454,慑,/v\\r3l44
42412212511,惜,/v\\h-b
4241221252214525111,懵,/v\\hnhne
424122252214525111,懵,/v\\hnhne
424122312511121,懂,/v\\h/+o+t
424122415325,慌,/v\\hiiv-
42412251,怙,/v\\+o
4241225111134,慎,/v\\+n-iii8
4241234123452134,憷,/v\\mmvfa
42412344,怵,/v\\+a\
42412354,怵,/v\\+a\
424124,忖,/v\\-\
4241245521,悖,/v\\+nz-
424125111,恒,/v\\-b-
4241251234,悚,/v\\mo
4241251234352534,懒,/v\\mo9e8
4241251251,悟,/v\\5o
42412521111132522,懦,/v\\-nl4rnll
42412524134132522,懦,/v\\-nl4rnll
42412524444132522,懦,/v\\-nl4rnll
4241254,忮,/v\\+4
424131212511,惰,/v\\xO--g
424131213511,惰,/v\\xO--g
424131213541,惰,/v\\xO--g
4241312514544534,憾,/v\\rx\-o/v\\
4241312514544543,憾,/v\\rx\-o/v\\
4241312515344544,憾,/v\\rx\-o/v\\
4241312515434544,憾,/v\\rx\-o/v\\
424131344,恹,/v\\rq\
4241324,怀,/v\\rl\
4241325111134,慎,/v\\+n-iii8
42413252,怖,/v\\xOnl
424134334,恢,/v\\xOq
4241345,怄,/v\\cOx
42414312,怦,/v\\-+8
42414521111132522,懦,/v\\-nl4rnll
42414524134132522,懦,/v\\-nl4rnll
42414524444132522,懦,/v\\-nl4rnll
42415123312,惭,/v\\-v+rr
4241521251,悟,/v\\5o
42415213312,惭,/v\\-v+rr
42421112111,悱,/v\\3ll3
4242112252214525111,懵,/v\\hnhne
4242112312511121,懂,/v\\h/+o+t
4242112415325,慌,/v\\hiiv-
42421251112,悼,/v\\fb+
4242254121,悭,/v\\ll4t
4242342511,悄,/v\\wg
42423425251,惝,/v\\wno
4242343511,悄,/v\\wg
4242343541,悄,/v\\wg
424243135,恍,/v\\w-a
4242432511,悄,/v\\wg
42424325251,惝,/v\\wno
4242433511,悄,/v\\wg
4242433541,悄,/v\\wg
4242454134,悯,/v\\iniix
4242511112,悍,/v\\b-+
42425111134,惧,/v\\n-iii8
424251125221,愠,/v\\bnh
42425112522154,慢,/v\\bnh4
424251131121,惺,/v\\bat
42425113533,惕,/v\\b9O//
424251141251234,憬,/v\\biiow
4242512,忡,/v\\ol
424251212534,愦,/v\\ol-e8
4242512341,悃,/v\\oOm
424251251,恫,/v\\n-o
424251251115,愕,/v\\oo--v
4242515215,悒,/v\\ov2v
424252132522,惴,/v\\lurnll
424252214135,愣,/v\\nh2p
424252214153,愣,/v\\nh2p
424252515,恺,/v\\luv-v
424253422,恻,/v\\e8ll
42425431415,惘,/v\\nhiiv
42431112111,悱,/v\\3ll3
4243112,忤,/v\\a+
42431121,性,/v\\at
4243115,忾,/v\\a-v
424312,忏,/v\\/+
42431211,怍,/v\\alii
424312251,恬,/v\\/+o
424312344334,愀,/v\\/mq
42431234521,悸,/v\\/mz-
424312511354,愎,/v\\ab9\
4243154,怅,/v\\v-\/ or v-/\
4243155414,悔,/v\\avv3
4243155441,悔,/v\\avv3
42432411121,惟,/v\\a2f-
424324111214444,憔,/v\\a2f-/\\\
42432511,怕,/v\\/b
42432511111535,慨,/v\\v⿼c-\rvv
424325111121,惶,/v\\/bj-
42432511151535,慨,/v\\v⿼c-\rvv
42432511351535,慨,/v\\v⿼c-\rvv
424325113554,愧,/v\\/o+ad
42432511531535,慨,/v\\v⿼c-\rvv
4243251213554,愧,/v\\/o+ad
424325221,恤,/v\\/nh
4243253431234134,懊,/v\\/n/8mq
424325431234134,懊,/v\\/n/8mq
4243312,忻,/v\\rr
4243315112234,慊,/v\\hch8
424341251,恰,/v\\a-o
424341251122,愉,/v\\a-gll
424341251155,愉,/v\\a-gll
424341254455,愉,/v\\a-gll
424341351122,愉,/v\\a-gll
424341351155,愉,/v\\a-gll
424341354455,愉,/v\\a-gll
42434152,怜,/v\\aid
42434154,怜,/v\\aid
424342524312511,憎,/v\\8247
42434454,怜,/v\\aid
4243454,忪,/v\\8d
4243455,怆,/v\\avv
42435112251,惆,/v\\nto
42435121251,惆,/v\\nto
42435334544,惚,/v\\9O///v\\
4243535112533112,懈,/v\\9ntvia+
4243535121533112,懈,/v\\9ntvia+
424354251,恪,/v\\9\o
4244124,忭,/v\\iif
42441251234,惊,/v\\iiow
4244125251111234,懔,/v\\iioOo2w
42441321251,惦,/v\\\rfo
42441343412,悴,/v\\iiaa+
424413452,恼,/v\\iiux
42441351124134,慷,/v\\\rc-l3
42441351125112,慵,/v\\\r𬎾
42441351135112,慵,/v\\\r𬎾
424414312511121,憧,/v\\iiho+t
424415,忙,/v\\iiv
4244254134,悯,/v\\iniix
4244315112234,慊,/v\\hch8
42443251112,惮,/v\\8b+
4244325135,悦,/v\\8oa
424432524312511,憎,/v\\8247
4244351523,悌,/v\\8cvl/
42444535455,惋,/v\\\n9ivv
424451512,恽,/v\\n-v+
4244535,忱,/v\\n/v
4245,忆,/v\\9
424511534,恨,/v\\c-w
424511541535,慨,/v\\v⿼c-\rvv
4245121,忸,/v\\c+
42451315,怩,/v\\c/7
42451335,怩,/v\\c/7
4245134,快,/v\\vq
42451353,怩,/v\\c/7
42451532,怫,/v\\/lcv
4245211,忸,/v\\c+
42453251,怊,/v\\vio
42454112,怿,/v\\4128
42454121,怪,/v\\4t
42454134333,惨,/v\\dq///
42454251,怡,/v\\do
4245434354,悛,/v\\d89\
4245435354,悛,/v\\d89\
42455122534,惯,/v\\vv+e8
42455212534,惯,/v\\vv+e8
4251,闩,in-
425111,闫,iniii
4251121,闰,inj-
4251152,闱,iniivl
425121121,闺,intt
42512132511,阇,in/tb
4251215425221,阖,intdnh
425122111,闻,inr3l
4251225111134,阗,in+n-iii8
425123,闭,in-/
4251234,闲,inm
425123435451,鹇,inmniv-
42512511534,阈,in-x\o-
42512511543,阈,in-x\o-
425125431234,阑,inmo8
4251325111134,阗,in+n-iii8
42513425115,阉,inqbv
425134454,闼,in\zq
4251354,闳,inxOd
425251,问,ino
4252511,间,inb
425251111344,阒,ineq\
42525112,闸,inbi
42525112511,阊,inbb
4252511541541,阘,inbcc
425251212534,阓,inol-e8
425251214,闽,inod
4252512341,阃,inoOm
425251251,闾,inoo
4252522112513534,阛,innh--o/w
425252515,闿,inluv-v
42532151135,阋,inr-ca
425321534,阀,ina-x\
425321543,阀,ina-x\
42534434554,阌,in/\\/n4
42535152511,阍,inrxb
4253525115,阄,in9bv
42535321511,阎,in9r-c
425354251,阁,in9\o
425355112,䦶,in9c-l
4254111251,訚,in4o
42541252,闹,in\-ni
4254134,闵,iniix
4254135,闶,inii/v
42541353444,阏,in2paii
425415334,阂,iniiv/a
42541533444,阏,in2paii
4254315233534,阙,inhul9a
42543251112,阐,in8b+
4254325135,阅,in8oa
425441312251,阔,iniii/+o
4254511534,阆,in\c-w
4254544,闷,in/v\\
42551221113134,阚,invr3lax
425543341134,阕,inv\//\-q
425544331134,阕,inv\//\-q
425551,闯,invv-
43111,兰,8iii
431112,羊,h128
431112431113431112,羴,h128h128h128
431112431251,善,h128ho
43111243125152,鄯,h128hozl
431112431251552,鄯,h128hozl
4311124544,恙,ht/v\\
431113121,差,ht/--
4311131212122511134,羵,h128+he8
431113121222511134,羵,h128+he8
43111312521111132522,羺,h128-nl4rnll
43111312524134132522,羺,h128-nl4rnll
43111312524444132522,羺,h128-nl4rnll
43111314521111132522,羺,h128-nl4rnll
43111314524134132522,羺,h128-nl4rnll
43111314524444132522,羺,h128-nl4rnll
431113151534,羠,h128qcv
43111325111,着,h128e
431113251135345,羯,h128b9Ova
431113252134334,羰,h128lurq
43111332511154444,鴹,h128niv-T
431113341251122,羭,h128a-gll
431113341251155,羭,h128a-gll
4311133412512513434,羷,h128a-ooaa
431113341254455,羭,h128a-gll
431113341351122,羭,h128a-gll
431113341351155,羭,h128a-gll
431113341354455,羭,h128a-gll
43111334152,羚,h128aid
43111334154,羚,h128aid
43111334454,羚,h128aid
43111335151,羝,h128rx\
43111335154,羝,h128rx\
43111335251211,鲝,h1289u-
4311134125251125111,羶,h128iioOob-
43111341511534,養,htaicw
431113432,养,hiia/l
431113435251214444,鯗,hiia9u-T
43111344511534,養,htaicw
43111344512,羜,h128\n-l
4311135,羌,h128v
431113533533,翔,h128cc
43111354121,羟,h128v\--
431113541541,翔,h128cc
4311135434354,羧,h128d89\
4311135435354,羧,h128d89\
431113554,羗,h128vd
43112,半,8128
431121113534,羡,htii9a
431121134,美,htq
43112125221,盖,htnh
4311213121,差,ht/--
4311213121534,義,ht/fx\
4311213121543,義,ht/fx\
4311213123415534,羲,ht/m-x\-v
4311213123415543,羲,ht/m-x\-v
431121325111,着,h128e
431121341511534,養,htaicw
4311213435251214444,鯗,hiia9u-T
431121344511534,養,htaicw
43112135,羌,h128v
431121354,羑,ht/v\
4311213554,羗,h128vd
431121413534,羡,htii9a
431121431251,善,h128ho
43112143125152,鄯,h128hozl
431121431251552,鄯,h128hozl
4311214444,羔,ht/\\\
4311214444431121134,羹,ht/\\\htq
4311214544,恙,ht/v\\
43112145534,羕,ht\vv\/
431121531,姜,hty
4311222,判,8128ll
431131354,叛,8128r4
431132,并,8-h
43113212154,瓶,8-h-vv\
4311321554,瓶,8-h-vv\
4311322,判,8128ll
4311324454,迸,\z8-h
431132454,迸,\z8-h
4311324554,迸,\z8-h
431133354,叛,8128r4
4311341353334,豢,8iia-e
43113425111,眷,8iiae
43113435251211,鲞,8iia9u-
4311344111251,誊,8iia4o
4311344454,送,\z8-q
431134454,送,\z8-q
4311344554,送,\z8-q
43113452,郑,8-qzl
43113455,卷,8iiavv
431134552,郑,8-qzl
431134554234,絭,8iia⿽vdw
431224312511,普,h4-b
4312252112511,普,h4-b
431234,米,8m
43123411212511,精,8mj-g
43123411212521,精,8mj-g
43123411213511,精,8mj-g
43123411234,粖,8mlm
43123412111534,粻,8ml-iiiv\/
43123412122511134,糢,8mhbq
431234121225112511125431234,糷,8mhinTmo8
43123412123215,糀,8mhav/
43123412123235,糀,8mhav/
43123412123253,糀,8mhav/
431234121251431251,糦,8m+-oho
4312341212554554,糍,8mh226
431234121315,粩,8m/t7
431234121335,粩,8m/t7
431234121353,粩,8m/t7
43123412211,粓,8mh--
43123412211134,粸,8mh-8--
431234122111345,糂,8mh---v8
431234122111355,糂,8mh---v8
4312341222511134,糢,8mhbq
43123412225112511125431234,糷,8mhinTmo8
4312341223215,糀,8mhav/
4312341223235,糀,8mhav/
4312341223253,糀,8mhav/
431234122513511,糊,8m+og
431234122513541,糊,8m+og
43123412511,粔,8m--c
4312341251134,粳,8m-bx
43123412512212511,糟,8m-bllb
43123412521111132522,糯,8m-nl4rnll
43123412524134132522,糯,8m-nl4rnll
43123412524444132522,糯,8m-nl4rnll
431234125351,粞,8m-4
43123413135,粝,8mrv/
43123413153,粝,8mrv/
431234132522,粫,8mrnll
4312341344,粏,8mq\
4312341344132511134,類,8mq\re8
43123414521111132522,糯,8m-nl4rnll
43123414524134132522,糯,8m-nl4rnll
43123414524444132522,糯,8m-nl4rnll
4312341513,粐,8m\c/
4312341535,粃,8m77
4312341553,粃,8m77
43123421111534,粻,8ml-iiiv\/
43123421122511134,糢,8mhbq
431234211225112511125431234,糷,8mhinTmo8
43123421123215,糀,8mhav/
43123421123235,糀,8mhav/
43123421123253,糀,8mhav/
4312342112554554,糍,8mh226
43123421251,粘,8mfo
43123425111,粗,8mg-
4312342511121,粴,8mo+t
43123425111234,粿,8mbm
431234251112511121,糧,8mb-o+t
4312342511135,粯,8mea
43123425121122134,糞,8mo+h-8
43123425122,粣,8mnn-
431234251251,粡,8mn-o
43123425125112141241,糰,8moO-bl-\-\
431234252,籼,8mlu
43123425221,粣,8mnn-
43123425251,粣,8mnn-
43123431122514454,糙,8m\z163o
4312343112251454,糙,8m\z163o
43123431122514554,糙,8m\z163o
4312343115,粍,8m/-7
43123431212514454,糙,8m\z163o
4312343121251454,糙,8m\z163o
43123431212514554,糙,8m\z163o
4312343134,敉,8max
43123431525,粚,8mavvl
43123432511,粕,8m/b
4312343251111344,糗,8m/eq\
43123432511312,粺,8m/b/+
431234325131134,糇,8mav-aq
4312343351,粐,8m\c/
431234341251,粭,8ma-o
431234345234354,糉,8mux89\
431234345235354,糉,8mux89\
4312343453,粉,8m8vi
43123435,籶,8m/v
4312343512,粋,8m/9+
4312343535,粃,8m77
43123435351,粣,8mnn-
431234354152,粦,8m9i+v
4312343541524454,遴,\z8m9i+v
431234354152454,遴,\z8m9i+v
4312343541524554,遴,\z8m9i+v
43123435415252,鄰,8m9i+vzl
431234354152552,鄰,8m9i+vzl
431234354242511,糌,8m9\fb
43123435431234,粷,8m9O8m
431234354342511,糌,8m9\fb
431234413121,粧,8m\rt
43123441343412,粹,8miiaa+
4312344135112251,糖,8m\rc+o
43123441351124134,糠,8m\rc-l3
43123441352211515,麊,8m\r477
43123441352211535,麊,8m\r477
43123441352211553,麊,8m\r477
43123441352213535,麊,8m\r477
43123441352215353,麊,8m\r477
43123441431,粒,8miih
4312344311214444,糕,8mht/\\\
431234431554554,糍,8mh226
4312344412,料,8m⿽-lii
43123444511234,粽,8m\n2w
4312344454,迷,\z8m
4312344511534,粮,8m\c-w
4312344513,粐,8m\c/
431234454,迷,\z8m
4312344554,迷,\z8m
43123451124134,粶,8m⿼c-l3
4312345134,粎,8mc/\
4312345152,粌,8mcvl
431234515251251214,糨,8mcvood
43123451554251214,糨,8mcvood
431234521,籽,8mz-
431234521342511,糈,8mvfag
431234521343511,糈,8mvfag
431234521343541,糈,8mvfag
4312345215,粑,8mvcl
4312345312,粋,8m/9+
4312345313134,数,8myax
43123453312,断,v8mrr
4312345353,粃,8m77
43123454134333,糁,8mdq///
431234545231234,糅,8mdz/m
43123455124134,粶,8m⿼c-l3
431251122,前,hgll
4312511224444,煎,hgll/\\\
43125112253,剪,hgllvi
431251122533533,翦,hgllcc
431251122541541,翦,hgllcc
431252,师,ll-ni
431253511,酋,8-4-
431253511124,尊,8-4--\
43125351112432511154444,鷷,8-4--\niv-T
4312535111244454,遵,\z8-4--\
431253511124454,遵,\z8-4--\
4312535111244554,遵,\z8-4--\
431253511134,奠,8-4-q
4312535111344,猷,8-4-q\
4312535114454,遒,\z8-4-
431253511454,遒,\z8-4-
4312535114554,遒,\z8-4-
431254422,前,hgll
4312544224444,煎,hgll/\\\
43125442253,剪,hgllvi
431254422533533,翦,hgllcc
431254422541541,翦,hgllcc
431325111,首,8-/e
43132511112511534,馘,8-/e-x\o-
43132511112511543,馘,8-/e-x\o-
431325111212151534354,夔,8-f2/evc89\
431325111212151535354,夔,8-f2/evc89\
43132511121551534354,夔,8-f2/evc89\
43132511121551535354,夔,8-f2/evc89\
4313251114454,道,\z8-/e
431325111454,道,\z8-/e
4313251114554,道,\z8-/e
4313425221,益,h8nh
43134252212522135251214,蠲,h8nhnh𠣜
431342522132511154444,鷁,h8nhniv-T
431351122,前,hgll
4313511224444,煎,hgll/\\\
43135112253,剪,hgllvi
431351122533533,翦,hgllcc
431351122541541,翦,hgllcc
4313533344454,遂,\z8-e
431353334454,遂,\z8-e
4313533344554,遂,\z8-e
431354422,前,hgll
4313544224444,煎,hgll/\\\
43135442253,剪,hgllvi
431354422533533,翦,hgllcc
431354422541541,翦,hgllcc
4315112234,兼,hch8
43151122343534,歉,hch89a
431511223435451,鹣,hch8niv-
4315233511,朔,hulg
4315233511121,塑,hulgt
43152335111234,槊,hulgm
43152335114454,遡,\zhulg
4315233511454,遡,\zhulg
43152335114554,遡,\zhulg
4315234454,逆,\zhul
431523454,逆,\zhul
4315234554,逆,\zhul
431554554,兹,h226
43155455435451,鹚,h226niv-
4315545544544,慈,h226/v\\
431554554521,孳,h226z-
432,丫,8l
43251112,单,8b+
432511125131221534,冁,8b+c/h-v\/
4325111252,郸,8b+zl
43251112552,郸,8b+zl
43251211251,兽,8o+-o
4325135,兑,8oa
432514544,总,8𢗀
43252,帅,l/nl
43252343134,敝,8nl8ax
43252343134132,弊,8nl8axh
4325234313425111,瞥,8nl8axe
432523431342511251211511,鼈,8nl8axorvT
432523431342511521211511,鼈,8nl8axorvT
432523431342512134,蹩,8nl8axofa
4325234313432511154444,鷩,8nl8axniv-T
4325234313435251211,鳖,8nl8ax9u-
4325234313435251214444,鱉,8nl8ax9u-T
432523431344544,憋,8nl8ax/v\\
432524312511,曾,8247
43252431251112154,甑,8247-vv\
4325243125111554,甑,8247-vv\
43252431251152,鄫,8247zl
432524312511552,鄫,8247zl
43341152,炜,qiivl
433412,灯,q-l
4334121315,烤,q/t-v
4334122111234,煤,qh--m
4334122513511,煳,q+og
4334122513541,煳,q+og
433412511,炬,q--c
43341251251,焐,q5o
433412534,炳,q-na
433413251,炻,qro
4334132534,烦,qre8
4334134432511234,燎,qq8bw
433413533341353334,燹,-e-eq
4334143342511234,燎,qq8bw
43341513,炉,q\c/
4334151325122,煸,qic/nh
43341513533533,煽,qic/cc
43341513541541,煽,qic/cc
43341515,炬,q--c
43341521251,焐,q5o
43341525,炖,q-uv
4334153135,烧,q/-v-a
433415534,炼,qv-v8
433421251112,焯,qfb+
43342343,炒,ql8 or /l\/
43342454544,焖,qin/v\\
43342511112,焊,qb-+
4334251112213424134,爆,qbh-8l3
433425112522154,熳,qbnh4
4334251141431,煜,qbiih
4334251211534,煨,qo+-v\/
4334251214,烛,qod
43342512512511234,燥,qooom
4334251341,烟,qoOq
4334252,灿,qlu
433425251,炯,qno
433431211,炸,qalii
433431234,秌,q/m
4334321113554,煅,qliiii9x
4334323512,烨,qav/+
4334325111121,煌,q/bj-
43343251114544,熄,q/e/v\\
4334325312,烨,qav/+
43343253431234134,燠,q/n/8mq
4334325431234134,燠,q/n/8mq
4334334425221511211124,爝,q/\\/nhv⿼c-\-\
433433442522151154124,爝,q/\\/nhv⿼c-\-\
43343351,炉,q\c/
4334335125122,煸,qic/nh
43343351533533,煽,qic/cc
43343351541541,煽,qic/cc
4334341154,烩,qaiid
43343413252,烯,qxxOnl
43343413533344454,燧,q\z8-e
4334341353334454,燧,q\z8-e
43343413533344554,燧,q\z8-e
43343415251,焓,qaivo
433434312,烀,q/-8
4334343123425121,燔,q/8mo+
4334344325221511211124,爝,q/\\/nhv⿼c-\-\
433434432522151154124,爝,q/\\/nhv⿼c-\-\
43343445251,焓,qaivo
43343455,炝,qavv
4334351,灼,q9O\
433435234,烁,q/vw
43343525,炖,q-uv
43343525134,焕,q9nq
433435321511,焰,q9r-c
43343534,炊,q9a
43343535225121,熘,q/v\vio+
43343541112,烽,q9\iiil
4334354113444444,燃,q9i\q\/\\\
4334354251,烙,q9\o
4334354413444444,燃,q9i\q\/\\\
43343545325121,熘,q/v\vio+
433435515,炮,q9Ovc
433441121,炷,q\j-
43344135,炕,qii/v
433441431251,焙,qiiho
433441554,炫,qii⿽vd
43344254544,焖,qin/v\\
433443111,烂,q8iii
4334431112,烊,qh128
43344313533344454,燧,q\z8-e
4334431353334454,燧,q\z8-e
43344313533344554,燧,q\z8-e
4334433422,剡,qqll
433443344511234,禜,qqn2w
43344334452511,膋,qqng
4334433445251214,螢,qqnod
4334433445311252,罃,qqna+u
43344334453511,膋,qqng
43344334453541,膋,qqng
4334433445554234,縈,qqn⿽vdw
4334433452,郯,qqzl
43344334552,郯,qqzl
43344451135,烷,q\n--a
4334445125111,煊,q\n-b-
43344453434251,熔,q\n8ao
43344513,炉,q\c/
4334451325122,煸,qic/nh
43344513533533,煽,qic/cc
43344513541541,煽,qic/cc
43345115344454,煺,q\zc-w
4334511534454,煺,q\zc-w
43345115344554,煺,q\zc-w
43345134,炔,qvq
4334513444,烬,qc/\ii
4334533,炀,qv//
433453353332511,熠,qcc/b
433454121,烃,qv\--
433454154132511,熠,qcc/b
434,义,x\
434242,州,/\\/ll
43511,归,l/⿼c-
4351523,弟,8cvl/
435152322,剃,8cvl/ll
435152335451,鹈,8cvl/niv-
43515234454,递,\z8cvl/
4351523454,递,\z8cvl/
43515234554,递,\z8cvl/
4354,为,⿽\v/\
435554444552,鄬,/\\//vvv/\\\zl
4411112,沣,iiiiiil
4411112355215,滟,iiiiiil9v2v
4411113124,涛,iiiiii/-\
4411113431234,溱,iiiiii/\/m
441111534,浅,iii-x\-
441111543,浅,iii-x\-
4411121,汪,iiij-
44111212511,清,iiij-g
44111212534,渍,iiij-e8
44111213511,清,iiij-g
441112251,活,iii/+o
44111225221,盓,iii-+nh
441113411342511,潜,iiiiiaiiab
44111342344,添,iii-q/v\\\
44111534,浅,iii-x\-
44111543,浅,iii-x\-
441121121,洼,iiitt
441121213441312,漭,iiihq\h
44112121344132,漭,iiihq\h
441121221113134,澉,iiivr3lax
44112122511134,漠,iiihbq
441121225125132411121,灌,iiihooa2f-
441121251,洁,iii+-o
441121251431124,澍,iii+-oh-\
441121251431333,澎,iii+-oh///
4411212554554,滋,iiih226
44112132511,渚,iii/tb
44112132511154444,鴻,iii--niv-T
441121325114,渚,iii/tb
4411213312,浙,iiijrr
44112135451,鸿,iii--niv-
44112154,法,iiitd
4411215425221,溘,iiitdnh
44112211,泔,iiih--
441122111,洱,iiir3l
44112211134,淇,iiih-8--
441122111343312,澌,iiih-8--rr
441122111345,湛,iiih---v8
441122111355,湛,iiih---v8
4411221115454,滠,iiir3l44
441122112512134,潢,iiih-nt8
44112212512134,潢,iiih-nt8
441122125125132411121,灌,iiihooa2f-
4411221253434,满,iiih-naa
44112212534344544,懑,iiih-naa/v\\
441122134,洪,iiih-8
44112213441312,漭,iiihq\h
4411221344132,漭,iiihq\h
441122134515,港,iiih-8vc
44112215,泄,iiih-v
441122151234,渫,iiih-vm
4411222145252,滞,iiih-lnnl
441122245252,滞,iiih-lnnl
4411222511134,漠,iiihbq
44112225125132411121,灌,iiihooa2f-
4411224511214,滢,iiihn-t\
4411224553,涝,iiihnv/
44112245554234,潆,iiihn⿽vdw
44112251,沽,iii+o
4411225111134,滇,iii+n-iii8
4411225111234533533,瀚,iii+b+acc
4411225111234541541,瀚,iii+b+acc
441122511123511,潮,iii+b+g
441122511123544,潮,iii+b+g
44112251123234,潇,iiihc+8/l
441122513511,湖,iii+og
441122513541,湖,iii+og
4411234,沐,iiim
44112341234,淋,iiimm
441123412343511,潸,iiimmg
441123412343541,潸,iiimmg
44112341234531,漤,iiimmy
44112343312,淅,iiimrr
44112343424134,漆,iiimal3
44112343454,淞,iiim8d
44112344,沭,iiim\
441123512352511,潸,iiimmg
441123512353511,潸,iiimmg
441123512353541,潸,iiimmg
44112354,沭,iiim\
441124552153,渤,iii+nz-v/
441125111,洹,iii-b-
44112511123312122111,聻,iii-v+Trrr3l
441125111234,渠,iii--cm
4411251124,浦,iii+\g
4411251124124,溥,iii+\g-\
44112512,河,iii-lo
44112512212511,漕,iii-bllb
4411251234,涑,iiimo
4411251234352534,濑,iiimo9e8
44112512343534,漱,iiimo9a
4411251251,浯,iii5o
44112521111132522,濡,iii-nl4rnll
44112522111234,漂,iii-42w
441125221121,湮,iii-4t
4411252211234,溧,iii-4m
441125221251112,潭,iii-4b+
44112524134132522,濡,iii-nl4rnll
44112524444132522,濡,iii-nl4rnll
441125351,洒,iii-4
4411253511,酒,iii-4-
441125351121,湮,iii-4t
44112544134,渎,iii+v⿽iiq
4411255,沔,iii-vlv
4411311534124,溽,iiir2w-\
44113121121,涯,iiirtt
4411325111134,滇,iii+n-iii8
441132522111,湎,iiiroll2
4411332511234,源,iiir/bw
441133511,洧,iiixg
44113425115,淹,iiiqbv
441134432511234,潦,iiiq8bw
441134454,㳠,iii\zq
4411345,沤,iiicOx
4411353,沥,iiirv/
44113533434,涿,iii-e\
44113534,泷,iiik2
441135422,洌,iii-9ill
4411431234,涞,iiiim8
441143134,浃,iiiqh
441143342511234,潦,iiiq8bw
44114521111132522,濡,iii-nl4rnll
44114524134132522,濡,iii-nl4rnll
44114524444132522,濡,iii-nl4rnll
44115123312,渐,iii-v+rr
441151234,柒,iii7m
4411512454,涟,iii\z-v+
4411513,沪,iii\c/
44115151234,渠,iii--cm
4411521251,浯,iii5o
44115213312,渐,iii-v+rr
4411525,沌,iii-uv
4411525111534,滇,iii+n-iii8
441153135,浇,iii/-v-a
44115413452,涵,iiiu-v88
44115425113134,澈,iiiiidgax
441154325,流,iiiii228
44115432534112431,鎏,iiiii228ajh
44115435113134,澈,iiiiidgax
44115435413134,澈,iiiiidgax
4412,斗,⿽-lii
441211213441312,漭,iiihq\h
44121121344132,漭,iiihq\h
44121122511134,漠,iiihbq
441211225125132411121,灌,iiihooa2f-
4412112554554,滋,iiih226
4412121233,涉,iiif2/l/
4412121233132534,濒,iiif2/l/re8
44121251,沾,iiifo
44121251112,淖,iiifb+
4412135454211121111,瀣,iii-9i43ll3-
44121513,泸,iiifc/
44121531534312,滹,iiifr7/-8
4412153154544,滤,iiifr7/v\\
4412231425221,滥,iiilla\nh
4412342511,消,iiiwg
44123425251,淌,iiiwno
4412343,沙,iiil8 or /l\/
441234335251211,鲨,iiil8 or /l\/9u-
441234335251214444,鯊,iiil8 or /l\/9u-T
4412343413534,裟,iiil8 or /l\/ii/w
44123434454,逤,\ziiil8 or /l\/
4412343454,逤,\ziiil8 or /l\/
44123434554,逤,\ziiil8 or /l\/
4412343511,消,iiiwg
4412343531,娑,iiil8 or /l\/y
4412343541,消,iiiwg
4412432511,消,iiiwg
44124325251,淌,iiiwno
4412433511,消,iiiwg
4412433541,消,iiiwg
4412451121,润,iiiinj-
441245125431234,澜,iiiinmo8
4412452511,涧,iiiinb
441251,汛,iiiv+
441251112213424134,瀑,iiibh-8l3
441251112343,渺,iiiel8 or /l\/
4412511132411121,濉,iiiea2f-
44125111353325221,盪,iiib-9O//nh
44125111515,混,iiib77
44125111535,混,iiib77
44125111553,混,iiib77
441251122431,湿,iiib4-
441251125221,温,iiibnh
44125112522154,漫,iiibnh4
441251135345,渴,iiib9Ova
441251141251234132534,灏,iiibiiowre8
4412511521,涠,iiioOiivl
4412511533533,溻,iiibcc
44125115353,混,iiib77
4412511541541,溻,iiibcc
44125121132,淠,iiio+hD
4412512121354251,潞,iiiof29\o
441251212511,渭,iiio+g
441251212534,溃,iiiol-e8
4412512134,浞,iiiofa
441251213511,渭,iiio+g
441251213541,渭,iiio+g
441251214,浊,iiiod
441251215354251,潞,iiiof29\o
44125121554234,漯,iiio+⿽vdw
4412512211251431,澧,iiibll-oh
44125122511,涸,iiioO+o
4412512452511,滑,iiinvng
4412512453511,滑,iiinvng
4412512453541,滑,iiinvng
441251251,洞,iiin-o
4412512511,涓,iiiog
44125125115,渑,iiiobv
44125125124544,漶,iiiool/v\\
4412512512511234,澡,iiiooom
441251341,洇,iiioOq
4412513511,涓,iiiog
4412513533341,溷,iiioO-e
4412513541,涓,iiiog
441252,汕,iiilu
441252132522,湍,iiilurnll
4412521452511,滑,iiinvng
4412521453511,滑,iiinvng
4412521453541,滑,iiinvng
4412523415,涔,iiiluaiv
4412523445,涔,iiiluaiv
441252511,洄,iiioOo
44125341,泅,iiioOa
441253411534,溅,iiie8-x\-
441253411543,溅,iiie8-x\-
441253422,测,iiie8ll
44125351,泗,iiio8
441255452511,滑,iiinvng
441255453511,滑,iiinvng
441255453541,滑,iiinvng
4413112251,浩,iii163o
441311311112,湃,iii/ii/-iiil
4413115,汽,iiia-v
4413121251,浩,iii163o
441312135,洗,iii163a
441312251,活,iii/+o
441312342342511,潲,iii/mwg
441312342343511,潲,iii/mwg
441312342343541,潲,iii/mwg
441312342432511,潲,iii/mwg
441312342433511,潲,iii/mwg
441312342433541,潲,iii/mwg
441312344334,湫,iii/mq
44131342344,添,iii-q/v\\\
441313434112431,鋈,iii/qajh
4413143143115,滗,iiialal/-7
44131525,沲,iiiavvl
4413155414,海,iiiavv3
4413155441,海,iiiavv3
4413211511254,溲,iiialalh-oiiaa2f-oll3
4413212134,浜,iiirr-8
4413212154,涎,iiiz\/fv
44132121554,涎,iiiz\/fv
441321511254,溲,iiialalh-oiiaa2f-oll3
441321554,涎,iiiz\/fv
4413215554,涎,iiiz\/fv
44132224314311134,濮,iiia4-hiia
44132411121,淮,iiia2f-
44132511,泊,iii/b
441325111,洎,iii/e
441325111121,湟,iii/bj-
4413251111344,溴,iii/eq\
44132511125121132,濞,iii/eo+hD
4413251141353134,激,iii/b2pax
4413251141533134,激,iii/b2pax
441325221,洫,iii/nh
4413253431234134,澳,iii/n/8mq
441325431234134,澳,iii/n/8mq
4413312,沂,iiirr
441333234,派,iiir/l/\ or r/v\/
441333534,派,iiir/l/\ or r/v\/
44133443121,淫,iii/\\//+-
4413344321511,滔,iii/\\/r-c
4413344521,浮,iii/\\/z-
4413344554134,溪,iii/\\/𡗞
441334455413432511154444,鸂,iii/\\/𡗞niv-T
4413351,沪,iii\c/
44134112,泮,iii8128
4413411234,涂,iiia-m
441341123454,溆,iiia-m4
44134112431,淦,iiiajh
441341154,浍,iiiaiid
441341251,洽,iiia-o
441341251122,渝,iiia-gll
441341251155,渝,iiia-gll
441341254455,渝,iiia-gll
44134132511,淆,iiixxg
4413413252,浠,iiixxOnl
44134133511,淆,iiixxg
44134133541,淆,iiixxg
44134134,泛,iii/\v\
4413413425221,溢,iiih8nh
441341351122,渝,iiia-gll
441341351155,渝,iiia-gll
441341354455,渝,iiia-gll
44134144313134,潋,iiia-\\/-ax
44134152,泠,iiiaid
441341534,洮,iiia88
44134154,泠,iiiaid
44134251,沿,iii/vo
44134312342,渊,iii/8ml
441343123425121,潘,iii/8mo+
4413434112431,滏,iii8xj-8
4413434251,浴,iii8ao
4413435,沦,iiia7
44134433121,淫,iii/\\//+-
4413443321511,滔,iii/\\/r-c
4413443521,浮,iii/\\/z-
4413443554134,溪,iii/\\/𡗞
441344355413432511154444,鸂,iii/\\/𡗞niv-T
44134454,泠,iiiaid
4413452,汹,iiiux
441345325221,湓,iii8vinh
4413455,沧,iiiavv
44135115215,淝,iiigvcl
4413513341111251,澹,iii9r84o
4413513344111251,澹,iii9r84o
4413513351111251,澹,iii9r84o
4413513354111251,澹,iii9r84o
4413525,沌,iii-uv
441352511,洵,iii9Ob
4413525111534,滇,iii+n-iii8
44135251211,渔,iii9u-
4413525134,涣,iii9nq
4413525135,浼,iii9oa
44135254,波,iiirlx
4413525434112431,錃,iiirlxajh
44135254531,婆,iiirlxy
44135311252,淘,iii9Oa+u
44135312132511,潴,iiiq\/tb
441353121325114,潴,iiiq\/tb
44135313412512,漪,iiiq\q-lo
441353425221,盜,iii9anh
44135352,泖,iii/v/vl
4413535225121,溜,iii/v\vio+
4413541234,涤,iii9\m
441354152,洚,iii9\+v
44135415215,淝,iiigvcl
44135425221,盕,iii/v\nh
4413545325121,溜,iii/v\vio+
44135515,泡,iii9Ovc
44141121,注,iii\j-
4414122341234,滦,iiiii/ll\m
441412234515,湾,iiiii/ll\cv
4414124,汴,iiiiif
44141251451353334,濠,iiiiion-e
44141251521,淳,iiiiioz-
4414125251125111,澶,iiiiioOob-
441413122154,渡,iii\rh-4
4414132341234,滦,iiiii/ll\m
441413234515,湾,iiiii/ll\cv
44141323544,液,iiiiia9\\
4414133315112234,濂,iii\rhch8
4414134,汶,iiiiix
441413422,浏,iiiiixll or iiiiixll
4414134315112234,濂,iii\rhch8
441413432,济,iiiiix/l
44141343412,淬,iiiiiaa+
44141345225214,漓,iiiiiuxnd
4414134522554,漓,iiiiiuxnd
4414134543534,滚,iiiii/w8d
4414135112251,溏,iii\rc+o
44141352211515,漉,iii\r477
44141352211535,漉,iii\r477
44141352211553,漉,iii\r477
44141352213535,漉,iii\r477
44141352215353,漉,iii\r477
44141353144,淤,iii2paii
441413531521,游,iii2paz-
44141353152134,漩,iii2pavfa
44141353444,淤,iii2paii
44141431,泣,iiiiih
44141431251,涪,iiiiiho
44141431251112,漳,iiiiihb+
441414312511121,潼,iiiiiho+t
44141432512251,滴,iiiii8n+o
4414143454135,滂,iiiii8n2p
4414143454153,滂,iiiii8n2p
4414152515313511254,瀛,iiiiivog/v\y
4414152515313511354,瀛,iiiiivog/v\y
4414152515313541254,瀛,iiiiivog/v\y
4414152515313541354,瀛,iiiiivog/v\y
44141533144,淤,iii2paii
441415331521,游,iii2paz-
44141533152134,漩,iii2pavfa
44141533444,淤,iii2paii
441415425113134,澈,iiiiidgax
4414154325,流,iiiii228
441415432534112431,鎏,iiiii228ajh
441415435113134,澈,iiiiidgax
441415435413134,澈,iiiiidgax
44141554,泫,iiiii⿽vd
4414251121,润,iiiinj-
441425125431234,澜,iiiinmo8
4414252511,涧,iiiinb
441431112,洋,iiih128
44143112,泮,iii8128
44143112145534,漾,iiiht\vv\/
441431251122,湔,iiihgll
441431254422,湔,iiihgll
4414313425221,溢,iiih8nh
441431351122,湔,iiihgll
441431354422,湔,iiihgll
4414315233511,溯,iiihulg
441431554554,滋,iiih226
44143344334,淡,iiiqq
441434242,洲,iii/\\/ll
4414351523,涕,iii8cvl/
4414354,沩,iii⿽\v/\
44144511234,淙,iii\n2w
4414451135,浣,iii\n--a
44144512,泞,iii\n-l
44144512134,淀,iii\n-fa
441445125111,渲,iii\n-b-
44144512512134,演,iii\n-nt8
44144525112,渖,iii\nbl
44144525151,涫,iii\nlcc
4414453212134,滨,iii\nrr-8
4414453434251,溶,iii\n8ao
44144535,沱,iii\n7
4414454143112,滓,iii\niih+
44144551251,涫,iii\nlcc
44144553,沱,iii\n7
4414511534,浪,iii\c-w
4414513,沪,iii\c/
44145151,泻,iiinv--
441451512,浑,iiin-v+
4414525114134,溟,iiinbra
441453112,浒,iii4oa+
44145341234,深,iiinam
44145351234,深,iiinam
441453534,浓,iiin/w
4414544,沁,iii/v\\
44145443,泌,iii/v\\/
44145534,泳,iii\vv\/
441511112,津,iiic-f
441511124,浔,iii⿼c--\
44151124134,渌,iii⿼c-l3
4415114554,浸,iiic-n4
441511541535,溉,iiiv⿼c-\rvv
441512,汛,iiiv+
44151221113134,澉,iiivr3lax
44151312524134,漏,iiic/-nl4
44151312524444,漏,iiic/-nl4
44151315,泥,iiic/7
441513154121,渥,iiic/-dt
44151325222,涮,iiic/nlll
441513521521521,潺,iiic/z-z-z-
441515,汜,iiivc
44151515,泯,iiivc-v
4415153154,涨,iiicvv-\/ or v-/\
44151532,沸,iii/lcv
4415153351533,溺,iiicviicvii
4415154151541,溺,iiicviicvii
44151554,泓,iiicvd
441521325111,湄,iiic/le
441523411234,滁,iiizla-m
44152413452,涵,iiiu-v88
441525,池,iiivvl
4415253,泐,iiizlv/
441531,汝,iiiy
441531234,染,iii/9m
441531251,洳,iiiyo
4415325111534,滇,iii+n-iii8
4415325135,浼,iii9oa
44153254,波,iiirlx
4415325434112431,錃,iiirlxajh
44153254531,婆,iiirlxy
441533,汤,iiiv//
44153312132511,潴,iiiq\/tb
441533121325114,潴,iiiq\/tb
44153313412512,漪,iiiq\q-lo
4415334334,烫,iiiv//q
44153353332411121,濯,iiicca2f-
4415342121,涩,iiivi\f2
44153441234,梁,iiivi\\m
4415344431234,粱,iiivi\\8m
44153544,泼,iiiv/4\
44154,汉,iii4
44154112,泽,iii4128
44154121,泾,iiiv\--
44154134333,渗,iiidq///
44154154132411121,濯,iiicca2f-
44154251,治,iiido
4415425112,涌,iiidn128
4415432411121,滩,iii4a2f-
441543341251431,澄,iiiv\//\-oh
4415434354,浚,iiid89\
4415435354,浚,iiid89\
441544,汊,iii4\
441544331251431,澄,iiiv\//\-oh
44155132411121,潍,iiivv-a2f-
4415523411234,滁,iiizla-m
44155253,泐,iiizlv/
44211212511,情,/v\\j-g
44211212521,情,/v\\j-g
44211213511,情,/v\\j-g
4421121554234,愫,/v\\j-⿽vdw
442112251,恬,/v\\/+o
44211431345,惬,/v\\cOqh
442115453,恸,/v\\iidv/
442121124,恃,/v\\t-\
44212121,怔,/v\\-f2
442121222534,愤,/v\\+he8
4421212252214525111,懵,/v\\hnhne
4421212312511121,懂,/v\\h/+o+t
4421212415325,慌,/v\\hiiv-
44212143112,悻,/v\\t8-+
44212154,怯,/v\\td
4421221115454,慑,/v\\r3l44
44212212511,惜,/v\\h-b
4421221252214525111,懵,/v\\hnhne
442122252214525111,懵,/v\\hnhne
442122312511121,懂,/v\\h/+o+t
442122415325,慌,/v\\hiiv-
44212251,怙,/v\\+o
4421225111134,慎,/v\\+n-iii8
4421234123452134,憷,/v\\mmvfa
44212344,怵,/v\\+a\
44212354,怵,/v\\+a\
442124,忖,/v\\-\
4421245521,悖,/v\\+nz-
442125111,恒,/v\\-b-
4421251234,悚,/v\\mo
4421251234352534,懒,/v\\mo9e8
4421251251,悟,/v\\5o
44212521111132522,懦,/v\\-nl4rnll
44212524134132522,懦,/v\\-nl4rnll
44212524444132522,懦,/v\\-nl4rnll
4421254,忮,/v\\+4
442131212511,惰,/v\\xO--g
442131213511,惰,/v\\xO--g
442131213541,惰,/v\\xO--g
4421312514544534,憾,/v\\rx\-o/v\\
4421312514544543,憾,/v\\rx\-o/v\\
4421312515344544,憾,/v\\rx\-o/v\\
4421312515434544,憾,/v\\rx\-o/v\\
442131344,恹,/v\\rq\
4421324,怀,/v\\rl\
4421325111134,慎,/v\\+n-iii8
44213252,怖,/v\\xOnl
442134334,恢,/v\\xOq
4421345,怄,/v\\cOx
44214312,怦,/v\\-+8
44214521111132522,懦,/v\\-nl4rnll
44214524134132522,懦,/v\\-nl4rnll
44214524444132522,懦,/v\\-nl4rnll
44215123312,惭,/v\\-v+rr
4421521251,悟,/v\\5o
44215213312,惭,/v\\-v+rr
44221112111,悱,/v\\3ll3
4422112252214525111,懵,/v\\hnhne
4422112312511121,懂,/v\\h/+o+t
4422112415325,慌,/v\\hiiv-
44221251112,悼,/v\\fb+
4422254121,悭,/v\\ll4t
4422342511,悄,/v\\wg
44223425251,惝,/v\\wno
4422343511,悄,/v\\wg
4422343541,悄,/v\\wg
442243135,恍,/v\\w-a
4422432511,悄,/v\\wg
44224325251,惝,/v\\wno
4422433511,悄,/v\\wg
4422433541,悄,/v\\wg
4422454134,悯,/v\\iniix
4422511112,悍,/v\\b-+
44225111134,惧,/v\\n-iii8
442251125221,愠,/v\\bnh
44225112522154,慢,/v\\bnh4
442251131121,惺,/v\\bat
44225113533,惕,/v\\b9O//
442251141251234,憬,/v\\biiow
4422512,忡,/v\\ol
442251212534,愦,/v\\ol-e8
4422512341,悃,/v\\oOm
442251251,恫,/v\\n-o
442251251115,愕,/v\\oo--v
4422515215,悒,/v\\ov2v
442252132522,惴,/v\\lurnll
442252214135,愣,/v\\nh2p
442252214153,愣,/v\\nh2p
442252515,恺,/v\\luv-v
442253422,恻,/v\\e8ll
44225431415,惘,/v\\nhiiv
44231112111,悱,/v\\3ll3
4423112,忤,/v\\a+
44231121,性,/v\\at
4423115,忾,/v\\a-v
442312,忏,/v\\/+
44231211,怍,/v\\alii
442312251,恬,/v\\/+o
442312344334,愀,/v\\/mq
44231234521,悸,/v\\/mz-
442312511354,愎,/v\\ab9\
4423154,怅,/v\\v-\/ or v-/\
4423155414,悔,/v\\avv3
4423155441,悔,/v\\avv3
44232411121,惟,/v\\a2f-
442324111214444,憔,/v\\a2f-/\\\
44232511,怕,/v\\/b
44232511111535,慨,/v\\v⿼c-\rvv
442325111121,惶,/v\\/bj-
44232511151535,慨,/v\\v⿼c-\rvv
44232511351535,慨,/v\\v⿼c-\rvv
442325113554,愧,/v\\/o+ad
44232511531535,慨,/v\\v⿼c-\rvv
4423251213554,愧,/v\\/o+ad
442325221,恤,/v\\/nh
4423253431234134,懊,/v\\/n/8mq
442325431234134,懊,/v\\/n/8mq
4423312,忻,/v\\rr
4423315112234,慊,/v\\hch8
442341251,恰,/v\\a-o
442341251122,愉,/v\\a-gll
442341251155,愉,/v\\a-gll
442341254455,愉,/v\\a-gll
442341351122,愉,/v\\a-gll
442341351155,愉,/v\\a-gll
442341354455,愉,/v\\a-gll
44234152,怜,/v\\aid
44234154,怜,/v\\aid
442342524312511,憎,/v\\8247
44234454,怜,/v\\aid
4423454,忪,/v\\8d
4423455,怆,/v\\avv
44235112251,惆,/v\\nto
44235121251,惆,/v\\nto
44235334544,惚,/v\\9O///v\\
4423535112533112,懈,/v\\9ntvia+
4423535121533112,懈,/v\\9ntvia+
442354251,恪,/v\\9\o
4424124,忭,/v\\iif
44241251234,惊,/v\\iiow
4424125251111234,懔,/v\\iioOo2w
44241321251,惦,/v\\\rfo
44241343412,悴,/v\\iiaa+
442413452,恼,/v\\iiux
44241351124134,慷,/v\\\rc-l3
44241351125112,慵,/v\\\r𬎾
44241351135112,慵,/v\\\r𬎾
442414312511121,憧,/v\\iiho+t
442415,忙,/v\\iiv
4424254134,悯,/v\\iniix
4424315112234,慊,/v\\hch8
44243251112,惮,/v\\8b+
4424325135,悦,/v\\8oa
442432524312511,憎,/v\\8247
4424351523,悌,/v\\8cvl/
44244535455,惋,/v\\\n9ivv
442451512,恽,/v\\n-v+
4424535,忱,/v\\n/v
4425,忆,/v\\9
442511534,恨,/v\\c-w
442511541535,慨,/v\\v⿼c-\rvv
4425121,忸,/v\\c+
44251315,怩,/v\\c/7
44251335,怩,/v\\c/7
4425134,快,/v\\vq
44251353,怩,/v\\c/7
44251532,怫,/v\\/lcv
4425211,忸,/v\\c+
44253251,怊,/v\\vio
44254112,怿,/v\\4128
44254121,怪,/v\\4t
44254134333,惨,/v\\dq///
44254251,怡,/v\\do
4425434354,悛,/v\\d89\
4425435354,悛,/v\\d89\
44255122534,惯,/v\\vv+e8
44255212534,惯,/v\\vv+e8
443134,兴,\\/-8
443134112,举,\\/-8128
4431344111251,誉,\\/-84o
4434512212512134,黉,\\/nh-nt8
443452511135,覚,\\/nea
443452534,泶,\\/nl3
443452535,觉,\\/nna
443453112251,喾,\\/n163o
443453121251,喾,\\/n163o
4434535251211,鲎,\\/n9u-
4434535451,鸴,\\/nniv-
44345521,学,\\/nz-
4451112251,害,\niiilo
445111225122,割,\niiiloll
44511122513434251,豁,\niiilo8ao
445112,宇,\n-+
4451121251,害,\niiilo
445112125122,割,\niiiloll
44511212513434251,豁,\niiilo8ao
44511214,宝,\n-t\
44511221341111251,謇,\n-h-84o
4451122134121,塞,\n-h-8t
44511221341211254444,騫,\n-h-8vv-T
44511221341234,寨,\n-h-8m
44511221342111254444,騫,\n-h-8vv-T
44511221342512134,蹇,\n-h-8ofa
44511221342534,赛,\n-h-8e8
44511221343112,搴,\n-h-8/j
445112213441,寒,\n-h-8ii
44511221344111251,謇,\n-h-84o
4451122134413534,褰,\n-h-8ii/w
445112213444,寒,\n-h-8ii
4451122134551,骞,\n-h-8vv-
44511234,宗,\n2w
445112342511134,賨,\n2we8
4451123432511154444,鶎,\n2wniv-T
4451135,完,\n--a
44511352154,寇,\n--af4
44512,宁,\n-l
44512122511134,寞,\nhbq
44512134,定,\n-fa
4451222511134,寞,\nhbq
4451222535,宽,\nhna
44512332511134,賓,\n-/l/e8
4451234,宋,\nm
445124,守,\n-\
445125111,宣,\n-b-
445125111533533,翧,\n-b-cc
445125111541541,翧,\n-b-cc
44512512134,寅,\n-nt8
445125125121,富,\n-oo+
4451311534,宸,\nr2w
44513251,宕,\nro
445132511,宥,\nxg
44513251113453,寡,\nre8vi
445133511,宥,\nxg
44513412512,寄,\nq-lo
445134432511234,寮,\nq8bw
4451353334,家,\n-e
44513534,宠,\nk2
4451354,宏,\nxOd
445143342511234,寮,\nq8bw
445154121,室,\n-dt
44521122511134,寞,\nhbq
44521123454,寂,\nf-w4
4452342511,宵,\nwg
4452343511,宵,\nwg
4452343541,宵,\nwg
4452415114554,寝,\niilc-n4
4452432511,宵,\nwg
4452433511,宵,\nwg
4452433541,宵,\nwg
44525111,宜,\ng-
44525112,审,\nbl
445251125214,寓,\nbnd
44525112554,寓,\nbnd
4452511531,宴,\nby
44525121,宙,\nnt
445251251,宫,\noo
44525151,官,\nlcc
445251514454,逭,\z\nlcc
44525151454,逭,\z\nlcc
445251514554,逭,\z\nlcc
4452522112513234,寰,\nnh--o/w
4452522112513534,寰,\nnh--o/w
4453112,牢,\na+
4453112251,害,\niiilo
445311225122,割,\niiiloll
44531122513434251,豁,\niiilo8ao
4453121251,害,\niiilo
445312125122,割,\niiiloll
44531212513434251,豁,\niiilo8ao
445312135,宪,\n163a
4453212134,宾,\nrr-8
44532132511,宿,\na-/b
44534,穴,\n8
44534112,穻,\n8-+
4453411342535,窥,\n8iiana
44534121,空,\n8--
44534121112343534,窾,\n8+-2w9a
4453412115,窍,\n8---v
44534121252212511134,竇,\n8+-nhe8
44534121253512511134,竇,\n8+-nhe8
4453412132511154444,鵼,\n8--niv-T
4453412544134,窦,\n8+v⿽iiq
445341344,突,\n8q\
44534134432511154444,鶟,\n8q\niv-T
44534134432511234,竂,\n8q8bw
44534143342511234,竂,\n8q8bw
445341523,穿,\n8v-l/
445341525,窀,\n8-uv
44534154121,窒,\n8-dt
445341553,窃,\n87vi
4453425111,窅,\n8e
4453425111234,窠,\n8bm
4453425111515,窤,\n8b77
4453425111535,窤,\n8b77
4453425111553,窤,\n8b77
4453425113535,窤,\n8b77
4453425115353,窤,\n8b77
44534251225251,窩,\n8nvno
445342512512,窜,\n8ool
445342512534,窝,\n8ona
44534252,帘,\n8nl
44534252125251,窩,\n8nvno
4453425252,窋,\n8ulu
4453425525251,窩,\n8nvno
445343112251,窖,\n8163o
44534311252,窑,\n8a+u
4453431211,窄,\n8alii
445343121251,窖,\n8163o
445343215115115115,竄,\n8r-cviiviiv
445343215115445445,竄,\n8r-cviiviiv
445343251113515,窮,\n8/e/cv
445343251141353134,竅,\n8/b2pax
445343251141533134,竅,\n8/b2pax
445343253341,窗,\n8/oO/v\
445343253541,窗,\n8/oO/v\
4453433544,窊,\n8rd\
445343354433544,窳,\n8rd\rd\
44534341251122,窬,\n8a-gll
44534341251155,窬,\n8a-gll
44534341254455,窬,\n8a-gll
4453434134,窆,\n8/\v\
44534341351122,窬,\n8a-gll
44534341351155,窬,\n8a-gll
445343413533344454,邃,\z\n88-e
44534341353334454,邃,\z\n88-e
445343413533344554,邃,\z\n88-e
44534341354455,窬,\n8a-gll
44534341534,窕,\n8a88
4453434251,容,\n8ao
4453434312344544,窸,\n8/8m/v\\ or 𥦓/v\\
4453435,究,\n8/9
445343525,窀,\n8-uv
4453435352,窌,\n8/v/vl
4453435451,窎,\n8niv-
4453435515,窇,\n89Ovc
44534413434,窔,\n8ii8x or 𥥀x
4453441343412,窣,\n8iiaa+
44534414312511,窨,\n8iihb
445344311214444,窯,\n8ht/\\\
44534431234531,窭,\n88my or \n88my
445344313533344454,邃,\z\n88-e
44534431353334454,邃,\z\n88-e
445344313533344554,邃,\z\n88-e
44534441121121,窪,\n8iiitt
445345,穵,\n89
445345113251,窘,\n8cxOo
4453451325252,窟,\n8c/ulu
4453451352252,窟,\n8c/ulu
44534515,穹,\n8cv
4453452252,窋,\n8ulu
4453452354131121,窿,\n8zl9\-at
44534552354131121,窿,\n8zl9\-at
4453455453,窈,\n8⿽vdv/
44535112,穻,\n8-+
44535121,空,\n8--
44535121112343534,窾,\n8+-2w9a
44535121252212511134,竇,\n8+-nhe8
44535121253512511134,竇,\n8+-nhe8
4453512132511154444,鵼,\n8--niv-T
445351344,突,\n8q\
44535134432511154444,鶟,\n8q\niv-T
44535134432511234,竂,\n8q8bw
44535143342511234,竂,\n8q8bw
445351523,穿,\n8v-l/
445351525,窀,\n8-uv
44535154121,窒,\n8-dt
445351553,窃,\n87vi
4453525111,窅,\n8e
4453525111234,窠,\n8bm
4453525111515,窤,\n8b77
4453525111535,窤,\n8b77
4453525111553,窤,\n8b77
4453525113535,窤,\n8b77
4453525115353,窤,\n8b77
44535251225251,窩,\n8nvno
44535252,帘,\n8nl
44535252125251,窩,\n8nvno
4453525252,窋,\n8ulu
4453525525251,窩,\n8nvno
445353112251,窖,\n8163o
44535311252,窑,\n8a+u
4453531211,窄,\n8alii
445353121251,窖,\n8163o
445353215115115115,竄,\n8r-cviiviiv
445353215115445445,竄,\n8r-cviiviiv
445353251113515,窮,\n8/e/cv
445353251141353134,竅,\n8/b2pax
445353251141533134,竅,\n8/b2pax
445353253341,窗,\n8/oO/v\
445353253541,窗,\n8/oO/v\
4453533544,窊,\n8rd\
445353354433544,窳,\n8rd\rd\
44535341251122,窬,\n8a-gll
44535341251155,窬,\n8a-gll
44535341254455,窬,\n8a-gll
4453534134,窆,\n8/\v\
44535341351122,窬,\n8a-gll
44535341351155,窬,\n8a-gll
445353413533344454,邃,\z\n88-e
44535341353334454,邃,\z\n88-e
445353413533344554,邃,\z\n88-e
44535341354455,窬,\n8a-gll
44535341534,窕,\n8a88
4453534312344544,窸,\n8/8m/v\\ or 𥦓/v\\
445353454,窆,\n8/\v\
4453535,究,\n8/9
445353525,窀,\n8-uv
4453535352,窌,\n8/v/vl
4453535515,窇,\n89Ovc
44535413434,窔,\n8ii8x or 𥥀x
4453541343412,窣,\n8iiaa+
44535414312511,窨,\n8iihb
44535415411234,察,\n9i\\v2w
445354251,客,\n9\o
445354251132511134,額,\n9\ore8
445354251132534,额,\n9\ore8
445354311214444,窯,\n8ht/\\\
445354313533344454,邃,\z\n88-e
44535431353334454,邃,\z\n88-e
445354313533344554,邃,\z\n88-e
44535441121121,窪,\n8iiitt
44535445411234,察,\n9i\\v2w
44535455,宛,\n9ivv
4453545522,剜,\n9ivvll
4453545535451,鹓,\n9ivvniv-
445355,穵,\n89
445355113251,窘,\n8cxOo
4453551325252,窟,\n8c/ulu
4453551352252,窟,\n8c/ulu
44535515,穹,\n8cv
4453552252,窋,\n8ulu
4453552354131121,窿,\n8zl9\-at
4453553,究,\n8/9
44535552354131121,窿,\n8zl9\-at
4453555453,窈,\n8⿽vdv/
4454125114554,寝,\niilc-n4
4454143112,宰,\niih+
44544134,实,\n⿽iiq
445454425112,甯,\n/v\\n128
44545443,宓,\n/v\\/
44545443251214,蜜,\n/v\\/od
44545443252,密,\n/v\\/lu
445454435112,甯,\n/v\\n128
44551251,官,\nlcc
445512514454,逭,\z\nlcc
44551251454,逭,\z\nlcc
445512514554,逭,\z\nlcc
445521,字,\nz-
445521311234,寐,\nkim
44552131251251,寤,\nk5o
44552131521251,寤,\nk5o
445531,安,\ny
4455311234,案,\nym
445531132511134,頞,\nyre8
44553132511154444,鴳,\nyniv-T
44553353334333,寥,\ncca///
44554154134333,寥,\ncca///
45111215,诓,4ocOj-
45111234,诔,4o2m
451113124,诪,4oiii/-\
4511212511,请,4oj-g
4511213511,请,4oj-g
45112154,试,4o-vi--
451132,讲,4o-h
451132534,诫,4o-x\h
451132543,诫,4o-x\h
451135124,冠,n--a-\
451152,讳,4oiivl
45115343511,朗,\c-wg
451153452,郞,\c-wzl
4511534552,郞,\c-wzl
4511543511,朗,\c-wg
45115452,郎,\c-wzl
451154552,郎,\c-wzl
45121,讧,4o--
45121121,诖,4ott
45121124,诗,4ot-\
4512121,证,4o-f2
45121251,诘,4o+-o
4512132511,诸,4o/tb
45122111234,谋,4oh--m
45122111345,谌,4oh---v8
4512212511121,谨,4oh-oj-
451221251211354444,䜩,4oh-2l7o/\\\
451221251211534444,䜩,4oh-2l7o/\\\
4512213251,诺,4ohxOo
45122151234,谍,4oh-vm
451222511134,谟,4ohbq
45122415325,谎,4ohiiv-
4512251,诂,4o+o
451225431121344,谳,4o+n8-+q\
451234341,诬,4o--aa
45124,讨,4o-\
4512511,讵,4o--c
451251112,軍,n-v+T
451251112132511134,顐,n-v+Tre8
4512511124454,運,\zn-v+T
451251112454,運,\zn-v+T
4512511124554,運,\zn-v+T
4512512,诃,4o-lo
451251251,语,4o5o
45125221251112,谭,4o-4b+
45125431234,谏,4omo8
4512544134,读,4o+v⿽iiq
4513,户,\c/
45131344,戾,ic/q\
451321112111,扉,\c/3ll3
4513251,启,\c/o
45132511,肩,ic/g
4513251132511154444,鵳,ic/gniv-T
451325122,扁,ic/nh
4513251224454,遍,\zic/nh
451325122454,遍,\zic/nh
4513251224554,遍,\zic/nh
451325122533533,翩,ic/nhcc
451325122541541,翩,ic/nhcc
45132515215,扈,ic/ov2v
451325251,扃,ic/no
451325431121344,谳,4o+n8-+q\
451331112111,扉,\c/3ll3
45133134511112,肇,\c/axc-f
45133134554234,綮,\c/ax⿽vdw
451332411121,雇,\c/a2f-
451332411121132511134,顧,\c/a2f-re8
45133312,所,alalc/alal-ol
45133511,肩,ic/g
4513351132511154444,鵳,ic/gniv-T
45133541,肩,ic/g
4513354132511154444,鵳,ic/gniv-T
45134135,房,ic/2p
45134153,房,ic/2p
45134334,诙,4oxOq
45134412,戽,\c/⿽-lii
451345,讴,4ocOx
4513533533,扇,ic/cc
4513541541,扇,ic/cc
45135534,诚,4orx\v
45135543,诚,4orx\v
4514312,评,4o-+8
45151,写,nv--
451512,军,n-v+
45151235254,皲,n-v+rlx
45151252,郓,n-v+zl
45151253254,皲,n-v+rlx
451512552,郓,n-v+zl
451515,讵,4o--c
451521251,语,4o5o
45152135254,皲,n-v+rlx
45152152,郓,n-v+zl
45152153254,皲,n-v+rlx
451521552,郓,n-v+zl
451523,讶,4ov-l/
45153515352511,谮,4okDkDb
45153532511,谐,4o77/b
45155332511,谐,4o77/b
45211,让,4of-
4521112111,诽,4o3ll3
45215315151,谑,4ofr7⿾c-
4524111253134,禊,2wiiilviq
45241113124,祷,2wiii/-\
45241152,祎,2wiivl
4524121,社,2wt
45241211254444,禡,2wvv-T
4524121251,祮,2w+-o
4524121251431251,禧,2w+-oho
45241212554554,禌,2wh226
452412132511,禇,2w/tb
4524121325114,禇,2w/tb
452412134354,祾,2wt89\
452412135354,祾,2wt89\
452412151211251124,禱,2w+-v---o-\
452412154,祛,2wtd
4524122111234,禖,2wh--m
452412211134,祺,2wh-8--
452412211134121,禥,2wh-8--t
452412251,祜,2w+o
452412251111,禃,2w+n-iii
45241225111134,禛,2w+n-iii8
452412251115,禃,2w+n-iii
45241251124124,禣,2w+\g-\
4524125125121,福,2w-oo+
4524125221121,禋,2w-4t
4524125221251112,禫,2w-4b+
4524125351121,禋,2w-4t
45241311534,祳,2wr2w
452413251111,禃,2w+n-iii
45241325111134,禛,2w+n-iii8
452413251115,禃,2w+n-iii
452413344,祓,2wxO4\
452413425234343434,禰,2w-8nlxxxx
452413544,祓,2wxO4\
45241525111534,禛,2w+n-iii8
45242111254444,禡,2wvv-T
45242112554554,禌,2wh226
45242121,祉,2wf2
4524212511134,禎,2wfe8
4524212534,祯,2wfe8
452425111,祖,2wg-
4524251112134,禔,2wb-fa
4524251112134132511134,禵,2wb-fare8
452425111234,祼,2wbm
45242511134,祦,2w𠃑qo
45242511135,視,2wea
452425112,神,2wbl
4524251125214,禑,2wbnd
452425112554,禑,2wbnd
45242511533533,禢,2wbcc
45242511541541,禢,2wbcc
452425121122134,禩,2wo+h-8
45242512211251431,禮,2wbll-oh
452425122511,祻,2woO+o
4524251225251,禍,2wnvno
4524251251251112,禪,2woob+
45242512534,祸,2wona
452425135,祝,2woa
45242515134,祦,2w𠃑qo
4524252125251,禍,2wnvno
452425221533533,禤,2wnhcc
452425221541541,禤,2wnhcc
45242535,视,2wna
452425525251,禍,2wnvno
45243112251,祰,2w163o
4524311253134,禊,2wiiilviq
452431211,祚,2walii
45243121251,祰,2w163o
45243134,祅,2w/q
452432124,祔,2wa-\
452432511,诮,4owg
452432511312,禆,2w/b/+
45243312,祈,2wrr
45243321531535,禠,2wrfr7a
4524333253134,禊,2wiiilviq
4524334411354,禐,2w/\\/-xO4
452433511,诮,4owg
4524341251,祫,2wa-o
45243412524312511,禬,2wa-247
45243413533344454,禭,2w\z8-e
4524341353334454,禭,2w\z8-e
45243413533344554,禭,2w\z8-e
4524341534,祧,2wa88
4524344311354,禐,2w/\\/-xO4
452434525135,谠,4ownoa
452435,礽,2wv/
4524351355,祪,2w9rvv
45243515,祇,2wrx
452435151,祗,2wrx\
452435154,祗,2wrx\
452435234,祢,2w9w
45243525111534,禛,2w+n-iii8
452435311252,祹,2w9Oa+u
45243554,祋,2w9x
452441251251112213534,禳,2wiioo-h-/w
45244125125251,禞,2wiiono
4524414345252,禘,2wii8nnl
4524431112,祥,2wh128
45244313533344454,禭,2w\z8-e
4524431353334454,禭,2w\z8-e
45244313533344554,禭,2w\z8-e
4524431554554,禌,2wh226
452443251112,禅,2w\\/b+
45244351523,祶,2w8cvl/
4524443251112,禅,2w\\/b+
452445443,祕,2w/v\\/
45245,礼,2wv
452451124134,禄,2w⿼c-l3
45245114554,祲,2wc-n4
452451251,祠,2wv-o
45245125431234,谰,4oinmo8
4524515,祀,2wvc
452452,祁,2wzl
4524525,祂,2wvvl
452453,礽,2wv/
45245325111534,禛,2w+n-iii8
4524533533,祤,2wcc
4524541541,祤,2wcc
4524551,祃,2wvv-
452455124134,祿,2wvv-l3
4524552,祁,2wzl
45251,讯,4ov+
4525111234,课,4obm
452511134,误,4oo-q
452511134252,幂,nbqnl
452511151321212,鼏,nekk
45251115132125,鼏,nekk
4525111521321212,鼏,nekk
452511152132125,鼏,nekk
4525112522154,谩,4obnh4
45251135345,谒,4ob9Ova
4525114134,冥,nbra
452511413452,鄍,nbrazl
4525114134552,鄍,nbrazl
45251212511,谓,4oo+g
452512125151454,谴,4o\zol-lcc
452512134354,谡,4oo+89\
45251213511,谓,4oo+g
452512151251454,谴,4o\zol-lcc
45251251115,谔,4ooo--v
4525134,识,4oo8
4525251,诇,4ono
4525252,诎,4oulu
452534,讷,4ona
4531112111,诽,4o3ll3
453112,许,4oa+
453112251,诰,4o163o
4531211,诈,4oalii
453121251,诰,4o163o
45312135,诜,4o163a
45312251,话,4o/+o
453123435,诱,4o/mv/
453123453,诱,4o/mv/
4531234531,诿,4o/my
453155414,诲,4oavv3
453155441,诲,4oavv3
453212154,诞,4oz\/fv
4532121554,诞,4oz\/fv
4532151134,谀,4or-ca
45321554,诞,4oz\/fv
453215554,诞,4oz\/fv
45322,训,4o/ll
453235,讹,4oav/
453241112132511154444,鶴,na2f-niv-T
453241112135451,鹤,na2f-niv-
45324111214444,谯,4oa2f-/\\\
453251113124,谢,4o/e/-\
453253,讹,4oav/
453312,䜣,4orr
4533124,诉,4orr\
45331251,诟,4or-o
4534112,罕,na-+
45341121,诠,4oaj-
45341234,罙,nam
45341251122,谕,4oa-gll
45341351122,谕,4oa-gll
4534333,诊,4oa///
4534341211121111534,谶,4o⿽-x\aa3ll3-
4534341211121111543,谶,4o⿽-x\aa3ll3-
453435,论,4oa7
45344,议,4ox\
45344311354,谖,4o/\\/-xO4
453443311252,谣,4o/\\/a+u
4534454544,谂,4oaiv/v\\
453453,论,4oa7
453454,讼,4o8d
4535112,罕,na-+
4535112251,调,4onto
4535121251,调,4onto
45351234,罙,nam
453513344111251,谵,4o9r84o
45351355,诡,4o9rvv
4535154,诋,4orx\
4535251354,冤,n9oa\
45352513544,谗,4o9oaii
4535254,诐,4orlx
453531121,诳,4oq\j-
4535321511,谄,4o9r-c
45353532511,谐,4o77/b
453535451,鸩,n/vniv-
4535511,诌,4o9⿼c-
45355112,诤,4o9c-l
453552,邥,n/vzl
453554,设,4o9x
4535552,邥,n/vzl
4541251234,谅,4oiiow
4541251521,谆,4oiioz-
4541343412,谇,4oiiaa+
454135,访,4o2p
45413534251,谘,4oii9ao
45414312511,谙,4oiihb
45414313333,谚,4oii8r///
4541432512251,谪,4oii8n+o
45414345252,谛,4oii8nnl
454143454135,谤,4oii8n2p
454143454153,谤,4oii8n2p
454153,访,4o2p
45415334,该,4oiiv/a
45425125431234,谰,4oinmo8
45431112,详,4oh128
45431224312511,谱,4oh4-b
45431234454,谜,4o\z8m
4543125112253,谫,4ohgllvi
454313425221,谥,4oh8nh
4543135112253,谫,4ohgllvi
454315112234,谦,4ohch8
454325135,说,4o8oa
4543344334,谈,4oqq
45434,议,4ox\
45443,必,/v\\/
4544332511154444,鴓,/v\\/niv-T
4544352,邲,/v\\/zl
45443552,邲,/v\\/zl
4544525111,谊,4o\ng-
4544525112,谉,4o\nbl
45445315,诧,4oin/7
45451325122,谝,4oic/nh
45451512,诨,4on-v+
454544325221,谧,4o𥁑
45512,讯,4ov+
4551251,词,4ov-o
455134,诀,4ovq
45515,记,4ov-v
45521342511,谞,4ovfag
45521343511,谞,4ovfag
4552252,诎,4oulu
4553251,诏,4ovio
45532511,诣,4o7b
4553251354,冤,n9oa\
4553254,诐,4orlx
455331121,诳,4oq\j-
455342511,昶,\vv\/b
45535332511,谐,4o77/b
4554112,译,4o4128
45541541,诩,4occ
4554154134333,谬,4occa///
4554251,诒,4odo
455425112,诵,4odn128
455431134,诶,4odaq
51,刁,v-
511112132511132511325221,衋,c-f-/b-/b/nh
51111254,建,z\c-f
511112554,建,z\c-f
51112125112452,鄩,⿼c---o-\zl
511121251124552,鄩,⿼c---o-\zl
51112132511132511325221,衋,c-f-/b-/b/nh
51112321521512,肅,c+kk-
5111232152151232511154444,鷫,c+kk-niv-T
5111235521512,肅,c+kk-
511123552151232511154444,鷫,c+kk-niv-T
511124,寻,⿼c--\
5112144442511134,賮,𭴘e8
51121444425221,盡,𭴘nh
5112321521512,肅,c+kk-
511232152151232511154444,鷫,c+kk-niv-T
51123243134,粛,c+/8ml
511235521512,肅,c+kk-
51123552151232511154444,鷫,c+kk-niv-T
5112413422,剥,⿼c-l3ll
5112413425221,盝,⿼c-l3nh
51124313432,粛,c+/8ml
5113,尹,cxO
5113251,君,cxOo
5113251132511134,頵,cxOore8
51132512511135,覠,cxOoea
511325152,郡,cxOozl
5113251552,郡,cxOozl
511352,那,224zl
5113552,那,224zl
5114334,灵,⿼c-q
51145252,帚,⿼c-nnl
511534121,垦,c-wt
5115344454,退,\zc-w
511534454,退,\zc-w
5115344544,恳,c-w/v\\
5115344554,退,\zc-w
511541535,既,v⿼c-\rvv
51154153525111,暨,v⿼c-\rvvb-
5115452,即,v⿼c-\vl
5121,丑,c+
5121151544454,遐,\zlc--c4
512115154454,遐,\zlc--c4
5121151544554,遐,\zlc--c4
512152,凹,u㇅-l
51215235,兕,u㇅-la
51221113134,敢,vr3lax
51221113134341511534,饏,vr3laxaicw
51221113134344511534,饏,vr3laxaicw
512211131344544,憨,vr3lax/v\\
512251214251214,蝨,v+odod
5124454,迅,\zv+
512454,迅,\zv+
5124554,迅,\zv+
51251214,虱,v/od
512512511135,覗,v-oea
51311113112,犀,c/l3a+
513111131124454,遲,\zc/l3a+
51311113112454,遲,\zc/l3a+
513111131124554,遲,\zc/l3a+
51311234124,尉,c/2w-\
513112341244334,熨,c/2w-\q
513112341244544,慰,c/2w-\/v\\
5131154,层,c/iid
51312132511,屠,c//tb
5131213251132511154444,鷵,c//tbniv-T
513121325114,屠,c//tb
51312132511432511154444,鷵,c//tbniv-T
51312215,屉,c/h-v
5131221534,展,c/h-v\/
51312251,居,c/+o
5131225122,剧,c/+oll
51315,尼,c/7
5131515,屁,c/77
5131535,屁,c/77
513154121,屋,c/-dt
5131553,屁,c/77
513211113112,犀,c/l3a+
5132111131124454,遲,\zc/l3a+
513211113112454,遲,\zc/l3a+
5132111131124554,遲,\zc/l3a+
5132342511,屑,c/wg
5132343511,屑,c/wg
5132343541,屑,c/wg
513241343112,犀,c/l3a+
5132413431124454,遲,\zc/l3a+
513241343112454,遲,\zc/l3a+
5132413431124554,遲,\zc/l3a+
5132432511,屑,c/wg
5132433511,屑,c/wg
5132433541,屑,c/wg
5132514143112,辟,c/oiih+
51325141431121111251,譬,c/oiih+4o
513251414311211214,璧,c/oiih+-t\
5132514143112121,壁,c/oiih+t
513251414311212154,甓,c/oiih+-vv\
51325141431121234,檗,c/oiih+m
51325141431121554,甓,c/oiih+-vv\
51325141431122511251211511,鼊,c/oiih+orvT
51325141431122511521211511,鼊,c/oiih+orvT
51325141431122512134,躄,c/oiih+ofa
51325141431123112,擘,c/oiih+/j
513251414311234112431,鐾,c/oiih+ajh
513251414311235451,䴙,c/oiih+niv-
51325141431124111251,譬,c/oiih+4o
5132514143112413534,襞,c/oiih+ii/w
51325141431124454,避,\zc/oiih+
5132514143112454,避,\zc/oiih+
51325141431124554,避,\zc/oiih+
513251414311253,劈,c/oiih+vi
5132514143112531,嬖,c/oiih+y
5132514143112554234,繴,c/oiih+⿽vdw
51325222,刷,c/nlll
51325252,屈,c/ulu
5133115,尾,c//-7
513325125214,属,c//ond
51332512554,属,c//ond
5133321254,屐,c/𫹍
51333221212134,屣,c//af2fa
513332312511354,履,c//aab9\
513332431234531,屦,c//a8my
5133535,屁,c/77
51341343112,犀,c/l3a+
513413431124454,遲,\zc/l3a+
51341343112454,遲,\zc/l3a+
513413431124554,遲,\zc/l3a+
513425111,昼,c/\b-
513425134,咫,c/\o8
513431112431113431112,羼,c/h128h128h128
513431132,屏,c/8-h
513431234,屎,c/8m
513431234531,屡,c/8my
513432511154444,鴂,vqniv-T
513444,尽,c/\ii
5135212512,屙,c/zl-lo
513521521521,孱,c/z-z-z-
51352252,屈,c/ulu
5135251,局,c/vo
5135353,屁,c/77
51355212512,屙,c/zl-lo
5151211251211251211,疆,cvt-o+-o+-
515122111,弭,cvr3l
515124,导,\z8-/e-\
515132,异,vch
515132511515,弼,cv-/bcv
51515,民,vc-v
5151531344544,愍,vc-vax/v\\
515251251214,强,cvood
5152512512141111251,謽,cvood4o
5152512512143112,犟,cvooda+
5152512512144111251,謽,cvood4o
51531234,弥,cv9w
5153154,张,cvv-\/ or v-/\
51532,弗,/lcv
515322511134,費,/lcve8
515322534,费,/lcve8
51532355215,艴,/lcv9v2v
51532535215,艴,/lcv9v2v
5153351533,弱,cviicvii
515335153332511154444,鶸,cviicviiniv-T
51533544,弧,cvrd\
51535234,弥,cv9w
5154151541,弱,cviicvii
515415154132511154444,鶸,cviicviiniv-T
51541554,弦,cvii⿽vd
515431234515,粥,cv8mcv
5154312345151251253512,鬻,cv8mcv-onhl
5154312345151251254312,鬻,cv8mcv-onhl
51543251112,弹,cv8b+
5154544,忌,v-v/v\\
515454432511154444,鵋,v-v/v\\niv-T
515515122134,巽,vcvch-8
5155151221344454,選,\zvcvch-8
515515122134454,選,\zvcvch-8
5155151221344554,選,\zvcvch-8
51552,邔,v-vzl
515525,弛,cvvvl
51554,弘,cvd
515542512141111251,謽,cvood4o
515542512143112,犟,cvooda+
515542512144111251,謽,cvood4o
515552,邔,v-vzl
5211,丑,c+
52111534,承,vziii\/
5211234,际,zl2w
5211252,陆,zliilu
52112521111132522,孺,z--nl4rnll
52112524134132522,孺,z--nl4rnll
52112524444132522,孺,z--nl4rnll
521132,阱,zl-h
521135,阮,zl--a
52114521111132522,孺,z--nl4rnll
52114524134132522,孺,z--nl4rnll
52114524444132522,孺,z--nl4rnll
52121154325,疏,vf2ii228
521212134,陡,zltfa
5212132511,陼,zl/tb
52121325114,陼,zl/tb
5212134121,陸,zlt8t
5212134354,陵,zlt89\
5212135121,陸,zlt8t
5212135354,陵,zlt89\
521214154325,疏,vf2ii228
5212211154,陬,zlr3l4
521234,孙,z-w
521234454,逊,\zz-w
521251112,陣,zl-v+T
5212511234,陳,zlmb
521251124,陠,zl+\g
521251152121252212511134,韥,co+v+-nhe8
521251152121253512511134,韥,co+v+-nhe8
52125115213344,韍,co+vxO4\
52125115213544,韍,co+vxO4\
5212511523251113412,韟,co+v/bq+
5212511524454,違,\zco+v
521251152451251112,韗,co+vn-v+T
521251152454,違,\zco+v
5212511524554,違,\zco+v
521251152534,韌,co+vvi\
5212512,阿,zl-lo
521251253512,隔,zl-onhl
521251254312,隔,zl-onhl
52125221,孟,z-nh
52125221121,陻,zl-4t
5212522153,勐,z-nhv/
52125345,陋,zlv-na
52125351121,陻,zl-4t
521311534,陙,zlr2w
5213121134,奘,k+-q
52131212511,隋,zlxO--g
52131212511342344,隳,zlxO--ga/v\\\
52131213511,隋,zlxO--g
52131213511342344,隳,zlxO--ga/v\\\
52131213541,隋,zlxO--g
52131213541342344,隳,zlxO--ga/v\\\
5213121413534,裝,k+-ii/w
5213134,孜,z-ax
52131534,戕,k-x\
52131543,戕,k-x\
521325111,眉,c/le
52132511121,堕,zlxgt
52132511135451,鹛,c/leniv-
52132511152,郿,c/lezl
521325111552,郿,c/lezl
52132511454,随,zl\zxg
52133511121,堕,zlxgt
52133511454,随,zl\zxg
52133544,孤,z-rd\
521342511,胥,vfag
52134251214,蛋,vfaod
521343511,胥,vfag
521343541,胥,vfag
52135,阢,zl-a
5213534,陇,zlk2
521355,阨,zlrvv
52135515,孢,z-9Ovc
52135542344454,遜,\zz-/⿽vdw
5213554234454,遜,\zz-/⿽vdw
52135542344554,遜,\zz-/⿽vdw
521415334,孩,z-iiv/a
52143134,陕,zlqh
521512,阵,zl-v+
5215135,阸,zl\c/9
521515121,陛,zl77t
52151532511,階,zl77/b
5215154325,疏,vf2ii228
52152,凹,u㇅-l
5215234,陈,zl-vw
5215235,兕,u㇅-la
521535121,陛,zl77t
52153532511,階,zl77/b
52154154325,疏,vf2ii228
521553121,陛,zl77t
52155332511,階,zl77/b
522121,阯,zlf2
522121233,陟,zlf2/l/
522121233551,骘,zlf2/l/vv-
5221251,阽,zlfo
5221251214,蚩,ul-od
522342511,陗,zlwg
522342511234,隙,zl𡭴
522343511,陗,zlwg
522343541,陗,zlwg
522432511,陗,zlwg
522433511,陗,zlwg
522433541,陗,zlwg
522511,阳,zlb
5225111,阻,zlg-
52251112134,隄,zlb-fa
52251113533,陽,zlb-9O//
52251125214,隅,zlbnd
5225112554,隅,zlbnd
5225115545544444,隰,zlb226/\\\
52251211534,隈,zlo+-v\/
52251212511134,隤,zlol-e8
522512534,陨,zloe8
52251541,亟,zo4-
52252,出,ulu
5225211234,祟,ulu2w
52252431234,粜,ulu8m
52312,阡,zl/+
5231211,阼,zlalii
52312121211,陲,zl/+--h
5231212211,陲,zl/+--h
52312211211,陲,zl/+--h
5231251214,蚩,ul-od
523132121,陞,zl𡉼
523134,收,vlax
5231525,陁,zlavvl
5232124,附,zla-\
5232411121,陮,zla2f-
52325111121,隍,zl/bj-
5232511154444,隝,zlniv-T
5232511312,陴,zl/b/+
52325113554,隗,zl/o+ad
523251213554,隗,zl/o+ad
523253431234134,隩,zl/n/8mq
52325431234134,隩,zl/n/8mq
523312121,陞,zl𡉼
5233251514143112251214,蠥,ul/lcciih+od
5233251514143112431234,糱,ul/lcciih+8m
5233441215114544,隱,zl𪺍--/v\\
5233515,阸,zl\c/9
523354,阪,zlr4
5234,队,zla
523411234,除,zla-m
5234121,坠,zlat
52341211154,隂,zlaliii-d
52341251122,隃,zla-gll
52341251155,隃,zla-gll
523412512513434,險,zla-ooaa
52341254455,隃,zla-gll
523413425221,隘,zlh8nh
52341351122,隃,zla-gll
52341351155,隃,zla-gll
52341353334,隊,zl8-e
523413533344454,隧,zl\z8-e
52341353334454,隧,zl\z8-e
523413533344554,隧,zl\z8-e
52341354455,隃,zla-gll
523414431,险,zla-\\/-
5234151154,陰,zlaiviid
52342111154,隂,zlaliii-d
523432,阶,zla/l
5234431215114544,隱,zl𪺍--/v\\
5234451154,陰,zlaiviid
523511,阴,zlg
523522523522,茻,u/ulu/ul
5235254,陂,zlrlx
5235311252,陶,zl9Oa+u
5235321511,陷,zl9r-c
523535121,陛,zl77t
52353532511,階,zl77/b
52354131121,隆,zl9\-at
52354152,降,zl9\+v
5235415411234,際,zl9i\\v2w
5235445411234,際,zl9i\\v2w
52355114544,隐,zl9⿼c-/v\\
52413452,函,u-v88
5241431251,陪,zliiho
5241431251112,障,zliihb+
524153,防,zl2p
52415334,陔,zliiv/a
524313425221,隘,zlh8nh
52431353334,隊,zl8-e
524313533344454,隧,zl\z8-e
52431353334454,隧,zl\z8-e
524313533344554,隧,zl\z8-e
524451135,院,zl\n--a
5244535,陀,zl\n7
5244553,陀,zl\n7
5245135,阸,zl\c/9
52454,辽,\zz
525,也,vvl
52511534,限,zlc-w
525132514143112,隦,zlc/oiih+
52525,阤,zlvvl
5253254,陂,zlrlx
525341,丞,vl3-
52534155,卺,vl3-vv
525353121,陛,zl77t
52535332511,階,zl77/b
5254121,陉,zlv\--
52543341251431,隥,zlv\//\-oh
52544331251431,隥,zlv\//\-oh
5254454,迆,\zvvl
525454,迆,\zvvl
5254554,迆,\zvvl
531111251,訄,/94o
5311121,妊,y/+-
53111212511,婧,yj-g
53111212521,婧,yj-g
53111213511,婧,yj-g
53111213534,婊,yj-/w
5311122125121,媾,y-h-nt
531121121,娃,ytt
531121211254444,嫣,y-f2v-/\\\
53112121154444,嫣,y-f2v-/\\\
53112122511134,嫫,yhbq
531121251431251,嬉,y+-oho
531121335,姥,y/t7
531121353,姥,y/t7
531122111234,媒,yh--m
5311222511134,嫫,yhbq
531122431,娅,y-4-
53112251,姑,y+o
5311225125,姬,ycOlol
53112431252511,嫱,yt8oOo
53112512343134,嫩,ymoax
53112521111123425111,孀,y-nl4me
53112522111234,嫖,y-42w
53112524134123425111,孀,y-nl4me
53112524444123425111,孀,y-nl4me
5311254,妓,y+4
5311311534,娠,yr2w
5311345,妪,ycOx
53114521111123425111,孀,y-nl4me
53114524134123425111,孀,y-nl4me
53114524444123425111,孀,y-nl4me
53115112134,婕,y-c-fa
531151225,姬,ycOlol
5311513,妒,y\c/
531151534,姨,yqcv
531153135,娆,y/-v-a
5311535,妣,y77
5311553,妣,y77
53121122511134,嫫,yhbq
53121434,姒,yv\a
5312343,妙,yl8 or /l\/
53123432411121,雑,/9ma2f-
531235451,鸨,7+niv-
53124345251252,嫦,ywnonl
5312451234,娴,yinm
5312511121,娌,yo+t
53125112511,娼,ybb
531251125221,媪,ybnh
5312512115,娉,ynt-v
53125121554234,嫘,yo+⿽vdw
5312512511,娟,yog
53125132511154444,鴽,yoniv-T
531251341,姻,yoOq
5312513511,娟,yog
5312513541,娟,yog
5312514544,恕,yo/v\\
531251554234,絮,yo⿽vdw
53125251,姗,ynn-
53131121,姓,yat
531311234,姝,y/im
53131133112,姘,y8-h
5313121,妊,y/+-
5313121534,娥,y/fx\
5313121543,娥,y/fx\
5313134,妖,y/q
531313432,娇,y/q/l
5313211511254,嫂,yalalh-oiiaa2f-oll3
531321511254,嫂,yalalh-oiiaa2f-oll3
5313251114544,媳,y/e/v\\
53132511312,婢,y/b/+
53132523,姊,y/vl/
5313253411515,媲,y/oOx77
5313253411535,媲,y/oOx77
5313253411553,媲,y/oOx77
5313253413535,媲,y/oOx77
5313253415353,媲,y/oOx77
5313315112234,嫌,yhch8
531334411354,媛,y/\\/-xO4
5313351,妒,y\c/
5313415,妗,yaiv
531341534,姚,ya88
531344311354,媛,y/\\/-xO4
5313443451354,嫒,y/\\/nxO4
5313445,妗,yaiv
53135,奶,yv/
53135152511,婚,yrxb
5313523,姊,y/vl/
5313525135,娩,y9oa
5313535,妣,y77
53135351,姗,ynn-
531412514512,婷,yiion-l
5314125251125111,嬗,yiioOob-
53141312341234354,嬷,y\rmm/d
53141312351235354,嬷,y\rmm/d
5314134131134,嫉,y\r2aq
531413434,姣,yii8x
53141431251112,嫜,yiihb+
53141432512251,嫡,yii8n+o
5314153,妨,y2p
5314251234,娴,yinm
531431132,姘,y8-h
5314315112234,嫌,yhch8
53143251112,婵,y8b+
5314351523,娣,y8cvl/
5314354,妫,y⿽\v/\
5314451353334,嫁,y\n-e
53144525112,婶,y\nbl
531445315,姹,yin/7
5314453212134,嫔,y\nrr-8
53144535455,婉,y\n9ivv
5314511534,娘,y\c-w
5314513,妒,y\c/
531511,妇,y⿼c-
531511352,娜,y224zl
5315113552,娜,y224zl
5315121,妞,yc+
53151315,妮,yc/7
5315133115,娓,yc//-7
53151335,妮,yc/7
53151353,妮,yc/7
531515,妃,yv-v
531521,好,yz-
5315211,妞,yc+
5315212512,婀,yzl-lo
531521325111,媚,yc/le
531521342511,婿,yvfag
531521343511,婿,yvfag
531521343541,婿,yvfag
5315221251214,媸,yul-od
5315231251214,媸,yul-od
531525,她,yvvl
53153,奶,yv/
5315325135,娩,y9oa
5315353,妣,y77
53154,奴,y4
5315413251,砮,y4ro
53154251,始,ydo
53154252,帑,y4nl
53154253434,胬,y4g
5315434,姒,yv\a
531544544,怒,y4/v\\
53154515,弩,y4cv
5315452,妤,ydz
53154521,孥,y4z-
5315453,努,y4v/
53154551,驽,y4vv-
531551,妈,yvv-
53155212512,婀,yzl-lo
53155414,姆,yvv3
53155441,姆,yvv3
53234,尕,v/w
532511134,負,9e8
532511151321212,鼐,v/ekk
53251115132125,鼐,v/ekk
5325111521321212,鼐,v/ekk
532511152132125,鼐,v/ekk
5325111534,眞,7ve8
532511211254444,駕,v/ovv-T
532511234,架,v/om
5325112512,哿,v/o-lo
53251132511154444,鴲,7bniv-T
532512111254444,駕,v/ovv-T
53251214,虱,v/od
532512511134,賀,v/oe8
532512534,贺,v/oe8
53251354,兔,9oa\
532513544454,逸,\z9oa\
53251354454,逸,\z9oa\
532513544554,逸,\z9oa\
532513553,勉,9oav/
53251413534,袈,v/oii/w
5325153,劭,viov/
53251551,驾,v/ovv-
53251552,邵,viozl
532534132534,颍,7l3re8
53254132511134,頗,rlxre8
53254132534,颇,rlxre8
5331111251,狺,q\4o
533112,犴,q\-+
5331121,狂,q\j-
53311212511,猜,q\j-g
53311212521,猜,q\j-g
533112132511154444,鵟,q\j-niv-T
53311213511,猜,q\j-g
53311214454,逛,\zq\j-
5331121454,逛,\zq\j-
53311214554,逛,\zq\j-
5331134511112,肄,7aqc-f
53311345452134,疑,7aqdvfa
533121225121,猫,q\ho+
533121225125132411121,獾,q\hooa2f-
5331212513234,猿,q\to/w
5331212513534,猿,q\to/w
53312132511,猪,q\/tb
533121325111234,橥,q\/tbm
533121325114,猪,q\/tb
5331213251141234,橥,q\/tbm
53312212511,猎,q\h-b
533122125125132411121,獾,q\hooa2f-
53312225121,猫,q\ho+
53312225125132411121,獾,q\hooa2f-
533122513511,猢,q\+og
533122513541,猢,q\+og
5331234132534,颖,7/mre8
533123425111,猹,q\mb-
5331251234352534,獭,q\mo9e8
53313412512,猗,q\q-lo
533134315233534,獗,q\rhul9a
533134432511234,獠,q\q8bw
5331354,犹,q\k\
533143134,狭,q\qh
533143342511234,獠,q\q8bw
5331515121,狴,q\77t
5331535121,狴,q\77t
5331553121,狴,q\77t
533211225121,猫,q\ho+
533211225125132411121,獾,q\hooa2f-
533231252,狮,q\ll-ni
5332511121,狸,q\o+t
53325111234,猓,q\bm
53325112,狎,q\bi
53325112511,猖,q\bb
533251131121,猩,q\bat
533251211534,猥,q\o+-v\/
533251212511,猬,q\o+g
533251213511,猬,q\o+g
533251213541,猬,q\o+g
533251214,独,q\od
5332512452511,猾,q\nvng
5332512453511,猾,q\nvng
5332512453541,猾,q\nvng
5332512511,狷,q\og
5332513511,狷,q\og
5332513541,狷,q\og
5332521452511,猾,q\nvng
5332521453511,猾,q\nvng
5332521453541,猾,q\nvng
53325221354,猡,q\nh9i
5332534,狈,q\e8
533255452511,猾,q\nvng
533255453511,猾,q\nvng
533255453541,猾,q\nvng
5333123422,猁,q\/mll
53332151135,猊,q\r-ca
533325131134,猴,q\av-aq
53333544,狐,q\rd\
53334112251,猞,q\a-+o
5333411234,狳,q\a-m
533341154,狯,q\aiid
5333414431,猃,q\a-\\/-
53335,犰,q\/9
53335251,狗,q\9Oo
5333535112533112,獬,q\9ntvia+
5333535121,狴,q\77t
5333535121533112,獬,q\9ntvia+
533355112,狰,q\9c-l
53335515,狍,q\9Ovc
5334111251,狺,q\4o
533413,犷,q\\r
533413434,狡,q\ii8x
53341343412,猝,q\iiaa+
53341431251112,獐,q\iihb+
53341431251135,獍,q\iihba
5334334,狄,q\q
53343344454,逖,\zq\q
5334334454,逖,\zq\q
53343344554,逖,\zq\q
53344512,狞,q\\n-l
533445124,狩,q\\n-\
5334511534,狼,q\\c-w
533451344,狱,q\4oq\
533511534,狠,q\c-w
5335121,狃,q\c+
53351532,狒,q\/lcv
53351535234,猕,q\cv9w
5335211,狃,q\c+
533521234,狲,q\z-w
53352125221,猛,q\z-nh
533521325111,猸,q\c/le
53353,犰,q\/9
533533132,羿,cch
533533132511134,頨,ccre8
5335331343434,翜,ccqaa
5335332512,翀,ccol
53353325121122134,翼,cco+h-8
53353331134,翐,cc/iia
53353332411121,翟,cca2f-
533533324111211534,戳,cca2f--x\
533533324111211543,戳,cca2f--x\
53353332511,習,cc/b
533533325111135,翫,cc/b--a
533533325131134,翭,ccav-aq
53353334333132511134,顟,cca///re8
533533343331534,戮,cca///-x\
533533343331543,戮,cca///-x\
5335333453,翂,cc8vi
5335333512,翆,cc/9+
53353335251,翑,cc9Oo
5335334125125251,翯,cciiono
53353341343412,翠,cciiaa+
53353341431531,翣,cciihy
533533451251112,翬,ccn-v+T
5335335312,翆,cc/9+
5335353121,狴,q\77t
5335434354,狻,q\t89\
5335435,狁,q\da
5335435354,狻,q\t89\
5335451,鸠,/9niv-
533545231234,猱,q\dz/m
53355,犯,q\vv
533551,犸,q\vv-
534111251,訄,/94o
53431325111,馗,/98-/e
534334132534,颎,7qre8
5344544,忍,vi\/v\\
53521,孕,v/z-
535312,毕,77+
5353135435,毙,77-9i7
5353135453,毙,77-9i7
535332511,皆,77/b
5353431234,粊,778m
535345443,毖,77/v\\/
535353251214544,勰,v/v/v/o+/v\\
535425221,盈,v/4nh
5354252211534,戤,v/4nh-x\
5354252211543,戤,v/4nh-x\
53544,发,v/4\
541,习,vii
54121,圣,4t
54121132534,颈,v\--re8
5412122,刭,v\--ll
541214154325,巯,v\--ii228
54121454,迳,\zv\--
5412153,劲,v\--v/
54124,对,4-\
541244544,怼,4-\/v\\
54132,弁,dh
54134111,叁,dqiii
541341251112,軬,dq-v+T
5413425121,畚,dqo+
54134333,参,dq///
541343333115,毵,dq////-7
541534,戏,4-x\
541541132,羿,cch
541541132511134,頨,ccre8
5415411343434,翜,ccqaa
5415412512,翀,ccol
54154125121122134,翼,cco+h-8
54154131134,翐,cc/iia
54154132411121,翟,cca2f-
541541324111211534,戳,cca2f--x\
541541324111211543,戳,cca2f--x\
54154132511,習,cc/b
541541325111135,翫,cc/b--a
541541325131134,翭,ccav-aq
54154134333132511134,顟,cca///re8
541541343331534,戮,cca///-x\
541541343331543,戮,cca///-x\
5415413433335451,鹨,cca///niv-
5415413453,翂,cc8vi
5415413512,翆,cc/9+
54154135251,翑,cc9Oo
5415414125125251,翯,cciiono
54154141343412,翠,cciiaa+
54154141431531,翣,cciihy
541541451251112,翬,ccn-v+T
541541451512,翚,ccn-v+
5415415312,翆,cc/9+
541543,戏,4-x\
54251,台,do
5425111515,能,dg77
5425111515251214,螚,dg77od
54251115154444,熊,dg77/\\\
5425112,甬,dn128
54251124454,通,\zdn128
5425112454,通,\zdn128
54251124544,恿,dn128/v\\
54251124554,通,\zdn128
5425113535,能,dg77
5425113535251214,螚,dg77od
54251135354444,熊,dg77/\\\
5425115353,能,dg77
5425115353251214,螚,dg77od
54251153534444,熊,dg77/\\\
542514334,炱,doq
542514454,迨,\zdo
54251454,迨,\zdo
542514544,怠,do/v\\
542514554,迨,\zdo
5425152,邰,dozl
54251552,邰,dozl
542534,贠,de8
542535,观,4na
543112,牟,da+
54311232511154444,鴾,da+niv-T
5431134,矣,daq
5432411121,难,4a2f-
543341134,癸,v\//\-q
543341251431,登,v\//\-oh
54334125143135,凳,v\//\-oh/v
5433412514314454,邆,\zv\//\-oh
543341251431454,邆,\zv\//\-oh
5433412514314554,邆,\zv\//\-oh
54334125143152,鄧,v\//\-ohzl
543341251431552,鄧,v\//\-ohzl
5434,以,v\a
543435435254,皴,d89\rlx
54343544454,逡,\zd89\
5434354454,逡,\zd89\
54343544554,逡,\zd89\
543435453254,皴,d89\rlx
5435,允,da
5435111515,能,dg77
5435111515251214,螚,dg77od
54351115154444,熊,dg77/\\\
5435113535,能,dg77
5435113535251214,螚,dg77od
54351135354444,熊,dg77/\\\
5435115353,能,dg77
5435115353251214,螚,dg77od
54351153534444,熊,dg77/\\\
543534,欢,49a
543535435254,皴,d89\rlx
54353544454,逡,\zd89\
5435354454,逡,\zd89\
54353544554,逡,\zd89\
543535453254,皴,d89\rlx
5435411515,能,dg77
5435411515251214,螚,dg77od
54354115154444,熊,dg77/\\\
5435413535,能,dg77
5435413535251214,螚,dg77od
54354135354444,熊,dg77/\\\
5435415353,能,dg77
5435415353251214,螚,dg77od
54354153534444,熊,dg77/\\\
5435451,鸡,4niv-
544,叉,4\
544134,买,v⿽iiq
544251214,蚤,\4\od
544331134,癸,v\//\-q
544331251431,登,v\//\-oh
54433125143135,凳,v\//\-oh/v
5443312514314454,邆,\zv\//\-oh
544331251431454,邆,\zv\//\-oh
5443312514314554,邆,\zv\//\-oh
54433125143152,鄧,v\//\-ohzl
544331251431552,鄧,v\//\-ohzl
5444251214,蚤,\4\od
54511534,艰,4c-w
5452132511134,預,dzre8
5452132534,预,dzre8
54523,矛,dz/
545231234,柔,dz/m
54523123412344544,懋,mmdz//v\\
545232342511,矟,dz/wg
545232343511,矟,dz/wg
545232343541,矟,dz/wg
545232432511,矟,dz/wg
545232433511,矟,dz/wg
545232433541,矟,dz/wg
5452325111251113241112154,矡,dz/eea2f-4
54523251214251214,蟊,dz/odod
545233134122125112,鞪,dz/axh-o+
54523313425111,瞀,dz/axe
545233134251214,蝥,dz/axod
54523313432511154444,鶩,dz/axniv-T
54523313434112431,鍪,dz/axajh
54523313435451,鹜,dz/axniv-
545233134531,婺,dz/axy
545233134551,骛,dz/axvv-
545233415,矜,dz/aiv
5452334152,矝,dz/aid
5452334154,矝,dz/aid
545233445,矜,dz/aiv
5452334454,矝,dz/aid
545235251353334,豫,dz9oe
5452352521353334,豫,dz9oe
5452352534353334,豫,dz9oe
5453,劝,4v/
545454121,垒,dddt
5454541234132534,颡,444mre8
5454544525111,叠,444ng-
545454554234,絫,ddd⿽vdw
54552,邓,4zl
551111352,绑,vd3iiilzl
5511113552,绑,vd3iiilzl
551112,纡,vv--+
55111212534,绩,vd3j-e8
551113534,绒,vd3-x\xO
551113543,绒,vd3-x\xO
5511152,纬,vd3iivl
55111534,线,vd3-x\-
55111543,线,vd3-x\-
551121,红,vv---
551121251,结,vd3+-o
551121251132534,缬,vd3+-ore8
55112132511,绪,vd3/tb
55112134354,绫,vd3t89\
55112211,绀,vd3h--
55112211134,骐,vv-h-8--
55112211154323334,骤,vv-r3l4a//\/
551122125112,缂,vv-h-o+
55112215,绁,vd3h-v
5511224312511,缙,vd3-4-b
5511225111134,缜,vd3+n-iii8
551123425111,缃,vd3me
551124,纣,vd3-\
5511251124124,缚,vd3+\g-\
5511251134,绠,vd3-bx
5511251211251211,缰,vd3-o+-o+-
5511254254,骊,vv--n\n\
55112544134,续,vd3+v⿽iiq
5511311534124,缛,vd3r2w-\
551131251534,缄,vd3rx\-o
551131251543,缄,vd3rx\-o
5511325111134,缜,vd3+n-iii8
551132522111,缅,vd3roll2
551134,驮,vv-q
551134115,绔,vd3q--v
551134432511234,缭,vd3q8bw
5511345,驱,vv-cOx
5511354,纮,vd3xOd
55113544,绂,vd3xO4\
551143342511234,缭,vd3q8bw
5511525,纯,vd3-uv
5511535,纰,vv-77
551154121,绖,vd3-dt
5511553,纰,vv-77
55115534,练,vd3v-v8
5512113525121122134,骥,vv-2l7o+h-8
5512115325121122134,骥,vv-2l7o+h-8
55121251112,绰,vd3fb+
551223142535,缆,vd3lla\na
55122511134,貫,vv+e8
55122534,贯,vv+e8
5512343,纱,vd3l8 or /l\/
5512413425221,盝,⿼c-l3nh
551241344454,逯,\z⿼c-l3
55124134454,逯,\z⿼c-l3
551241344554,逯,\z⿼c-l3
5512432511,绡,vd3wg
55124325251,绱,vd3wno
5512433511,绡,vd3wg
55125111234,骒,vv-bm
551251112343,缈,vd3el8 or /l\/
55125111535,绲,vd3b77
55125111553,绲,vd3b77
55125112,绅,vv-bl
551251122111,缉,vd3or3l
551251125221,缊,vd3bnh
55125112522154,缦,vd3bnh4
55125113535,绲,vd3b77
55125115353,绲,vd3b77
5512512115,骋,vv-nt-v
5512512125151454,缱,vd3\zol-lcc
551251212534,缋,vd3ol-e8
551251214544,缌,vd3o+/v\\
5512512151251454,缱,vd3\zol-lcc
5512512511,绢,vd3og
55125125115,绳,vd3obv
5512512512511234,缲,vd3ooom
5512513511,绢,vd3og
5512522112513534,缳,vd3nh--o/w
55125252,绌,vd3ulu
55125342534531,缨,vd3e8e8y
55125351,驷,vv-o8
551311341515,彘,vv-7aq7
551311341535,彘,vv-7aq7
551311341553,彘,vv-7aq7
551311343535,彘,vv-7aq7
551311345353,彘,vv-7aq7
551311352,绑,vd3iiilzl
5513113552,绑,vd3iiilzl
551312,纤,vd3/+
5513121,纴,vd3/+-
55131212211,缍,vd3/+--h
5513121353121352534,缵,vd3163a163ae8
5513123435,绣,vd3/mv/
5513123453,绣,vd3/mv/
551313432,骄,vv-/q/l
551315,纥,vd3a9
551321113554,缎,vd3liiii9x
55132124,驸,vv-a-\
551321251134,缏,vd3a-bx
551323512,骅,vv-av/+
55132511252,绵,vd3/bnl
5513251141353134,缴,vd3/b2pax
5513251141533134,缴,vd3/b2pax
551325131134,缑,vd3av-aq
551325151454,缒,vd3\z/lcc
551325312,骅,vv-av/+
55132535414544,骢,vv-/oO/v\/v\\
551332112,绗,vd3/a--l
551341154,绘,vd3aiid
551341251,给,vd3a-o
5513414431,验,vv-a-\\/-
5513434251,绤,vd38ao
5513435,纶,vd3a7
551344311354,缓,vd3/\\/-xO4
55134434554,绶,vd3/\\/n4
5513443531,绥,vd3/\\/y
55135112251,绸,vd3nto
55135113511,绷,vd3gg
55135121251,绸,vd3nto
5513515,纸,vv-rx
5513525,纯,vd3-uv
55135251,驹,vv-9Oo
551352511,绚,vd39Ob
551353334,彖,vv-e
551353334251214251214,蠡,vv-eodod
55135333425221,盠,vv-enh
5513535,纰,vv-77
5513541112454,缝,vd3T\z9\iiil
5513541234,绦,vd39\m
551354152,绛,vd39\+v
55135424251,绺,vd39\fo
55135444,终,vd39\ii
5513545325121,骝,vv-/v\vio+
551355215,绝,vv-9v2v
5513554,级,vv-za
55141121,驻,vv-\j-
5514125113534,缞,vd3ii/wo-
5514125125251,缟,vd3iiono
551413,纩,vd3\r
5514132511121,缠,vd3\ro+t8t
551413434,绞,vd3ii8x
55141345225214,缡,vd3iiuxnd
5514134522554,缡,vd3iiuxnd
5514135,纺,vv-2p
5514143112,骍,vv-iih+
551414345252,缔,vd3ii8nnl
5514153,纺,vv-2p
551415334,骇,vv-iiv/a
551415435,统,vd3-da
551431112431251,缮,vd3h128ho
55143112,绊,vd38128
551431121431251,缮,vd3h128ho
551431132,骈,vv-8-h
55143113455,绻,vd38iiavv
5514312345,继,vd3v8m
551431234531,缕,vd38my
551431234554234132,彝,vv-8m⿽vdwh
5514313425221,缢,vd3h8nh
5514315112234,缣,vd3hch8
551432524312511,缯,vd38247
5514351523,绨,vd38cvl/
5514451,纻,vd3\n-
55144512134,绽,vd3\n-fa
55144525151,绾,vd3\nlcc
5514453212134,缤,vd3\nrr-8
55144532132511,缩,vd3\na-/b
55144535,驼,vv-T\n7
55144551251,绾,vd3\nlcc
55144553,驼,vv-T\n7
5514513,驴,vv-\c/
5514513541541,骟,vv-ic/cc
55151123234,骕,vv-c+8/l
5515114554,骎,vv-c-n4
5515121,纽,vd3c+
551515,纪,vd3v-v
551515152511,缗,vd3vc-vb
55151532,绋,vd3/lcv
55152,纠,vd3vl
5515211,纽,vd3c+
55152252,绌,vd3ulu
551525,驰,vv-vvl
55153251,绍,vd3vio
5515353,纰,vv-77
55154,驭,vv-4
55154121,经,vd3v\--
55154134333,骖,vv-dq///
55154154134333,缪,vd3cca///
551543341134,骙,vv-v\//\-q
5515434354,骏,vv-d89\
551544251214,骚,vv-\4\od
551544331134,骙,vv-v\//\-q
5515452,纾,vd3dz
55154545454,缀,vd3xO4xO4
551551353334,缘,vd3vv-e
55211234,际,zl2w
55211252,陆,zliilu
5521132,阱,zl-h
5521135,阮,zl--a
5521212134,陡,zltfa
55212132511,陼,zl/tb
552121325114,陼,zl/tb
55212134121,陸,zlt8t
55212134354,陵,zlt89\
55212135121,陸,zlt8t
55212135354,陵,zlt89\
55212211154,陬,zlr3l4
5521251112,陣,zl-v+T
55212511134,貫,vv+e8
55212511234,陳,zlmb
5521251124,陠,zl+\g
55212512,阿,zl-lo
5521251253512,隔,zl-onhl
5521251254312,隔,zl-onhl
552125221121,陻,zl-4t
552125345,陋,zlv-na
552125351121,陻,zl-4t
5521311534,陙,zlr2w
552131212511,隋,zlxO--g
552131212511342344,隳,zlxO--ga/v\\\
552131213511,隋,zlxO--g
552131213511342344,隳,zlxO--ga/v\\\
552131213541,隋,zlxO--g
552131213541342344,隳,zlxO--ga/v\\\
552132511121,堕,zlxgt
552132511454,随,zl\zxg
552133511121,堕,zlxgt
552133511454,随,zl\zxg
552135,阢,zl-a
55213534,陇,zlk2
5521355,阨,zlrvv
552143134,陕,zlqh
5521512,阵,zl-v+
55215135,阸,zl\c/9
5521515121,陛,zl77t
552151532511,階,zl77/b
55215234,陈,zl-vw
5521535121,陛,zl77t
552153532511,階,zl77/b
5521553121,陛,zl77t
552155332511,階,zl77/b
5522121,阯,zlf2
5522121233,陟,zlf2/l/
5522121233551,骘,zlf2/l/vv-
55221251,阽,zlfo
5522342511,陗,zlwg
5522342511234,隙,zl𡭴
5522343511,陗,zlwg
5522343541,陗,zlwg
5522432511,陗,zlwg
5522433511,陗,zlwg
5522433541,陗,zlwg
5522511,阳,zlb
55225111,阻,zlg-
552251112134,隄,zlb-fa
552251113533,陽,zlb-9O//
552251125214,隅,zlbnd
55225112554,隅,zlbnd
55225115545544444,隰,zlb226/\\\
552251211534,隈,zlo+-v\/
552251212511134,隤,zlol-e8
5522512534,陨,zloe8
552312,阡,zl/+
55231211,阼,zlalii
552312121211,陲,zl/+--h
55231212211,陲,zl/+--h
552312211211,陲,zl/+--h
5523132121,陞,zl𡉼
55231525,陁,zlavvl
55232124,附,zla-\
55232411121,陮,zla2f-
552325111121,隍,zl/bj-
55232511154444,隝,zlniv-T
55232511312,陴,zl/b/+
552325113554,隗,zl/o+ad
5523251213554,隗,zl/o+ad
5523253431234134,隩,zl/n/8mq
552325431234134,隩,zl/n/8mq
5523312121,陞,zl𡉼
55233441215114544,隱,zl𪺍--/v\\
55233515,阸,zl\c/9
5523354,阪,zlr4
55234,队,zla
5523411234,除,zla-m
55234121,坠,zlat
552341211154,隂,zlaliii-d
552341251122,隃,zla-gll
552341251155,隃,zla-gll
5523412512513434,險,zla-ooaa
552341254455,隃,zla-gll
5523413425221,隘,zlh8nh
552341351122,隃,zla-gll
552341351155,隃,zla-gll
552341353334,隊,zl8-e
5523413533344454,隧,zl\z8-e
552341353334454,隧,zl\z8-e
5523413533344554,隧,zl\z8-e
552341354455,隃,zla-gll
5523414431,险,zla-\\/-
55234151154,陰,zlaiviid
552342111154,隂,zlaliii-d
5523432,阶,zla/l
55234431215114544,隱,zl𪺍--/v\\
55234451154,陰,zlaiviid
5523511,阴,zlg
55235254,陂,zlrlx
55235311252,陶,zl9Oa+u
55235321511,陷,zl9r-c
5523535121,陛,zl77t
552353532511,階,zl77/b
552354131121,隆,zl9\-at
552354152,降,zl9\+v
55235415411234,際,zl9i\\v2w
55235445411234,際,zl9i\\v2w
552355114544,隐,zl9⿼c-/v\\
5524,书,vvl\
55241431251,陪,zliiho
55241431251112,障,zliihb+
5524153,防,zl2p
552415334,陔,zliiv/a
5524313425221,隘,zlh8nh
552431353334,隊,zl8-e
5524313533344454,隧,zl\z8-e
552431353334454,隧,zl\z8-e
5524313533344554,隧,zl\z8-e
5524451135,院,zl\n--a
55244535,陀,zl\n7
55244553,陀,zl\n7
55245135,阸,zl\c/9
552511534,限,zlc-w
5525132514143112,隦,zlc/oiih+
552525,阤,zlvvl
55253254,陂,zlrlx
5525353121,陛,zl77t
552535332511,階,zl77/b
55254121,陉,zlv\--
552543341251431,隥,zlv\//\-oh
552544331251431,隥,zlv\//\-oh
553,乡,vv/
553325111152414312511,響,vv/\c-wzliihb
5533251111552414312511,響,vv/\c-wzliihb
553325111552414312511,響,vv/\c-wzliihb
5533251115552414312511,響,vv/\c-wzliihb
553325113552414312511,響,vv/\c-wzliihb
5533251135552414312511,響,vv/\c-wzliihb
553325115352414312511,響,vv/\c-wzliihb
5533251153552414312511,響,vv/\c-wzliihb
553344511534,飨,vv/aicw
55345115452,鄉,vv/\c-wzl
55345115452414312511,響,vv/\c-wzliihb
553451154552,鄉,vv/\c-wzl
553451154552414312511,響,vv/\c-wzliihb
5535115452414312511,響,vv/\c-wzliihb
55351154552414312511,響,vv/\c-wzliihb
5542341121,紝,vd3T/+-
55423411212511134,績,vd3Tj-e8
554234113411342511134,纉,vd3Tiiaiiae8
554234113543,絨,vd3T-x\xO
554234121,紅,vd3T--
554234121121121135,繞,vd3Tttt-a
554234121235411124454,纄,vd3Th\z9\iiil
55423412123541112454,纄,vd3Th\z9\iiil
554234121235411124554,纄,vd3Th\z9\iiil
554234121251,結,vd3T+-o
554234121252212511134,續,vd3T+-nhe8
554234121253512511134,續,vd3T+-nhe8
55423412132511,緒,vd3T/tb
5542341214311124454,繨,vd3T\zqh128
554234121431112454,繨,vd3T\zqh128
5542341214311124554,繨,vd3T\zqh128
55423412211,紺,vd3Th--
55423412211154,緅,vd3Tr3l4
554234122125113134,繖,vd3Th-gax
554234122135113134,繖,vd3Th-gax
554234122135413134,繖,vd3Th-gax
55423412235411124454,纄,vd3Th\z9\iiil
5542341223541112454,纄,vd3Th\z9\iiil
55423412235411124554,纄,vd3Th\z9\iiil
55423412341234,綝,vd3Tmm
554234123425111,緗,vd3Tme
5542341234341252511,繬,vd3TtaaoOo
554234124,紂,vd3T-\
5542341241344,絿,vd3T-l3\
5542341245521,綍,vd3T+nz-
554234125111,絙,vd3T-b-
554234125112144544,繐,vd3T-bl-\/v\\
5542341251234,綀,vd3Tmo
554234125211111154,繧,vd3T-nl4iid
55423412521111132522,繻,vd3T-nl4rnll
55423412522111234,縹,vd3T-42w
554234125241341154,繧,vd3T-nl4iid
55423412524134132522,繻,vd3T-nl4rnll
554234125244441154,繧,vd3T-nl4iid
55423412524444132522,繻,vd3T-nl4rnll
554234125431234,練,vd3Tmo8
5542341325111214444121,纒,vd3Tro+t/\\\t
554234132522134,緛,vd3Trnllq
5542341343434,綊,vd3Tqaa
554234134432511234,繚,vd3Tq8bw
554234135534,絾,vd3Trx\v
554234135543,絾,vd3Trx\v
554234143342511234,繚,vd3Tq8bw
554234145211111154,繧,vd3T-nl4iid
55423414521111132522,繻,vd3T-nl4rnll
554234145241341154,繧,vd3T-nl4iid
55423414524134132522,繻,vd3T-nl4rnll
554234145244441154,繧,vd3T-nl4iid
55423414524444132522,繻,vd3T-nl4rnll
55423415131344,綟,vd3Tic/q\
554234151325122,編,vd3Tic/nh
5542341525,純,vd3T-uv
5542341541213134,緻,vd3T-dtax
554234154121354,緻,vd3T-dtax
55423415435,統,vd3T-da
55423421112111,緋,vd3T3ll3
554234211235411124454,纄,vd3Th\z9\iiil
55423421123541112454,纄,vd3Th\z9\iiil
554234211235411124554,纄,vd3Th\z9\iiil
5542342153152512125221,纑,vd3Tfr7o+nh
5542342343,紗,vd3Tl8 or /l\/
554234244125111,縆,vd3T/v\\-b-
55423425111212112,縪,vd3To+h-+
554234251112134,緹,vd3Tb-fa
55423425111234,綶,vd3Tbm
554234251112343,緲,vd3Tel8 or /l\/
55423425111341534,繉,vd3Tea88
55423425111515,緄,vd3Tb77
55423425111535,緄,vd3Tb77
55423425111553,緄,vd3Tb77
55423425112,紳,vd3Tbl
55423425112112112,縪,vd3To+h-+
554234251122111,緝,vd3Tor3l
554234251125113511,繝,vd3TinTg
5542342511251211511,繩,vd3TorvT
55423425112512531,縷,vd3To-oly
554234251125221,緼,vd3Tbnh
55423425113535,緄,vd3Tb77
5542342511521211511,繩,vd3TorvT
554234251153,絏,vd3T曳
55423425115353,緄,vd3Tb77
55423425121122112,縪,vd3To+h-+
554234251214544,緦,vd3To+/v\\
554234251225251,緺,vd3Tnvno
5542342512341,綑,vd3ToOm
5542342512511,絹,vd3Tog
5542342512511134,縜,vd3Toe8
554234251251251112,繟,vd3Toob+
5542342513251,絽,vd3Too
55423425134,紻,vd3Tnq
554234251341,絪,vd3ToOq
5542342513511,絹,vd3Tog
5542342513541,絹,vd3Tog
554234252125251,緺,vd3Tnvno
5542342522112513234,繯,vd3Tnh--o/w
5542342522112513534,繯,vd3Tnh--o/w
55423425232411121,繀,vd3Tlua2f-
55423425235113511,繃,vd3Tlugg
55423425235443544,繃,vd3Tlugg
55423425251,絅,vd3Tno
5542342534125221,縕,vd3ToOanh
55423425431252,綱,vd3Tnhlu
55423425431415,網,vd3Tnhiiv
55423425525251,緺,vd3Tnvno
55423431112111,緋,vd3T3ll3
55423431134,紩,vd3T/iia
5542343121,紝,vd3T/+-
5542343121353121352511134,纘,vd3T163a163ae8
554234312154,綎,vd3Tz\/t
5542343121554,綎,vd3Tz\/t
55423431234531,緌,vd3T/my
554234313425125251,繑,vd3T/qono
554234315,紇,vd3Ta9
55423431525,絁,vd3Tavvl
554234321113554,緞,vd3Tliiii9x
554234321121,絍,vd3Ta/+-
5542343212154,綖,vd3Tz\/fv
55423432121554,綖,vd3Tz\/fv
554234321251134,緶,vd3Ta-bx
554234321554,綖,vd3Tz\/fv
5542343215554,綖,vd3Tz\/fv
554234322,紃,vd3T/ll
55423432224314311134,纀,vd3Ta4-hiia
554234323121,絍,vd3Ta/+-
55423432411121,維,vd3Ta2f-
55423432511252,綿,vd3T/bnl
554234325112534,線,vd3T/bl3
55423432511312,綼,vd3T/b/+
5542343251141353134,繳,vd3T/b2pax
5542343251141533134,繳,vd3T/b2pax
554234325131134,緱,vd3Tav-aq
5542343251514454,縋,vd3T\z/lcc
554234325151454,縋,vd3T\z/lcc
5542343251514554,縋,vd3T\z/lcc
55423432533414544,總,vd3T/oO/v\/v\\
55423432534134354,繌,vd3T243
55423432534135354,繌,vd3T243
55423432535414544,總,vd3T/oO/v\/v\\
5542343312,紤,vd3Trr
55423433234342134,縱,vd3T/aaafa
554234334411354,緩,vd3T/\\/-xO4
55423433441234,綵,vd3T/\\/m
5542343344521,綒,vd3T/\\/z-
5542343344531,綏,vd3T/\\/y
55423433511344,綟,vd3Tic/q\
554234335125122,編,vd3Tic/nh
55423434112,絆,vd3T8128
554234341121,絟,vd3Taj-
554234341251,給,vd3Ta-o
554234341251122,緰,vd3Ta-gll
554234341251155,緰,vd3Ta-gll
554234341253511124,繜,vd3T8-4--\
554234341254455,緰,vd3Ta-gll
5542343413252,絺,vd3TxxOnl
554234341351122,緰,vd3Ta-gll
554234341351155,緰,vd3Ta-gll
5542343413533344454,繸,vd3T\z8-e
554234341353334454,繸,vd3T\z8-e
5542343413533344554,繸,vd3T\z8-e
554234341354455,緰,vd3Ta-gll
554234342524312511,繒,vd3T8247
554234343123425121,繙,vd3T/8mo+
55423434333,紾,vd3Ta///
55423434341211121111534,纖,vd3T⿽-x\aa3ll3-
55423434341211121111543,纖,vd3T⿽-x\aa3ll3-
554234344311354,緩,vd3T/\\/-xO4
55423434431234,綵,vd3T/\\/m
5542343443521,綒,vd3T/\\/z-
5542343443531,綏,vd3T/\\/y
5542343443533,絼,vd3T/2/q\
5542343453,紛,vd3T8vi
554234351,約,vd3T9O\
5542343512,紣,vd3T/9+
5542343515,紙,vd3Trx
55423435152511,緍,vd3Trxb
5542343525,純,vd3T-uv
55423435251151535251354,纔,vd3T9o779oa\
55423435251153535251354,纔,vd3T9o779oa\
55423435251155335251354,纔,vd3T9o779oa\
55423435251353535251354,纔,vd3T9o779oa\
55423435251535335251354,纔,vd3T9o779oa\
55423435411124454,縫,vd3T\z9\iiil
5542343541112454,縫,vd3T\z9\iiil
55423435411124554,縫,vd3T\z9\iiil
554234354152,絳,vd3T9\+v
55423435415411234,縩,vd3T9i\\v2w
55423435424251,綹,vd3T9\fo
554234354251,絡,vd3T9\o
55423435434251,綹,vd3T9\fo
55423435441,終,vd3T9\ii
55423435444,終,vd3T9\ii
55423435445411234,縩,vd3T9i\\v2w
5542343551131344444,繺,vd3T9⿼c-ax/\\\
554234355215,絶,vd3T9v2v
5542343554,級,vd3Tza
55423441251234,綡,vd3Tiiow
55423441251251112213534,纕,vd3Tiioo-h-/w
5542344125125251,縞,vd3Tiiono
5542344125135,綂,vd3T𠑽
554234413251112134121,纏,vd3T\ro+t8t
554234413251112135121,纏,vd3T\ro+t8t
5542344134,紋,vd3Tiix
554234413434,絞,vd3Tii8x
55423441353152134,縼,vd3T2pavfa
554234414312511534,織,vd3Tiihb-x\
554234414312511543,織,vd3Tiihb-x\
55423441432533543112,纃,vd3Tiivi8l/v\/iil
55423441432533543211,纃,vd3Tiivi8l/v\/iil
554234414345252,締,vd3Tii8nnl
55423441533152134,縼,vd3T2pavfa
554234415435,統,vd3T-da
55423441554,絃,vd3Tii⿽vd
55423441554413412,繂,vd3Tii⿽vd88+
554234424125111,縆,vd3T/v\\-b-
554234431112431251,繕,vd3Th128ho
55423443112,絆,vd3T8128
554234431121431251,繕,vd3Th128ho
554234431253511124,繜,vd3T8-4--\
5542344313533344454,繸,vd3T\z8-e
554234431353334454,繸,vd3T\z8-e
5542344313533344554,繸,vd3T\z8-e
554234432514544,縂,vd3T8𢗀
554234432524312511,繒,vd3T8247
5542344351523,綈,vd3T8cvl/
5542344412,紏,vd3T⿽-lii
554234442125111,縆,vd3T/v\\-b-
55423444511234,綜,vd3T\n2w
5542344451135,綄,vd3T\n--a
55423444512,紵,vd3T\n-l
55423444512512134,縯,vd3T\n-nt8
55423444532132511,縮,vd3T\na-/b
5542344454143112,縡,vd3T\niih+
554234451251112,緷,vd3Tn-v+T
55423445131344,綟,vd3Tic/q\
554234451325122,編,vd3Tic/nh
5542345,糺,vd3Tv
554234511121251211,繣,vd3Tc+-𱰥
554234511353334,縁,vd3T⿼c-e
5542345114554,綅,vd3Tc-n4
5542345121,紐,vd3Tc+
554234515,紀,vd3Tv-v
554234515152511,緡,vd3Tvc-vb
5542345152,紖,vd3Tcvl
55423451554,紭,vd3Tcvd
5542345211,紐,vd3Tc+
554234521251152,緯,vd3Tco+v
5542345312,紣,vd3T/9+
55423453251,紹,vd3Tvio
55423453353334333,繆,vd3Tcca///
554234535215,絕,vd3Tvivcl
55423454154134333,繆,vd3Tcca///
5542345452,紓,vd3Tdz
55423454545434333,縿,vd3Tddda///
55423454545454,綴,vd3TxO4xO4
55423455124134,綠,vd3Tvv-l3
554234551353334,緣,vd3Tvv-e
554234554234,絲,vd3T⿽vdw
55423455423432511154444,鷥,vd3T⿽vdwniv-T
55423455455415545545,繼,vd3Tv226v226
55423455455455545545,繼,vd3Tv226v226
5544441121,紝,vd3T/+-
55444411212511134,績,vd3Tj-e8
554444113411342511134,纉,vd3Tiiaiiae8
554444113543,絨,vd3T-x\xO
554444121,紅,vd3T--
554444121121121135,繞,vd3Tttt-a
554444121235411124454,纄,vd3Th\z9\iiil
55444412123541112454,纄,vd3Th\z9\iiil
554444121235411124554,纄,vd3Th\z9\iiil
554444121251,結,vd3T+-o
554444121252212511134,續,vd3T+-nhe8
554444121253512511134,續,vd3T+-nhe8
55444412132511,緒,vd3T/tb
5544441214311124454,繨,vd3T\zqh128
554444121431112454,繨,vd3T\zqh128
5544441214311124554,繨,vd3T\zqh128
55444412211,紺,vd3Th--
55444412211154,緅,vd3Tr3l4
554444122125113134,繖,vd3Th-gax
554444122135113134,繖,vd3Th-gax
554444122135413134,繖,vd3Th-gax
55444412235411124454,纄,vd3Th\z9\iiil
5544441223541112454,纄,vd3Th\z9\iiil
55444412235411124554,纄,vd3Th\z9\iiil
55444412341234,綝,vd3Tmm
554444123425111,緗,vd3Tme
5544441234341252511,繬,vd3TtaaoOo
554444124,紂,vd3T-\
5544441241344,絿,vd3T-l3\
5544441245521,綍,vd3T+nz-
554444125111,絙,vd3T-b-
554444125112144544,繐,vd3T-bl-\/v\\
5544441251234,綀,vd3Tmo
554444125211111154,繧,vd3T-nl4iid
55444412521111132522,繻,vd3T-nl4rnll
55444412522111234,縹,vd3T-42w
554444125241341154,繧,vd3T-nl4iid
55444412524134132522,繻,vd3T-nl4rnll
554444125244441154,繧,vd3T-nl4iid
55444412524444132522,繻,vd3T-nl4rnll
554444125431234,練,vd3Tmo8
5544441325111214444121,纒,vd3Tro+t/\\\t
554444132522134,緛,vd3Trnllq
5544441343434,綊,vd3Tqaa
554444134432511234,繚,vd3Tq8bw
554444135534,絾,vd3Trx\v
554444135543,絾,vd3Trx\v
554444143342511234,繚,vd3Tq8bw
554444145211111154,繧,vd3T-nl4iid
55444414521111132522,繻,vd3T-nl4rnll
554444145241341154,繧,vd3T-nl4iid
55444414524134132522,繻,vd3T-nl4rnll
554444145244441154,繧,vd3T-nl4iid
55444414524444132522,繻,vd3T-nl4rnll
55444415131344,綟,vd3Tic/q\
554444151325122,編,vd3Tic/nh
5544441525,純,vd3T-uv
5544441541213134,緻,vd3T-dtax
554444154121354,緻,vd3T-dtax
55444415435,統,vd3T-da
55444421112111,緋,vd3T3ll3
554444211235411124454,纄,vd3Th\z9\iiil
55444421123541112454,纄,vd3Th\z9\iiil
554444211235411124554,纄,vd3Th\z9\iiil
5544442153152512125221,纑,vd3Tfr7o+nh
5544442343,紗,vd3Tl8 or /l\/
554444244125111,縆,vd3T/v\\-b-
55444425111212112,縪,vd3To+h-+
554444251112134,緹,vd3Tb-fa
55444425111234,綶,vd3Tbm
554444251112343,緲,vd3Tel8 or /l\/
55444425111341534,繉,vd3Tea88
55444425111515,緄,vd3Tb77
55444425111535,緄,vd3Tb77
55444425111553,緄,vd3Tb77
55444425112,紳,vd3Tbl
55444425112112112,縪,vd3To+h-+
554444251122111,緝,vd3Tor3l
554444251125113511,繝,vd3TinTg
5544442511251211511,繩,vd3TorvT
55444425112512531,縷,vd3To-oly
554444251125221,緼,vd3Tbnh
55444425113535,緄,vd3Tb77
5544442511521211511,繩,vd3TorvT
554444251153,絏,vd3T曳
55444425115353,緄,vd3Tb77
55444425121122112,縪,vd3To+h-+
554444251214544,緦,vd3To+/v\\
554444251225251,緺,vd3Tnvno
5544442512341,綑,vd3ToOm
5544442512511,絹,vd3Tog
5544442512511134,縜,vd3Toe8
554444251251251112,繟,vd3Toob+
5544442513251,絽,vd3Too
55444425134,紻,vd3Tnq
554444251341,絪,vd3ToOq
5544442513511,絹,vd3Tog
5544442513541,絹,vd3Tog
554444252125251,緺,vd3Tnvno
5544442522112513234,繯,vd3Tnh--o/w
5544442522112513534,繯,vd3Tnh--o/w
55444425232411121,繀,vd3Tlua2f-
55444425235113511,繃,vd3Tlugg
55444425235443544,繃,vd3Tlugg
55444425251,絅,vd3Tno
5544442534125221,縕,vd3ToOanh
55444425431252,綱,vd3Tnhlu
55444425431415,網,vd3Tnhiiv
55444425525251,緺,vd3Tnvno
55444431112111,緋,vd3T3ll3
55444431134,紩,vd3T/iia
5544443121,紝,vd3T/+-
5544443121353121352511134,纘,vd3T163a163ae8
554444312154,綎,vd3Tz\/t
5544443121554,綎,vd3Tz\/t
55444431234531,緌,vd3T/my
554444313425125251,繑,vd3T/qono
554444315,紇,vd3Ta9
55444431525,絁,vd3Tavvl
554444321113554,緞,vd3Tliiii9x
554444321121,絍,vd3Ta/+-
5544443212154,綖,vd3Tz\/fv
55444432121554,綖,vd3Tz\/fv
554444321251134,緶,vd3Ta-bx
554444321554,綖,vd3Tz\/fv
5544443215554,綖,vd3Tz\/fv
554444322,紃,vd3T/ll
55444432224314311134,纀,vd3Ta4-hiia
554444323121,絍,vd3Ta/+-
55444432411121,維,vd3Ta2f-
55444432511252,綿,vd3T/bnl
554444325112534,線,vd3T/bl3
55444432511312,綼,vd3T/b/+
5544443251141353134,繳,vd3T/b2pax
5544443251141533134,繳,vd3T/b2pax
554444325131134,緱,vd3Tav-aq
5544443251514454,縋,vd3T\z/lcc
554444325151454,縋,vd3T\z/lcc
5544443251514554,縋,vd3T\z/lcc
55444432533414544,總,vd3T/oO/v\/v\\
55444432534134354,繌,vd3T243
55444432534135354,繌,vd3T243
55444432535414544,總,vd3T/oO/v\/v\\
5544443312,紤,vd3Trr
55444433234342134,縱,vd3T/aaafa
554444334411354,緩,vd3T/\\/-xO4
55444433441234,綵,vd3T/\\/m
5544443344521,綒,vd3T/\\/z-
5544443344531,綏,vd3T/\\/y
55444433511344,綟,vd3Tic/q\
554444335125122,編,vd3Tic/nh
55444434112,絆,vd3T8128
554444341121,絟,vd3Taj-
554444341251,給,vd3Ta-o
554444341251122,緰,vd3Ta-gll
554444341251155,緰,vd3Ta-gll
554444341253511124,繜,vd3T8-4--\
554444341254455,緰,vd3Ta-gll
5544443413252,絺,vd3TxxOnl
554444341351122,緰,vd3Ta-gll
554444341351155,緰,vd3Ta-gll
5544443413533344454,繸,vd3T\z8-e
554444341353334454,繸,vd3T\z8-e
5544443413533344554,繸,vd3T\z8-e
554444341354455,緰,vd3Ta-gll
554444342524312511,繒,vd3T8247
554444343123425121,繙,vd3T/8mo+
55444434333,紾,vd3Ta///
55444434341211121111534,纖,vd3T⿽-x\aa3ll3-
55444434341211121111543,纖,vd3T⿽-x\aa3ll3-
554444344311354,緩,vd3T/\\/-xO4
55444434431234,綵,vd3T/\\/m
5544443443521,綒,vd3T/\\/z-
5544443443531,綏,vd3T/\\/y
5544443443533,絼,vd3T/2/q\
5544443453,紛,vd3T8vi
554444351,約,vd3T9O\
5544443512,紣,vd3T/9+
5544443515,紙,vd3Trx
55444435152511,緍,vd3Trxb
5544443525,純,vd3T-uv
55444435251151535251354,纔,vd3T9o779oa\
55444435251153535251354,纔,vd3T9o779oa\
55444435251155335251354,纔,vd3T9o779oa\
55444435251353535251354,纔,vd3T9o779oa\
55444435251535335251354,纔,vd3T9o779oa\
55444435411124454,縫,vd3T\z9\iiil
5544443541112454,縫,vd3T\z9\iiil
55444435411124554,縫,vd3T\z9\iiil
554444354152,絳,vd3T9\+v
55444435415411234,縩,vd3T9i\\v2w
55444435424251,綹,vd3T9\fo
554444354251,絡,vd3T9\o
55444435434251,綹,vd3T9\fo
55444435441,終,vd3T9\ii
55444435444,終,vd3T9\ii
55444435445411234,縩,vd3T9i\\v2w
5544443551131344444,繺,vd3T9⿼c-ax/\\\
554444355215,絶,vd3T9v2v
5544443554,級,vd3Tza
55444441251234,綡,vd3Tiiow
55444441251251112213534,纕,vd3Tiioo-h-/w
5544444125125251,縞,vd3Tiiono
5544444125135,綂,vd3T𠑽
554444413251112134121,纏,vd3T\ro+t8t
554444413251112135121,纏,vd3T\ro+t8t
5544444134,紋,vd3Tiix
554444413434,絞,vd3Tii8x
55444441353152134,縼,vd3T2pavfa
554444414312511534,織,vd3Tiihb-x\
554444414312511543,織,vd3Tiihb-x\
55444441432533543112,纃,vd3Tiivi8l/v\/iil
55444441432533543211,纃,vd3Tiivi8l/v\/iil
554444414345252,締,vd3Tii8nnl
55444441533152134,縼,vd3T2pavfa
554444415435,統,vd3T-da
55444441554,絃,vd3Tii⿽vd
55444441554413412,繂,vd3Tii⿽vd88+
554444424125111,縆,vd3T/v\\-b-
554444431112431251,繕,vd3Th128ho
55444443112,絆,vd3T8128
554444431121431251,繕,vd3Th128ho
554444431253511124,繜,vd3T8-4--\
5544444313533344454,繸,vd3T\z8-e
554444431353334454,繸,vd3T\z8-e
5544444313533344554,繸,vd3T\z8-e
554444432514544,縂,vd3T8𢗀
554444432524312511,繒,vd3T8247
5544444351523,綈,vd3T8cvl/
5544444412,紏,vd3T⿽-lii
554444442125111,縆,vd3T/v\\-b-
55444444511234,綜,vd3T\n2w
5544444451135,綄,vd3T\n--a
55444444512,紵,vd3T\n-l
55444444512512134,縯,vd3T\n-nt8
55444444532132511,縮,vd3T\na-/b
5544444454143112,縡,vd3T\niih+
554444451251112,緷,vd3Tn-v+T
55444445131344,綟,vd3Tic/q\
554444451325122,編,vd3Tic/nh
5544445,糺,vd3Tv
554444511121251211,繣,vd3Tc+-𱰥
554444511353334,縁,vd3T⿼c-e
5544445114554,綅,vd3Tc-n4
5544445121,紐,vd3Tc+
554444515,紀,vd3Tv-v
554444515152511,緡,vd3Tvc-vb
5544445152,紖,vd3Tcvl
55444451554,紭,vd3Tcvd
5544445211,紐,vd3Tc+
554444521251152,緯,vd3Tco+v
5544445312,紣,vd3T/9+
55444453251,紹,vd3Tvio
55444453353334333,繆,vd3Tcca///
554444535215,絕,vd3Tvivcl
55444454154134333,繆,vd3Tcca///
5544445452,紓,vd3Tdz
55444454545434333,縿,vd3Tddda///
55444454545454,綴,vd3TxO4xO4
55444455124134,綠,vd3Tvv-l3
554444551353334,緣,vd3Tvv-e
554444554234,絲,vd3T⿽vdw
55444455423432511154444,鷥,vd3T⿽vdwniv-T
55444455455415545545,繼,vd3Tv226v226
55444455455455545545,繼,vd3Tv226v226
5545332511154444,鴢,⿽vdv/niv-T
554554125121534,畿,-226-x\aao+
554554125121543,畿,-226-x\aao+
55551,丝,vvvv-
5555135451,鸶,vvvv-niv-
